stock_id,close,volume,prev_close,pct_change,date
00400A,15.51,27827686,15.66,-0.9578544061302682,2026-09-29
00401A,14.21,7543890,14.280000000000001,-0.49019607843137253,2026-09-29
00402A,9.94,1904311,10.03,-0.897308075772682,2026-09-29
00403A,10.7,114515969,10.879999999999999,-1.6544117647058825,2026-09-29
00404A,9.79,9243482,9.86,-0.7099391480730224,2026-09-29
00405A,9.25,39732866,9.39,-1.4909478168264112,2026-09-29
00406A,9.85,667138285,10.0,-1.5,2026-09-29
00407A,10.02,28803246,10.16,-1.377952755905512,2026-09-29
00408A,10.44,729320,10.549999999999999,-1.042654028436019,2026-09-29
00409A,9.96,17961043,10.15,-1.87192118226601,2026-09-29
00410A,12.37,2192426,12.399999999999999,-0.24193548387096775,2026-09-29
0050,111.3,110505674,112.39999999999999,-0.9786476868327404,2026-09-29
0051,146.9,51182,148.15,-0.8437394532568343,2026-09-29
0052,64.95,13497237,65.4,-0.6880733944954128,2026-09-29
0053,250.8,182328,253.3,-0.9869719699960521,2026-09-29
0055,49.21,1008809,49.54,-0.6661283811061769,2026-09-29
0056,56.55,37937287,56.65,-0.176522506619594,2026-09-29
0057,331.75,36296,333.5,-0.5247376311844079,2026-09-29
0061,23.34,300497,24.1,-3.1535269709543567,2026-09-29
006203,202.05,5621,203.20000000000002,-0.5659448818897638,2026-09-29
006204,237.2,33986,238.45,-0.5242189138184106,2026-09-29
006205,39.2,412878,39.82,-1.55700652938222,2026-09-29
006206,36.63,320640,37.21,-1.5587207739854876,2026-09-29
006207,31.04,618589,31.7,-2.082018927444795,2026-09-29
006208,255.2,3048438,256.84999999999997,-0.6423982869379016,2026-09-29
00631L,38.28,114394888,38.870000000000005,-1.5178801131978388,2026-09-29
00632R,9.57,84288708,9.49,0.8429926238145415,2026-09-29
00633L,43.92,4533197,46.440000000000005,-5.426356589147286,2026-09-29
00634R,3.27,363099,3.18,2.830188679245283,2026-09-29
00635U,42.64,7799076,44.26,-3.6601897876186174,2026-09-29
00636,26.47,798462,27.099999999999998,-2.3247232472324724,2026-09-29
00636K,8.2,300,8.629999999999999,-4.9826187717265356,2026-09-29
00637L,18.17,32467511,19.19,-5.315268368942157,2026-09-29
00638R,6.96,334200,6.8,2.3529411764705883,2026-09-29
00639,15.2,1196846,15.78,-3.67553865652725,2026-09-29
00640L,105.95,83022,107.5,-1.4418604651162792,2026-09-29
00641R,3.71,637000,3.67,1.08991825613079,2026-09-29
00642U,32.42,1631307,31.46,3.0514939605848697,2026-09-29
00643,17.2,3751384,17.77,-3.2076533483398983,2026-09-29
00643K,3.74,30000,3.74,0.0,2026-09-29
00645,57.3,593253,57.849999999999994,-0.9507346585998272,2026-09-29
00646,76.9,3892041,77.15,-0.3240440699935191,2026-09-29
00647L,137.2,26327,138.1,-0.6517016654598118,2026-09-29
00648R,3.94,111010,3.91,0.7672634271099743,2026-09-29
00650L,15.92,1390932,16.2,-1.7283950617283952,2026-09-29
00651R,5.36,240248,5.3100000000000005,0.9416195856873822,2026-09-29
00652,31.34,340570,31.89,-1.724678582627783,2026-09-29
00653L,40.82,1040002,42.88,-4.80410447761194,2026-09-29
00654R,7.14,112216,7.01,1.8544935805991443,2026-09-29
00655L,30.54,2236795,32.32,-5.507425742574258,2026-09-29
00656R,6.15,56736,5.98,2.842809364548495,2026-09-29
00657,76.8,455707,77.8,-1.2853470437017995,2026-09-29
00657K,24.11,200,24.31,-0.8227067050596464,2026-09-29
00660,46.2,6198,45.78,0.9174311926605503,2026-09-29
00661,84.3,429420,84.89999999999999,-0.7067137809187279,2026-09-29
00662,123.25,4070950,124.25,-0.8048289738430584,2026-09-29
00663L,110.45,4069264,112.55,-1.8658374055975122,2026-09-29
00664R,1.54,9789294,1.53,0.6535947712418301,2026-09-29
00665L,8.79,10216958,8.95,-1.787709497206704,2026-09-29
00666R,9.38,20000,9.25,1.4054054054054055,2026-09-29
00668,59.9,26017,59.9,0.0,2026-09-29
00668K,18.84,200,19.01,-0.8942661756970015,2026-09-29
00669R,5.38,105000,5.39,-0.1855287569573284,2026-09-29
00670L,207.0,458779,211.0,-1.8957345971563981,2026-09-29
00671R,2.38,11458435,2.36,0.847457627118644,2026-09-29
00673R,10.39,29178000,10.690000000000001,-2.806361085126286,2026-09-29
00674R,29.6,172607,28.540000000000003,3.7140854940434473,2026-09-29
00675L,334.0,617583,340.5,-1.908957415565345,2026-09-29
00676R,5.29,2762867,5.23,1.1472275334608029,2026-09-29
00678,43.43,276507,42.87,1.3062747842313975,2026-09-29
00680L,5.84,35781090,6.12,-4.575163398692811,2026-09-29
00681R,22.86,650090,22.31,2.465262214253698,2026-09-29
00682U,20.79,22000,20.849999999999998,-0.28776978417266186,2026-09-29
00683L,22.16,153905,22.09,0.3168854685378,2026-09-29
00684R,14.81,17330,14.89,-0.5372733378106112,2026-09-29
00685L,12.64,171560342,12.870000000000001,-1.7871017871017871,2026-09-29
00686R,0.95,4432666,0.9299999999999999,2.1505376344086025,2026-09-29
00688L,5.8,19581016,6.09,-4.761904761904762,2026-09-29
00689R,23.86,103300,23.34,2.227934875749786,2026-09-29
00690,81.7,543555,83.65,-2.3311416616855944,2026-09-29
00692,95.9,749212,96.7,-0.8273009307135472,2026-09-29
00693U,23.42,2135567,24.080000000000002,-2.740863787375415,2026-09-29
00700,16.85,136868,16.96,-0.6485849056603773,2026-09-29
00701,41.42,334023,41.6,-0.43269230769230765,2026-09-29
00702,23.43,108872,23.56,-0.5517826825127335,2026-09-29
00703,18.73,24103,18.94,-1.1087645195353748,2026-09-29
00706L,19.28,1066142,19.16,0.6263048016701461,2026-09-29
00708L,70.9,12042832,76.55000000000001,-7.380796864794252,2026-09-29
00709,39.56,26111,39.42,0.3551496702181634,2026-09-29
00710B,18.66,214408,18.73,-0.37373198077949815,2026-09-29
00711B,14.78,140867,15.18,-2.6350461133069834,2026-09-29
00712,7.56,140675204,7.819999999999999,-3.324808184143223,2026-09-29
00713,62.9,9362562,63.199999999999996,-0.4746835443037975,2026-09-29
00714,20.62,107097,20.78,-0.7699711260827719,2026-09-29
00715L,67.9,4362758,64.7,4.945904173106646,2026-09-29
00717,14.49,62988,14.540000000000001,-0.34387895460797796,2026-09-29
00728,69.9,84625,70.35000000000001,-0.6396588486140724,2026-09-29
00730,29.35,105083,29.25,0.3418803418803419,2026-09-29
00731,97.75,608853,98.05,-0.3059663437021928,2026-09-29
00733,70.2,217270,70.15,0.07127583749109051,2026-09-29
00735,107.25,965068,109.0,-1.6055045871559634,2026-09-29
00736,31.61,104031,31.8,-0.5974842767295597,2026-09-29
00737,40.75,166808,41.19,-1.0682204418548191,2026-09-29
00738U,48.07,7123423,51.0,-5.745098039215687,2026-09-29
00739,26.46,323102,27.28,-3.0058651026392957,2026-09-29
00752,22.33,1018116,22.509999999999998,-0.7996446023989339,2026-09-29
00753L,8.61,19098563,8.87,-2.931228861330327,2026-09-29
00757,141.9,619117,143.4,-1.0460251046025104,2026-09-29
00762,119.5,214332,121.8,-1.888341543513957,2026-09-29
00763U,34.56,443508,35.31,-2.1240441801189465,2026-09-29
00770,64.75,401453,65.25,-0.7662835249042145,2026-09-29
00771,15.07,15257,15.06,0.06640106241699867,2026-09-29
00775B,29.83,81097,30.4,-1.875,2026-09-29
00783,26.85,68765,27.740000000000002,-3.2083633741888966,2026-09-29
00830,86.85,5527818,88.0,-1.3068181818181817,2026-09-29
00850,95.5,508927,96.35,-0.8822003113648159,2026-09-29
00851,72.25,46217,73.1,-1.1627906976744187,2026-09-29
00852L,32.83,65033,32.989999999999995,-0.48499545316762666,2026-09-29
00861,87.6,148351,88.14999999999999,-0.6239364719228588,2026-09-29
00865B,48.92,2408777,48.940000000000005,-0.04086636697997548,2026-09-29
00875,56.9,361794,58.55,-2.818104184457728,2026-09-29
00876,89.55,107814,89.8,-0.27839643652561247,2026-09-29
00878,34.83,31335571,34.879999999999995,-0.14334862385321104,2026-09-29
00881,51.9,12488489,52.5,-1.1428571428571428,2026-09-29
00882,14.85,3572319,14.78,0.4736129905277403,2026-09-29
00885,17.99,1264647,18.04,-0.2771618625277162,2026-09-29
00891,37.3,16982775,37.769999999999996,-1.2443738416732857,2026-09-29
00892,42.99,6717661,43.330000000000005,-0.7846757442880221,2026-09-29
00893,45.38,261615,45.96,-1.2619669277632721,2026-09-29
00894,49.49,1566825,50.25,-1.5124378109452736,2026-09-29
00895,51.5,227724,52.05,-1.0566762728146015,2026-09-29
00896,27.5,2612137,27.6,-0.36231884057971014,2026-09-29
00897,13.81,978622,13.51,2.2205773501110286,2026-09-29
00898,11.75,579688,11.49,2.2628372497824194,2026-09-29
00899,22.03,48311,22.77,-3.2498902064119455,2026-09-29
00900,19.37,4351917,19.53,-0.819252432155658,2026-09-29
00901,47.74,53826,48.480000000000004,-1.5264026402640263,2026-09-29
00902,12.25,580344,12.45,-1.6064257028112452,2026-09-29
00903,21.77,76409,22.07,-1.3593112822836428,2026-09-29
00904,42.97,744328,43.36,-0.8994464944649446,2026-09-29
00905,27.4,1095626,27.599999999999998,-0.7246376811594204,2026-09-29
00907,17.66,800889,17.75,-0.5070422535211268,2026-09-29
00908,14.53,81739,14.629999999999999,-0.6835269993164731,2026-09-29
00909,48.5,4297715,51.2,-5.2734375,2026-09-29
00910,57.7,420798,58.150000000000006,-0.7738607050730868,2026-09-29
00911,55.8,192177,56.25,-0.8,2026-09-29
00912,35.99,317044,36.45,-1.262002743484225,2026-09-29
00913,51.75,2110145,52.3,-1.0516252390057363,2026-09-29
00915,32.91,1446374,33.0,-0.2727272727272727,2026-09-29
00916,26.88,325377,26.99,-0.4075583549462764,2026-09-29
00917,22.5,1117075,22.83,-1.4454664914586073,2026-09-29
00918,33.9,40465564,33.98,-0.23543260741612718,2026-09-29
00919,31.88,55418474,31.83,0.15708451146716934,2026-09-29
00920,24.33,70598,24.88,-2.2106109324758845,2026-09-29
00921,23.38,142836,23.45,-0.2985074626865672,2026-09-29
00922,43.39,8374607,43.87,-1.0941417825393207,2026-09-29
00923,41.33,2500021,41.78,-1.077070368597415,2026-09-29
00924,33.59,1489607,33.61000000000001,-0.059506099375185945,2026-09-29
00926,26.59,554221,26.54,0.1883948756593821,2026-09-29
00927,39.39,18258291,39.77,-0.9554940910233845,2026-09-29
00929,29.16,16207880,29.18,-0.06854009595613435,2026-09-29
00930,23.69,1743393,23.880000000000003,-0.7956448911222779,2026-09-29
00932,17.44,170407,17.48,-0.2288329519450801,2026-09-29
00934,29.79,1939312,29.84,-0.1675603217158177,2026-09-29
00935,60.4,13387736,61.65,-2.0275750202757505,2026-09-29
00936,21.32,1111982,21.41,-0.42036431574030825,2026-09-29
00938,26.84,664198,26.9,-0.22304832713754646,2026-09-29
00939,24.02,4120682,24.13,-0.4558640696228761,2026-09-29
00940,13.08,13418358,13.1,-0.15267175572519084,2026-09-29
00941,25.19,508686,25.16,0.11923688394276628,2026-09-29
00943,21.01,62476,20.96,0.2385496183206107,2026-09-29
00944,21.83,142567,22.0,-0.7727272727272727,2026-09-29
00945B,14.21,7256262,14.290000000000001,-0.5598320503848845,2026-09-29
00946,15.38,1760311,15.3,0.522875816993464,2026-09-29
00947,40.0,11887867,40.66,-1.6232169208066898,2026-09-29
00949,21.74,617079,21.849999999999998,-0.5034324942791762,2026-09-29
00951,17.64,5326528,17.36,1.612903225806452,2026-09-29
00952,18.29,1318393,18.25,0.2191780821917808,2026-09-29
00953B,9.51,53998577,9.54,-0.3144654088050315,2026-09-29
00954,18.84,1337127,18.56,1.5086206896551726,2026-09-29
00956,13.42,218434,13.56,-1.0324483775811208,2026-09-29
00960,22.03,540202,22.02,0.04541326067211626,2026-09-29
00961,13.21,18569889,13.200000000000001,0.07575757575757576,2026-09-29
00962,15.02,3108865,15.03,-0.0665335994677312,2026-09-29
00963,12.55,1607270,12.63,-0.6334125098970704,2026-09-29
00964,14.73,1939176,14.73,0.0,2026-09-29
00965,25.09,544002,25.45,-1.4145383104125737,2026-09-29
00971,17.78,137521,17.76,0.11261261261261261,2026-09-29
00972,21.51,109843,21.700000000000003,-0.8755760368663594,2026-09-29
009800,13.34,1239217,13.45,-0.8178438661710037,2026-09-29
009801,11.59,490449,11.64,-0.429553264604811,2026-09-29
009802,19.96,3399117,20.07,-0.5480817140009965,2026-09-29
009803,21.5,3649864,21.66,-0.7386888273314866,2026-09-29
009804,23.85,1011055,24.12,-1.119402985074627,2026-09-29
009805,14.76,3131270,14.95,-1.2709030100334449,2026-09-29
009808,31.85,171793,32.160000000000004,-0.9639303482587064,2026-09-29
009809,18.45,184093,18.56,-0.5926724137931035,2026-09-29
00980A,25.4,8275783,25.56,-0.6259780907668232,2026-09-29
009810,21.37,326584,21.34,0.14058106841611998,2026-09-29
009811,13.47,931721,13.5,-0.2222222222222222,2026-09-29
009812,12.91,1298169,12.92,-0.07739938080495357,2026-09-29
009813,11.46,738497,11.49,-0.26109660574412535,2026-09-29
009816,16.4,125516365,16.57,-1.0259505129752564,2026-09-29
009817,8.79,606321,8.899999999999999,-1.2359550561797754,2026-09-29
009818,20.99,155747,21.04,-0.23764258555133083,2026-09-29
009819,9.53,2758559,9.719999999999999,-1.954732510288066,2026-09-29
00981A,30.31,115904355,30.849999999999998,-1.7504051863857377,2026-09-29
00981T,11.7,2809845,11.819999999999999,-1.0152284263959392,2026-09-29
009820,10.32,6063214,10.41,-0.8645533141210373,2026-09-29
009821,13.33,15191638,14.03,-4.989308624376336,2026-09-29
009824,10.49,5892884,10.55,-0.5687203791469194,2026-09-29
009826,10.02,11673122,10.059999999999999,-0.3976143141153082,2026-09-29
009827,10.2,3282721,10.319999999999999,-1.1627906976744187,2026-09-29
009828,9.98,28073119,10.02,-0.3992015968063873,2026-09-29
009829,10.74,29256980,11.040000000000001,-2.7173913043478257,2026-09-29
00982A,22.83,13368750,23.139999999999997,-1.3396715643906658,2026-09-29
00982D,9.36,4699076,9.469999999999999,-1.1615628299894405,2026-09-29
00982T,15.32,51476,15.61,-1.8577834721332478,2026-09-29
00983A,13.2,842940,13.219999999999999,-0.15128593040847205,2026-09-29
00983D,9.6,1910799,9.709999999999999,-1.1328527291452113,2026-09-29
00984A,15.62,3994530,15.61,0.06406149903907753,2026-09-29
00984D,9.77,39304198,9.84,-0.7113821138211383,2026-09-29
00985A,23.3,2348739,23.48,-0.7666098807495741,2026-09-29
00985B,10.06,9160952,10.09,-0.29732408325074333,2026-09-29
00986A,14.6,322780,14.75,-1.0169491525423728,2026-09-29
00987A,17.15,1462089,17.299999999999997,-0.8670520231213874,2026-09-29
00988A,16.48,22820491,16.91,-2.5428740390301594,2026-09-29
00989A,17.52,1930430,17.759999999999998,-1.3513513513513513,2026-09-29
00990A,15.58,8141043,15.89,-1.950912523599748,2026-09-29
00991A,17.95,38233078,18.15,-1.1019283746556476,2026-09-29
00991B,14.31,482901,14.6,-1.9863013698630134,2026-09-29
00992A,18.68,19484485,18.8,-0.6382978723404255,2026-09-29
00993A,13.73,2333599,13.950000000000001,-1.5770609318996414,2026-09-29
00994A,17.11,1697637,17.4,-1.6666666666666667,2026-09-29
00995A,17.59,2353598,17.9,-1.7318435754189947,2026-09-29
00996A,14.35,811754,14.6,-1.7123287671232876,2026-09-29
00997A,11.49,6626985,11.700000000000001,-1.7948717948717947,2026-09-29
00999A,11.23,6226258,11.35,-1.0572687224669604,2026-09-29
01001T,11.11,6000,11.11,0.0,2026-09-29
01002T,12.74,5000,12.74,0.0,2026-09-29
01004T,10.17,55460,10.16,0.09842519685039369,2026-09-29
01007T,11.32,71000,11.290000000000001,0.2657218777679362,2026-09-29
01009T,5.59,2000,5.59,0.0,2026-09-29
01010T,10.0,8000,10.0,0.0,2026-09-29
020000,32.83,1000,32.83,0.0,2026-09-29
02001L,151.65,52000,156.75,-3.253588516746411,2026-09-29
020020,29.86,90000,30.81,-3.0834144758195388,2026-09-29
020029,20.72,3000,20.959999999999997,-1.1450381679389314,2026-09-29
020031,11.73,20000,12.0,-2.2500000000000004,2026-09-29
020034,16.94,49000,17.220000000000002,-1.6260162601626014,2026-09-29
020036,11.72,2000,11.690000000000001,0.25662959794696316,2026-09-29
020037,13.13,1000,12.96,1.3117283950617282,2026-09-29
020038,15.95,5000,15.95,0.0,2026-09-29
020039,15.35,10000,15.37,-0.13012361743656475,2026-09-29
1101,25.3,31598983,25.25,0.19801980198019803,2026-09-29
1101B,43.3,2000,43.25,0.11560693641618498,2026-09-29
1102,35.3,9645067,35.699999999999996,-1.120448179271709,2026-09-29
1103,13.0,249926,13.05,-0.38314176245210724,2026-09-29
1104,26.55,447642,26.650000000000002,-0.37523452157598497,2026-09-29
1108,11.0,188302,11.05,-0.4524886877828054,2026-09-29
1109,13.3,95288,13.3,0.0,2026-09-29
1110,14.35,1203041,14.75,-2.7118644067796613,2026-09-29
1201,11.5,839007,11.6,-0.8620689655172413,2026-09-29
1203,43.3,31195,43.3,0.0,2026-09-29
1210,51.6,901163,51.9,-0.5780346820809248,2026-09-29
1213,7.29,45218,7.11,2.5316455696202533,2026-09-29
1215,105.5,438883,105.5,0.0,2026-09-29
1216,73.9,6515894,74.5,-0.8053691275167785,2026-09-29
1217,9.9,615207,9.950000000000001,-0.5025125628140703,2026-09-29
1218,14.45,321550,14.399999999999999,0.34722222222222227,2026-09-29
1219,11.35,207054,11.45,-0.8733624454148473,2026-09-29
1220,10.75,70951,10.75,0.0,2026-09-29
1225,24.4,28996,24.45,-0.2044989775051125,2026-09-29
1227,28.0,1445323,28.15,-0.5328596802841918,2026-09-29
1229,39.55,3074216,40.099999999999994,-1.3715710723192023,2026-09-29
1231,79.6,141891,79.6,0.0,2026-09-29
1232,154.0,52006,154.5,-0.3236245954692557,2026-09-29
1233,27.6,13323,28.1,-1.779359430604982,2026-09-29
1234,32.9,131420,33.05,-0.45385779122541603,2026-09-29
1235,32.85,89039,35.5,-7.464788732394366,2026-09-29
1236,25.35,21234,25.400000000000002,-0.19685039370078738,2026-09-29
1256,168.5,30384,166.5,1.2012012012012012,2026-09-29
1301,64.6,34908356,64.1,0.7800312012480499,2026-09-29
1303,247.0,79311489,238.0,3.7815126050420167,2026-09-29
1304,12.3,2772924,12.5,-1.6,2026-09-29
1305,12.1,1147533,12.1,0.0,2026-09-29
1307,30.85,666273,30.700000000000003,0.4885993485342019,2026-09-29
1308,14.1,1556217,14.299999999999999,-1.3986013986013988,2026-09-29
1309,13.65,1682322,13.8,-1.0869565217391304,2026-09-29
1310,8.9,2438328,8.9,0.0,2026-09-29
1312,14.45,11424741,14.6,-1.0273972602739725,2026-09-29
1313,12.05,1943110,12.15,-0.823045267489712,2026-09-29
1314,8.74,47669196,8.86,-1.3544018058690745,2026-09-29
1315,68.1,35564,68.3,-0.29282576866764276,2026-09-29
1316,10.45,699804,10.45,0.0,2026-09-29
1319,77.8,1284003,78.89999999999999,-1.3941698352344742,2026-09-29
1321,32.35,114000,32.45,-0.30816640986132515,2026-09-29
1323,21.2,49535,21.4,-0.9345794392523366,2026-09-29
1324,9.98,24229,10.05,-0.6965174129353234,2026-09-29
1325,25.55,132148,25.7,-0.5836575875486382,2026-09-29
1326,67.5,25578827,67.0,0.7462686567164178,2026-09-29
1337,4.43,94840,4.449999999999999,-0.44943820224719105,2026-09-29
1338,14.75,52801,14.75,0.0,2026-09-29
1339,42.3,80100,42.4,-0.23584905660377362,2026-09-29
1340,5.21,113889,5.21,0.0,2026-09-29
1342,101.0,72695,101.0,0.0,2026-09-29
1402,27.75,5992054,28.15,-1.4209591474245118,2026-09-29
1409,24.35,5902385,24.3,0.205761316872428,2026-09-29
1410,24.1,35201,24.0,0.4166666666666667,2026-09-29
1413,9.08,56815,9.19,-1.1969532100108815,2026-09-29
1414,17.5,109892,17.45,0.2865329512893983,2026-09-29
1416,11.35,249389,11.45,-0.8733624454148473,2026-09-29
1417,8.04,199029,8.1,-0.7407407407407408,2026-09-29
1418,18.3,25023,18.3,0.0,2026-09-29
1419,65.6,56925,66.0,-0.6060606060606061,2026-09-29
1423,34.35,6436,34.550000000000004,-0.5788712011577424,2026-09-29
1432,14.95,80105,15.049999999999999,-0.664451827242525,2026-09-29
1434,18.0,1341588,17.95,0.27855153203342625,2026-09-29
1435,21.75,6479,22.25,-2.247191011235955,2026-09-29
1436,35.5,169161,36.15,-1.7980636237897651,2026-09-29
1437,31.85,71000,32.5,-2.0,2026-09-29
1438,21.15,80755,21.5,-1.627906976744186,2026-09-29
1439,28.15,5026,28.15,0.0,2026-09-29
1440,13.3,2972551,13.5,-1.4814814814814816,2026-09-29
1441,10.15,101129,10.15,0.0,2026-09-29
1442,26.9,645434,27.7,-2.888086642599278,2026-09-29
1443,23.0,8001,23.05,-0.21691973969631237,2026-09-29
1444,6.94,1187457,6.86,1.1661807580174928,2026-09-29
1445,10.0,49254,10.05,-0.4975124378109453,2026-09-29
1446,13.35,157652,13.6,-1.8382352941176472,2026-09-29
1447,6.5,1370015,6.39,1.721439749608764,2026-09-29
1449,12.35,200913,12.45,-0.8032128514056226,2026-09-29
1451,16.9,117464,17.099999999999998,-1.1695906432748542,2026-09-29
1452,10.7,52416,10.799999999999999,-0.925925925925926,2026-09-29
1453,10.8,12794,10.9,-0.9174311926605505,2026-09-29
1454,12.15,30096,12.3,-1.2195121951219512,2026-09-29
1455,9.68,520420,9.68,0.0,2026-09-29
1456,14.6,95229,14.7,-0.6802721088435375,2026-09-29
1457,14.3,75983,14.350000000000001,-0.34843205574912894,2026-09-29
1459,16.0,98990,15.95,0.31347962382445144,2026-09-29
1460,6.24,144069,6.25,-0.16,2026-09-29
1463,17.55,40209,17.75,-1.1267605633802817,2026-09-29
1464,9.94,445668,9.969999999999999,-0.30090270812437314,2026-09-29
1465,11.55,73543,11.600000000000001,-0.43103448275862066,2026-09-29
1466,14.85,188257,14.75,0.6779661016949153,2026-09-29
1467,8.03,65726,8.049999999999999,-0.24844720496894415,2026-09-29
1468,13.15,59000,13.200000000000001,-0.3787878787878788,2026-09-29
1470,23.45,5025,23.7,-1.0548523206751055,2026-09-29
1471,9.3,134939,9.4,-1.0638297872340425,2026-09-29
1472,88.1,25130,88.0,0.11363636363636365,2026-09-29
1473,19.3,30004,19.5,-1.0256410256410255,2026-09-29
1474,10.05,65447,10.0,0.5,2026-09-29
1475,25.8,25142,26.35,-2.0872865275142316,2026-09-29
1476,273.0,1313965,276.5,-1.2658227848101267,2026-09-29
1477,190.0,518380,191.0,-0.5235602094240838,2026-09-29
1503,194.0,803599,196.0,-1.0204081632653061,2026-09-29
1504,68.5,3285032,68.5,0.0,2026-09-29
1506,9.57,264142,9.64,-0.7261410788381742,2026-09-29
1512,6.12,31876,6.18,-0.9708737864077671,2026-09-29
1513,167.0,1788378,166.0,0.6024096385542169,2026-09-29
1514,102.0,1216690,102.0,0.0,2026-09-29
1515,29.3,332858,29.45,-0.5093378607809848,2026-09-29
1516,13.5,27899,13.15,2.6615969581749046,2026-09-29
1517,10.35,128242,10.299999999999999,0.48543689320388356,2026-09-29
1519,688.0,1241444,699.0,-1.5736766809728182,2026-09-29
1521,25.55,23333,25.8,-0.9689922480620154,2026-09-29
1522,26.55,346508,26.650000000000002,-0.37523452157598497,2026-09-29
1522A,51.0,74215,51.2,-0.390625,2026-09-29
1524,25.85,146061,26.0,-0.5769230769230769,2026-09-29
1525,63.7,19739,64.4,-1.0869565217391302,2026-09-29
1526,14.55,41781,14.700000000000001,-1.0204081632653061,2026-09-29
1527,32.6,280870,32.65,-0.1531393568147014,2026-09-29
1528,25.5,3744186,25.45,0.1964636542239686,2026-09-29
1529,15.45,409818,15.45,0.0,2026-09-29
1530,26.45,22949,26.7,-0.9363295880149813,2026-09-29
1531,11.6,59839,11.65,-0.4291845493562232,2026-09-29
1532,22.1,344891,22.3,-0.8968609865470852,2026-09-29
1533,30.4,50241,30.299999999999997,0.3300330033003301,2026-09-29
1535,45.55,20045,45.599999999999994,-0.10964912280701757,2026-09-29
1536,46.55,478397,47.0,-0.9574468085106382,2026-09-29
1537,115.5,71880,115.0,0.43478260869565216,2026-09-29
1539,15.45,27659,15.5,-0.3225806451612903,2026-09-29
1540,19.35,90124,19.5,-0.7692307692307692,2026-09-29
1541,21.0,8000,21.0,0.0,2026-09-29
1558,114.0,171197,112.0,1.7857142857142856,2026-09-29
1560,956.0,1083052,971.0,-1.544799176107106,2026-09-29
1563,76.1,615079,75.19999999999999,1.196808510638298,2026-09-29
1568,32.4,688490,30.9,4.854368932038835,2026-09-29
1582,70.1,281706,70.0,0.14285714285714285,2026-09-29
1583,46.95,12038,46.95,0.0,2026-09-29
1587,23.85,140304,23.5,1.4893617021276595,2026-09-29
1590,1210.0,943554,1210.0,0.0,2026-09-29
1597,146.5,2569668,133.5,9.737827715355806,2026-09-29
1598,20.3,163357,20.35,-0.2457002457002457,2026-09-29
1603,30.05,155153,30.25,-0.6611570247933884,2026-09-29
1604,23.3,166022,23.45,-0.6396588486140725,2026-09-29
1605,36.35,9511965,36.65,-0.8185538881309686,2026-09-29
1608,35.2,1543165,35.5,-0.8450704225352111,2026-09-29
1609,38.5,4993226,37.85,1.7173051519154559,2026-09-29
1611,11.35,415734,11.4,-0.43859649122807015,2026-09-29
1612,35.35,535101,35.050000000000004,0.8559201141226818,2026-09-29
1614,31.05,116382,31.150000000000002,-0.32102728731942215,2026-09-29
1615,42.6,92718,42.7,-0.234192037470726,2026-09-29
1616,18.3,105222,18.3,0.0,2026-09-29
1617,21.9,1391792,19.95,9.774436090225564,2026-09-29
1618,38.35,241741,38.65,-0.7761966364812419,2026-09-29
1623,198.0,27900,197.5,0.25316455696202533,2026-09-29
1626,9.6,60103,9.67,-0.7238883143743537,2026-09-29
1702,32.95,134137,33.0,-0.15151515151515152,2026-09-29
1707,85.9,427733,87.0,-1.2643678160919543,2026-09-29
1708,52.0,4663111,52.3,-0.5736137667304015,2026-09-29
1709,44.0,27159406,43.5,1.1494252873563218,2026-09-29
1710,16.55,3644785,16.400000000000002,0.9146341463414632,2026-09-29
1711,40.55,5053634,38.599999999999994,5.051813471502591,2026-09-29
1712,39.6,586602,39.85,-0.6273525721455459,2026-09-29
1713,41.8,123591,41.5,0.7228915662650601,2026-09-29
1714,15.75,3601474,15.75,0.0,2026-09-29
1717,72.5,6975970,71.4,1.5406162464985995,2026-09-29
1718,10.55,5005317,10.5,0.4761904761904762,2026-09-29
1720,56.1,125048,56.2,-0.1779359430604982,2026-09-29
1721,26.1,4078788,24.200000000000003,7.851239669421487,2026-09-29
1722,41.15,2888528,41.3,-0.36319612590799033,2026-09-29
1723,80.0,536994,80.5,-0.6211180124223602,2026-09-29
1725,34.0,40001,33.9,0.2949852507374632,2026-09-29
1726,76.2,18289,76.3,-0.13106159895150724,2026-09-29
1727,118.5,29773336,115.5,2.5974025974025974,2026-09-29
1730,51.2,21368,51.2,0.0,2026-09-29
1731,20.85,131235,20.900000000000002,-0.23923444976076555,2026-09-29
1732,25.95,56322,26.099999999999998,-0.5747126436781609,2026-09-29
1733,29.45,269231,30.3,-2.8052805280528053,2026-09-29
1734,32.1,128119,32.1,0.0,2026-09-29
1735,20.05,16457,20.3,-1.231527093596059,2026-09-29
1736,128.0,398602,127.5,0.39215686274509803,2026-09-29
1737,29.95,192863,30.05,-0.33277870216306155,2026-09-29
1752,31.35,30284,31.35,0.0,2026-09-29
1760,53.9,95411,53.699999999999996,0.37243947858473003,2026-09-29
1762,33.7,41752,33.7,0.0,2026-09-29
1773,167.5,908342,164.5,1.82370820668693,2026-09-29
1776,18.2,14993,18.099999999999998,0.5524861878453039,2026-09-29
1783,36.65,25800,36.699999999999996,-0.1362397820163488,2026-09-29
1786,42.65,92188,42.65,0.0,2026-09-29
1789,18.55,178229,18.6,-0.26881720430107525,2026-09-29
1795,177.5,477261,175.5,1.1396011396011396,2026-09-29
1802,57.6,7975945,58.4,-1.3698630136986303,2026-09-29
1805,10.05,192799,10.100000000000001,-0.495049504950495,2026-09-29
1806,7.94,62887,7.98,-0.5012531328320802,2026-09-29
1808,31.6,511395,31.900000000000002,-0.9404388714733541,2026-09-29
1809,45.0,30009242,45.35,-0.7717750826901874,2026-09-29
1810,23.7,1046015,23.95,-1.0438413361169103,2026-09-29
1817,39.85,48076,40.15,-0.7471980074719801,2026-09-29
1903,47.0,61723,47.1,-0.21231422505307856,2026-09-29
1904,24.25,2418384,24.9,-2.610441767068273,2026-09-29
1905,12.85,3133256,13.1,-1.9083969465648856,2026-09-29
1906,10.8,38292,10.700000000000001,0.9345794392523363,2026-09-29
1907,27.9,1306075,28.25,-1.238938053097345,2026-09-29
1909,10.05,1358907,10.100000000000001,-0.495049504950495,2026-09-29
2002,18.8,36951740,18.650000000000002,0.8042895442359248,2026-09-29
2002A,37.45,24789,37.5,-0.13333333333333336,2026-09-29
2006,85.4,1997985,87.80000000000001,-2.7334851936218674,2026-09-29
2007,6.9,283063,6.890000000000001,0.14513788098693758,2026-09-29
2008,30.5,13251,30.5,0.0,2026-09-29
2009,39.15,1672790,39.15,0.0,2026-09-29
2010,22.45,1729221,22.349999999999998,0.44742729306487705,2026-09-29
2012,14.15,77143,14.200000000000001,-0.35211267605633806,2026-09-29
2013,41.2,49044,41.1,0.24330900243309003,2026-09-29
2014,16.8,4542538,16.900000000000002,-0.591715976331361,2026-09-29
2015,63.1,269986,64.5,-2.1705426356589146,2026-09-29
2017,8.92,372566,8.99,-0.7786429365962181,2026-09-29
2020,24.3,5753984,22.1,9.95475113122172,2026-09-29
2022,7.3,301203,7.16,1.9553072625698324,2026-09-29
2023,13.55,1159080,13.65,-0.7326007326007326,2026-09-29
2024,12.75,5397,12.9,-1.1627906976744187,2026-09-29
2025,13.35,2029531,13.1,1.9083969465648856,2026-09-29
2027,47.15,12474332,47.6,-0.9453781512605042,2026-09-29
2028,16.6,224787,16.400000000000002,1.2195121951219512,2026-09-29
2029,22.15,824545,21.549999999999997,2.7842227378190256,2026-09-29
2030,33.4,5239284,30.4,9.868421052631579,2026-09-29
2031,45.7,1842390,46.1,-0.8676789587852495,2026-09-29
2032,19.9,12313640,18.549999999999997,7.2776280323450155,2026-09-29
2033,38.5,5178933,36.8,4.619565217391305,2026-09-29
2034,23.4,17704386,22.799999999999997,2.6315789473684212,2026-09-29
2038,12.65,1265575,12.55,0.796812749003984,2026-09-29
2049,335.5,2189754,325.5,3.0721966205837172,2026-09-29
2059,12115.0,448531,12350.0,-1.9028340080971662,2026-09-29
2062,18.0,150971,18.1,-0.5524861878453038,2026-09-29
2069,26.5,2256458,25.7,3.1128404669260705,2026-09-29
2072,131.5,261627,127.0,3.543307086614173,2026-09-29
2101,29.8,1292890,29.85,-0.16750418760469013,2026-09-29
2102,16.3,287960,16.35,-0.3058103975535168,2026-09-29
2103,27.4,2596683,27.799999999999997,-1.4388489208633095,2026-09-29
2104,10.7,6186219,11.149999999999999,-4.0358744394618835,2026-09-29
2105,30.1,3385450,30.1,0.0,2026-09-29
2106,16.45,749249,16.65,-1.2012012012012014,2026-09-29
2107,26.8,192914,26.95,-0.5565862708719851,2026-09-29
2108,28.2,458121,28.7,-1.7421602787456445,2026-09-29
2109,14.35,311170,14.35,0.0,2026-09-29
2114,89.7,22383,89.9,-0.22246941045606228,2026-09-29
2115,23.7,39315,23.7,0.0,2026-09-29
2201,29.2,1888734,29.25,-0.17094017094017094,2026-09-29
2204,52.0,399395,52.5,-0.9523809523809524,2026-09-29
2206,62.5,409880,62.9,-0.6359300476947536,2026-09-29
2207,506.0,229210,510.0,-0.7843137254901961,2026-09-29
2208,19.1,2641807,19.400000000000002,-1.5463917525773192,2026-09-29
2211,78.8,1174060,79.6,-1.0050251256281408,2026-09-29
2227,44.75,29865,45.0,-0.5555555555555556,2026-09-29
2228,75.0,34896,75.0,0.0,2026-09-29
2231,92.0,141046,90.3,1.8826135105204873,2026-09-29
2233,168.0,453502,164.0,2.4390243902439024,2026-09-29
2236,107.0,1517893,107.5,-0.46511627906976744,2026-09-29
2237,26.9,71800,26.9,0.0,2026-09-29
2239,18.8,54101,18.95,-0.79155672823219,2026-09-29
2241,44.0,3176721,43.6,0.9174311926605505,2026-09-29
2243,50.5,120258,50.2,0.597609561752988,2026-09-29
2247,223.0,32877,229.0,-2.6200873362445414,2026-09-29
2248,61.5,7015,61.0,0.819672131147541,2026-09-29
2250,56.8,13600,57.599999999999994,-1.388888888888889,2026-09-29
2254,91.8,2038020,88.8,3.3783783783783785,2026-09-29
2258,30.95,469300,30.5,1.4754098360655739,2026-09-29
2301,281.0,13566253,287.0,-2.0905923344947737,2026-09-29
2302,45.3,3489415,46.05,-1.6286644951140066,2026-09-29
2303,153.5,111591705,154.0,-0.3246753246753247,2026-09-29
2305,69.1,5849225,62.89999999999999,9.856915739268683,2026-09-29
2308,1835.0,14404821,1910.0,-3.926701570680628,2026-09-29
2312,30.7,3153662,30.65,0.1631321370309951,2026-09-29
2313,226.0,10064805,222.5,1.5730337078651686,2026-09-29
2314,11.05,102554,10.950000000000001,0.91324200913242,2026-09-29
2316,162.0,1377279,160.5,0.9345794392523363,2026-09-29
2317,250.5,31188879,250.5,0.0,2026-09-29
2321,25.0,2537,25.0,0.0,2026-09-29
2323,10.7,4169493,10.799999999999999,-0.925925925925926,2026-09-29
2324,36.05,29621824,36.5,-1.2328767123287672,2026-09-29
2327,548.0,41164381,580.0,-5.517241379310345,2026-09-29
2328,47.0,774116,47.0,0.0,2026-09-29
2329,43.8,1151596,44.4,-1.3513513513513513,2026-09-29
2330,2475.0,26893348,2475.0,0.0,2026-09-29
2331,18.7,541430,18.849999999999998,-0.7957559681697612,2026-09-29
2332,20.1,5216187,20.1,0.0,2026-09-29
2337,118.5,15127999,117.0,1.282051282051282,2026-09-29
2338,47.1,4039504,47.1,0.0,2026-09-29
2340,38.0,15628464,34.55,9.985528219971057,2026-09-29
2342,50.1,27339538,48.2,3.941908713692946,2026-09-29
2344,174.0,45790945,171.5,1.4577259475218658,2026-09-29
2345,1810.0,4157981,1895.0,-4.485488126649076,2026-09-29
2347,94.5,4671338,94.5,0.0,2026-09-29
2348,70.5,278973,72.0,-2.083333333333333,2026-09-29
2348A,38.6,46010,38.95,-0.8985879332477533,2026-09-29
2349,10.4,1158181,10.35,0.48309178743961356,2026-09-29
2351,215.5,3820238,219.5,-1.8223234624145785,2026-09-29
2352,29.0,3583810,29.0,0.0,2026-09-29
2353,31.4,6310399,31.75,-1.1023622047244095,2026-09-29
2354,65.1,4886601,65.89999999999999,-1.213960546282246,2026-09-29
2355,41.6,1204852,41.7,-0.2398081534772182,2026-09-29
2356,59.2,9470802,59.900000000000006,-1.1686143572621033,2026-09-29
2357,963.0,2455352,953.0,1.049317943336831,2026-09-29
2359,128.5,731248,127.5,0.7843137254901961,2026-09-29
2360,2185.0,2434644,2295.0,-4.793028322440087,2026-09-29
2362,46.7,544757,47.6,-1.8907563025210083,2026-09-29
2363,59.2,4883360,58.7,0.8517887563884157,2026-09-29
2364,64.9,94006,65.7,-1.21765601217656,2026-09-29
2365,28.1,572445,28.200000000000003,-0.3546099290780142,2026-09-29
2367,42.25,2486323,41.7,1.3189448441247003,2026-09-29
2368,1120.0,8818025,1105.0,1.3574660633484164,2026-09-29
2369,31.6,4196281,31.25,1.1199999999999999,2026-09-29
2371,29.35,9023803,28.85,1.733102253032929,2026-09-29
2373,52.5,27189,52.8,-0.5681818181818182,2026-09-29
2374,66.2,1129796,66.3,-0.1508295625942685,2026-09-29
2375,117.5,943463,117.5,0.0,2026-09-29
2376,362.0,8243400,361.5,0.13831258644536654,2026-09-29
2377,151.0,2346623,151.5,-0.33003300330033003,2026-09-29
2379,760.0,3051454,749.0,1.4686248331108143,2026-09-29
2380,16.55,53213,16.8,-1.488095238095238,2026-09-29
2382,336.5,10639698,338.5,-0.5908419497784343,2026-09-29
2383,4920.0,2146878,5050.0,-2.5742574257425743,2026-09-29
2385,104.5,2244933,104.5,0.0,2026-09-29
2387,36.25,164403,36.65,-1.091405184174625,2026-09-29
2388,71.2,2745942,70.10000000000001,1.5691868758915835,2026-09-29
2390,10.2,264078,10.1,0.9900990099009901,2026-09-29
2392,40.85,2296930,41.85,-2.389486260454002,2026-09-29
2393,63.6,1548656,63.4,0.3154574132492114,2026-09-29
2395,730.0,3797824,722.0,1.10803324099723,2026-09-29
2397,63.0,205189,62.2,1.2861736334405145,2026-09-29
2399,49.2,9457571,47.300000000000004,4.0169133192389,2026-09-29
2401,26.05,2382079,25.55,1.9569471624266144,2026-09-29
2402,56.9,2274646,54.8,3.832116788321168,2026-09-29
2404,1220.0,3026743,1285.0,-5.058365758754864,2026-09-29
2405,15.15,728911,15.05,0.6644518272425249,2026-09-29
2406,30.3,4945789,30.5,-0.6557377049180327,2026-09-29
2408,506.0,24966274,503.0,0.5964214711729622,2026-09-29
2409,35.05,539771575,34.199999999999996,2.4853801169590644,2026-09-29
2412,144.0,11652180,145.0,-0.6896551724137931,2026-09-29
2413,51.0,1495022,51.3,-0.5847953216374269,2026-09-29
2414,53.1,94978,52.9,0.3780718336483932,2026-09-29
2415,27.25,133360,27.0,0.9259259259259258,2026-09-29
2417,38.7,289907,39.050000000000004,-0.8962868117797694,2026-09-29
2419,29.0,1112751,28.65,1.2216404886561953,2026-09-29
2420,53.9,168026,53.9,0.0,2026-09-29
2421,163.5,1737849,167.0,-2.095808383233533,2026-09-29
2423,72.0,128162,72.3,-0.4149377593360996,2026-09-29
2424,8.12,31369,8.2,-0.9756097560975612,2026-09-29
2425,37.45,320575,36.95,1.3531799729364005,2026-09-29
2426,99.8,26792812,96.89999999999999,2.992776057791538,2026-09-29
2427,23.25,268772,23.4,-0.641025641025641,2026-09-29
2428,251.5,627862,255.0,-1.3725490196078431,2026-09-29
2429,30.65,166022,30.5,0.4918032786885245,2026-09-29
2430,18.1,46687,18.25,-0.821917808219178,2026-09-29
2431,10.0,81012,10.05,-0.4975124378109453,2026-09-29
2432,27.65,7000,27.25,1.4678899082568808,2026-09-29
2433,40.0,22405,40.1,-0.24937655860349126,2026-09-29
2434,64.8,423909,65.2,-0.6134969325153374,2026-09-29
2436,75.9,12261097,72.4,4.834254143646408,2026-09-29
2438,19.7,42204,19.5,1.0256410256410255,2026-09-29
2439,78.1,1655190,78.19999999999999,-0.12787723785166244,2026-09-29
2440,14.15,237635,14.35,-1.3937282229965158,2026-09-29
2441,122.0,2178482,124.0,-1.6129032258064515,2026-09-29
2442,14.35,599670,14.299999999999999,0.3496503496503497,2026-09-29
2444,15.05,1916012,14.8,1.689189189189189,2026-09-29
2449,294.5,29756706,311.0,-5.305466237942122,2026-09-29
2450,28.2,72438,28.25,-0.1769911504424779,2026-09-29
2451,286.0,1570470,284.5,0.5272407732864675,2026-09-29
2453,53.5,146093,53.5,0.0,2026-09-29
2454,4910.0,13758267,5285.0,-7.095553453169347,2026-09-29
2455,543.0,1025212,554.0,-1.9855595667870036,2026-09-29
2457,21.75,848756,21.95,-0.9111617312072894,2026-09-29
2458,136.0,1645198,137.5,-1.090909090909091,2026-09-29
2459,64.9,28055,65.2,-0.460122699386503,2026-09-29
2460,29.85,175462,30.200000000000003,-1.1589403973509933,2026-09-29
2461,17.4,260253,17.799999999999997,-2.2471910112359557,2026-09-29
2462,19.85,118354,20.35,-2.457002457002457,2026-09-29
2464,192.0,9138976,195.5,-1.7902813299232736,2026-09-29
2465,91.9,1231345,88.9,3.3745781777277837,2026-09-29
2466,113.5,2218538,119.5,-5.02092050209205,2026-09-29
2467,544.0,889505,529.0,2.835538752362949,2026-09-29
2468,46.05,920536,46.25,-0.43243243243243246,2026-09-29
2471,51.3,187884,51.4,-0.1945525291828794,2026-09-29
2472,213.0,1505198,218.5,-2.517162471395881,2026-09-29
2474,205.5,1568422,206.5,-0.48426150121065376,2026-09-29
2476,124.5,828647,122.5,1.6326530612244898,2026-09-29
2477,23.1,148490,23.05,0.21691973969631237,2026-09-29
2478,117.5,1301254,120.0,-2.083333333333333,2026-09-29
2480,159.5,153315,161.0,-0.9316770186335404,2026-09-29
2481,175.5,20652896,174.5,0.5730659025787965,2026-09-29
2482,16.35,104643,16.25,0.6153846153846154,2026-09-29
2483,32.5,208005,32.55,-0.15360983102918588,2026-09-29
2484,76.9,30199086,72.80000000000001,5.6318681318681305,2026-09-29
2485,39.75,1310521,39.15,1.532567049808429,2026-09-29
2486,237.0,1955933,234.0,1.282051282051282,2026-09-29
2488,48.7,33167,48.85,-0.3070624360286591,2026-09-29
2489,41.1,8627458,40.800000000000004,0.7352941176470588,2026-09-29
2491,40.2,455070,39.550000000000004,1.643489254108723,2026-09-29
2492,302.0,31201956,311.5,-3.0497592295345104,2026-09-29
2493,196.0,1972776,191.0,2.6178010471204187,2026-09-29
2495,38.95,882955,39.050000000000004,-0.2560819462227913,2026-09-29
2496,55.1,6405,55.300000000000004,-0.3616636528028933,2026-09-29
2497,43.6,87631,43.800000000000004,-0.45662100456621,2026-09-29
2498,43.0,8994708,41.8,2.8708133971291865,2026-09-29
2501,21.15,2205717,21.099999999999998,0.23696682464454977,2026-09-29
2504,30.55,2041127,30.900000000000002,-1.1326860841423947,2026-09-29
2505,16.95,303325,17.15,-1.1661807580174928,2026-09-29
2506,8.41,273693,8.41,0.0,2026-09-29
2509,14.05,156579,14.350000000000001,-2.090592334494773,2026-09-29
2511,8.32,617420,8.39,-0.834326579261025,2026-09-29
2514,11.4,35096,11.450000000000001,-0.43668122270742354,2026-09-29
2515,11.8,4178372,11.950000000000001,-1.2552301255230123,2026-09-29
2516,14.9,264706,15.450000000000001,-3.559870550161812,2026-09-29
2520,37.0,1043424,37.3,-0.8042895442359249,2026-09-29
2524,34.25,56370,34.85,-1.721664275466284,2026-09-29
2527,48.35,634439,47.95,0.8342022940563086,2026-09-29
2528,19.3,315990,19.55,-1.278772378516624,2026-09-29
2530,20.1,399870,20.150000000000002,-0.24813895781637718,2026-09-29
2534,16.9,214610,16.7,1.1976047904191618,2026-09-29
2535,89.1,113837,89.8,-0.7795100222717148,2026-09-29
2536,19.15,608246,19.2,-0.2604166666666667,2026-09-29
2537,11.25,537977,11.4,-1.3157894736842104,2026-09-29
2538,8.71,475327,8.71,0.0,2026-09-29
2539,34.0,1069477,34.45,-1.3062409288824381,2026-09-29
2540,47.6,462170,49.0,-2.857142857142857,2026-09-29
2542,38.6,11497190,39.5,-2.278481012658228,2026-09-29
2543,38.15,724402,38.15,0.0,2026-09-29
2545,33.9,116282,34.199999999999996,-0.8771929824561405,2026-09-29
2546,106.0,140126,106.5,-0.4694835680751174,2026-09-29
2547,9.85,774661,9.82,0.30549898167006106,2026-09-29
2548,92.2,1191007,93.2,-1.0729613733905579,2026-09-29
2597,167.0,87871,167.5,-0.2985074626865672,2026-09-29
2603,238.0,6250427,243.0,-2.05761316872428,2026-09-29
2605,35.4,10030192,36.5,-3.0136986301369864,2026-09-29
2606,73.4,4989525,76.7,-4.3024771838331155,2026-09-29
2607,53.1,391612,53.7,-1.1173184357541899,2026-09-29
2608,28.55,215391,28.7,-0.5226480836236933,2026-09-29
2609,58.4,23606564,59.6,-2.013422818791946,2026-09-29
2610,20.1,7852078,20.3,-0.9852216748768473,2026-09-29
2611,14.05,225756,14.05,0.0,2026-09-29
2612,60.8,388561,62.199999999999996,-2.2508038585209005,2026-09-29
2613,21.95,110543,22.2,-1.1261261261261262,2026-09-29
2614,18.85,2885213,18.25,3.287671232876712,2026-09-29
2615,111.0,10041037,115.5,-3.896103896103896,2026-09-29
2616,13.2,55544,13.2,0.0,2026-09-29
2617,31.25,2312297,32.8,-4.725609756097562,2026-09-29
2618,41.5,14347588,42.0,-1.1904761904761905,2026-09-29
2630,46.3,464796,46.3,0.0,2026-09-29
2633,25.45,6250246,25.55,-0.3913894324853229,2026-09-29
2634,63.1,4595082,63.1,0.0,2026-09-29
2636,70.4,222241,71.9,-2.086230876216968,2026-09-29
2637,95.0,4494224,100.5,-5.472636815920398,2026-09-29
2642,20.3,24291,20.400000000000002,-0.49019607843137253,2026-09-29
2645,172.0,377047,172.0,0.0,2026-09-29
2646,20.05,2798512,20.2,-0.7425742574257426,2026-09-29
2701,10.25,27138,10.25,0.0,2026-09-29
2702,12.65,11443,12.85,-1.5564202334630353,2026-09-29
2704,45.0,121193,45.05,-0.1109877913429523,2026-09-29
2705,15.05,56174,15.15,-0.6600660066006601,2026-09-29
2706,12.1,93277,12.1,0.0,2026-09-29
2707,175.0,158264,176.5,-0.84985835694051,2026-09-29
2712,13.4,10100,13.35,0.37453183520599254,2026-09-29
2722,21.2,55123,21.099999999999998,0.47393364928909953,2026-09-29
2723,76.6,423602,78.5,-2.4203821656050954,2026-09-29
2727,235.0,427899,232.0,1.293103448275862,2026-09-29
2731,143.0,152724,144.0,-0.6944444444444444,2026-09-29
2739,36.25,29683,36.4,-0.4120879120879121,2026-09-29
2748,38.7,25097,38.800000000000004,-0.25773195876288657,2026-09-29
2753,179.0,108662,180.0,-0.5555555555555556,2026-09-29
2762,79.0,21525,79.0,0.0,2026-09-29
2801,27.5,22785123,27.75,-0.9009009009009009,2026-09-29
2812,18.8,19296779,19.0,-1.0526315789473684,2026-09-29
2816,39.85,309191,40.15,-0.7471980074719801,2026-09-29
2820,16.85,2931349,17.0,-0.8823529411764706,2026-09-29
2832,56.8,203771,57.5,-1.2173913043478262,2026-09-29
2834,17.6,33187671,17.85,-1.4005602240896358,2026-09-29
2836,12.0,1866824,12.15,-1.2345679012345678,2026-09-29
2836A,24.0,10300,24.0,0.0,2026-09-29
2838,20.55,4376710,21.0,-2.142857142857143,2026-09-29
2838A,52.0,62000,52.0,0.0,2026-09-29
2845,13.1,9621102,13.299999999999999,-1.503759398496241,2026-09-29
2849,15.5,150507,15.65,-0.9584664536741214,2026-09-29
2850,161.0,649133,157.5,2.2222222222222223,2026-09-29
2851,47.05,1827052,47.5,-0.9473684210526316,2026-09-29
2852,27.7,331084,27.95,-0.8944543828264758,2026-09-29
2855,55.5,6563643,57.8,-3.9792387543252596,2026-09-29
2880,44.9,12588665,45.75,-1.8579234972677594,2026-09-29
2881,151.5,14184273,150.0,1.0,2026-09-29
2881A,61.4,67027,61.6,-0.3246753246753247,2026-09-29
2881B,60.9,17655,60.9,0.0,2026-09-29
2881C,51.8,43297,51.8,0.0,2026-09-29
2882,111.5,19177458,110.5,0.904977375565611,2026-09-29
2882A,60.2,31147,60.1,0.16638935108153077,2026-09-29
2882B,58.8,16012,58.8,0.0,2026-09-29
2883,38.95,37568266,38.95,0.0,2026-09-29
2883B,8.54,1667880,8.52,0.2347417840375587,2026-09-29
2884,44.9,32018146,45.6,-1.5350877192982455,2026-09-29
2885,68.7,20346003,69.2,-0.7225433526011561,2026-09-29
2886,49.1,20847357,49.6,-1.0080645161290323,2026-09-29
2887,41.8,46941880,42.5,-1.6470588235294115,2026-09-29
2887E,48.45,324807,48.550000000000004,-0.20597322348094746,2026-09-29
2887F,45.6,29280,45.65,-0.10952902519167582,2026-09-29
2887G,44.45,241714,44.6,-0.3363228699551569,2026-09-29
2887H,43.05,138133,43.0,0.11627906976744186,2026-09-29
2887I,9.52,9910263,9.53,-0.1049317943336831,2026-09-29
2887Z1,22.75,54835,22.85,-0.437636761487965,2026-09-29
2889,16.4,9771251,16.549999999999997,-0.906344410876133,2026-09-29
2890,43.9,34667144,45.15,-2.7685492801771874,2026-09-29
2891,68.7,27538151,68.5,0.29197080291970806,2026-09-29
2891B,61.9,4747,61.6,0.487012987012987,2026-09-29
2892,38.6,26936589,39.5,-2.278481012658228,2026-09-29
2897,10.95,4961924,11.049999999999999,-0.904977375565611,2026-09-29
2897B,11.85,36864,11.9,-0.42016806722689076,2026-09-29
2901,23.8,50924,23.35,1.9271948608137044,2026-09-29
2903,21.9,1122713,22.099999999999998,-0.904977375565611,2026-09-29
2904,12.6,16574,12.549999999999999,0.3984063745019921,2026-09-29
2905,18.0,1238085,18.3,-1.6393442622950818,2026-09-29
2906,13.3,67157,13.5,-1.4814814814814816,2026-09-29
2908,21.7,286050,22.15,-2.031602708803612,2026-09-29
2910,23.1,20115,23.55,-1.910828025477707,2026-09-29
2911,6.03,124868,6.1000000000000005,-1.1475409836065573,2026-09-29
2912,212.0,1493082,212.5,-0.2352941176470588,2026-09-29
2913,11.0,729074,11.05,-0.4524886877828054,2026-09-29
2915,58.5,1554776,60.0,-2.5,2026-09-29
2923,23.9,116429,24.299999999999997,-1.646090534979424,2026-09-29
2929,5.81,102847,5.84,-0.5136986301369862,2026-09-29
2939,20.25,51000,19.6,3.316326530612245,2026-09-29
2945,39.8,25135,39.9,-0.25062656641604014,2026-09-29
3002,18.9,138621,18.9,0.0,2026-09-29
3003,59.7,286357,60.1,-0.6655574043261231,2026-09-29
3004,117.5,85163,117.0,0.4273504273504274,2026-09-29
3005,117.0,983939,116.5,0.4291845493562232,2026-09-29
3006,285.0,9171752,275.0,3.6363636363636362,2026-09-29
3008,6020.0,1784096,6245.0,-3.6028823058446755,2026-09-29
3010,125.0,367596,126.0,-0.7936507936507936,2026-09-29
3011,9.9,174436,10.0,-1.0,2026-09-29
3013,84.0,637300,84.5,-0.591715976331361,2026-09-29
3014,143.5,3216326,140.5,2.135231316725979,2026-09-29
3015,53.7,341596,53.300000000000004,0.7504690431519699,2026-09-29
3016,172.5,75400142,160.0,7.8125,2026-09-29
3017,3400.0,3928028,3555.0,-4.360056258790436,2026-09-29
3018,11.95,30637,12.0,-0.4166666666666667,2026-09-29
3019,135.5,1562554,135.0,0.3703703703703704,2026-09-29
3021,29.6,1253253,26.950000000000003,9.833024118738404,2026-09-29
3022,93.0,1607789,93.1,-0.10741138560687435,2026-09-29
3023,307.5,885891,311.0,-1.1254019292604502,2026-09-29
3024,14.2,944848,14.6,-2.7397260273972606,2026-09-29
3025,52.4,70091,52.4,0.0,2026-09-29
3026,796.0,5185200,810.0,-1.728395061728395,2026-09-29
3027,18.4,130399,18.549999999999997,-0.8086253369272237,2026-09-29
3028,62.7,536354,62.5,0.32,2026-09-29
3029,117.5,1708421,120.0,-2.083333333333333,2026-09-29
3030,276.0,1413018,270.0,2.2222222222222223,2026-09-29
3031,31.25,10641422,30.45,2.627257799671593,2026-09-29
3032,77.9,294028,79.0,-1.3924050632911393,2026-09-29
3033,42.0,2109280,41.8,0.47846889952153115,2026-09-29
3034,540.0,2795234,543.0,-0.5524861878453038,2026-09-29
3035,210.0,7221057,206.5,1.694915254237288,2026-09-29
3036,207.5,4569244,207.0,0.24154589371980675,2026-09-29
3037,1165.0,10830272,1185.0,-1.6877637130801686,2026-09-29
3038,20.3,140660,20.3,0.0,2026-09-29
3040,33.85,159639,35.1,-3.561253561253561,2026-09-29
3041,23.6,343091,23.200000000000003,1.7241379310344827,2026-09-29
3042,208.5,34407830,203.0,2.70935960591133,2026-09-29
3043,20.1,97293,20.6,-2.4271844660194173,2026-09-29
3044,521.0,2303013,538.0,-3.1598513011152414,2026-09-29
3045,121.0,5806538,122.5,-1.2244897959183674,2026-09-29
3046,53.6,65074,53.800000000000004,-0.37174721189591076,2026-09-29
3047,14.55,493787,14.55,0.0,2026-09-29
3048,51.1,1041856,51.9,-1.5414258188824665,2026-09-29
3049,12.15,2310163,12.25,-0.8163265306122449,2026-09-29
3050,11.65,316070,11.5,1.3043478260869565,2026-09-29
3051,22.65,336487,22.299999999999997,1.5695067264573992,2026-09-29
3052,10.35,132344,10.4,-0.4807692307692308,2026-09-29
3054,58.8,92619,58.4,0.6849315068493151,2026-09-29
3055,203.5,7359541,199.0,2.261306532663317,2026-09-29
3056,13.85,425780,14.049999999999999,-1.4234875444839858,2026-09-29
3057,16.25,85796,15.8,2.848101265822785,2026-09-29
3058,8.15,282792,8.22,-0.851581508515815,2026-09-29
3059,37.85,754485,37.85,0.0,2026-09-29
3060,27.45,2096629,26.55,3.389830508474576,2026-09-29
3062,22.0,1045142,21.95,0.22779043280182235,2026-09-29
3090,161.0,1579579,165.0,-2.4242424242424243,2026-09-29
3092,22.75,148779,22.75,0.0,2026-09-29
3094,59.7,10028323,54.300000000000004,9.94475138121547,2026-09-29
3130,209.0,39946,208.5,0.2398081534772182,2026-09-29
3135,156.5,262621,156.5,0.0,2026-09-29
3138,98.1,439498,99.39999999999999,-1.3078470824949702,2026-09-29
3149,67.3,9373933,63.3,6.319115323854661,2026-09-29
3150,15.15,41000,15.35,-1.3029315960912053,2026-09-29
3164,16.6,102558,16.3,1.840490797546012,2026-09-29
3167,903.0,4902893,949.0,-4.847207586933614,2026-09-29
3168,42.15,8000,42.15,0.0,2026-09-29
3189,955.0,16460239,962.0,-0.7276507276507277,2026-09-29
3209,45.5,691172,45.8,-0.6550218340611355,2026-09-29
3229,57.1,1133433,56.4,1.2411347517730495,2026-09-29
3231,185.5,32141710,184.5,0.5420054200542005,2026-09-29
3257,49.3,147570,48.699999999999996,1.2320328542094456,2026-09-29
3266,13.75,43120,14.0,-1.7857142857142856,2026-09-29
3296,27.8,113130,27.95,-0.5366726296958855,2026-09-29
3305,104.5,624352,103.0,1.4563106796116505,2026-09-29
3308,22.2,228442,21.55,3.0162412993039442,2026-09-29
3311,38.15,303974,38.05,0.26281208935611045,2026-09-29
3312,50.9,629455,50.5,0.7920792079207921,2026-09-29
3321,18.15,139227,18.2,-0.27472527472527475,2026-09-29
3338,67.9,208716,67.60000000000001,0.44378698224852065,2026-09-29
3346,23.8,722827,23.6,0.847457627118644,2026-09-29
3356,65.6,195733,65.19999999999999,0.6134969325153375,2026-09-29
3376,171.5,2076761,174.0,-1.4367816091954022,2026-09-29
3380,31.6,3870773,31.6,0.0,2026-09-29
3406,882.0,2568917,901.0,-2.108768035516093,2026-09-29
3413,291.0,729896,288.0,1.0416666666666665,2026-09-29
3416,162.0,160947,161.0,0.6211180124223602,2026-09-29
3419,11.8,488427,10.75,9.767441860465116,2026-09-29
3432,14.8,16088,14.600000000000001,1.36986301369863,2026-09-29
3437,22.4,2071802,22.0,1.8181818181818183,2026-09-29
3443,7925.0,1082917,8525.0,-7.038123167155426,2026-09-29
3447,27.15,54033,27.299999999999997,-0.5494505494505495,2026-09-29
3450,525.0,5251568,513.0,2.3391812865497075,2026-09-29
3481,49.75,104276061,49.55,0.4036326942482341,2026-09-29
3494,7.09,44736,7.109999999999999,-0.2812939521800282,2026-09-29
3501,37.5,151396,37.9,-1.0554089709762535,2026-09-29
3504,79.5,627895,78.5,1.2738853503184715,2026-09-29
3515,211.0,152206,211.0,0.0,2026-09-29
3518,37.4,5608941,34.0,10.0,2026-09-29
3528,84.7,130611,85.0,-0.3529411764705882,2026-09-29
3530,58.4,39475,58.3,0.17152658662092626,2026-09-29
3532,454.0,7089443,452.5,0.3314917127071823,2026-09-29
3533,1710.0,2102968,1690.0,1.183431952662722,2026-09-29
3535,89.8,1109711,88.39999999999999,1.583710407239819,2026-09-29
3543,50.2,4142472,45.7,9.846827133479213,2026-09-29
3545,51.9,503191,51.0,1.7647058823529411,2026-09-29
3550,26.2,3498604,23.849999999999998,9.853249475890987,2026-09-29
3557,22.8,30567,22.85,-0.2188183807439825,2026-09-29
3563,794.0,1814860,769.0,3.2509752925877766,2026-09-29
3576,17.95,11641227,18.25,-1.643835616438356,2026-09-29
3583,713.0,714980,698.0,2.148997134670487,2026-09-29
3588,53.7,133618,52.400000000000006,2.480916030534351,2026-09-29
3591,26.4,1678493,24.65,7.099391480730223,2026-09-29
3592,225.0,258399,224.5,0.22271714922048996,2026-09-29
3593,10.3,24771,9.5,8.421052631578947,2026-09-29
3596,153.5,450284,153.5,0.0,2026-09-29
3605,182.5,12502653,183.5,-0.544959128065395,2026-09-29
3607,13.7,55129,13.75,-0.36363636363636365,2026-09-29
3617,240.5,258989,242.5,-0.8247422680412372,2026-09-29
3622,44.65,112007,44.199999999999996,1.0180995475113124,2026-09-29
3645,72.7,1758340,73.3,-0.8185538881309686,2026-09-29
3652,33.85,45323,34.1,-0.7331378299120234,2026-09-29
3653,6895.0,1660061,6920.0,-0.36127167630057805,2026-09-29
3661,3685.0,1176972,3770.0,-2.2546419098143233,2026-09-29
3665,2445.0,4555402,2340.0,4.487179487179487,2026-09-29
3669,32.45,49381,32.25,0.6201550387596899,2026-09-29
3673,68.7,11366605,65.60000000000001,4.72560975609756,2026-09-29
3679,108.5,9180,109.0,-0.45871559633027525,2026-09-29
3686,14.85,41418,14.799999999999999,0.3378378378378379,2026-09-29
3694,50.4,239881,50.3,0.1988071570576541,2026-09-29
3701,41.75,552964,41.25,1.2121212121212122,2026-09-29
3702,115.0,10942986,117.5,-2.127659574468085,2026-09-29
3703,19.5,1119772,19.75,-1.2658227848101267,2026-09-29
3704,40.25,1130753,40.5,-0.6172839506172839,2026-09-29
3705,55.9,125154,56.0,-0.17857142857142858,2026-09-29
3706,78.9,2938741,78.5,0.5095541401273886,2026-09-29
3708,97.6,306892,99.69999999999999,-2.106318956870612,2026-09-29
3711,687.0,14276948,699.0,-1.7167381974248928,2026-09-29
3712,20.65,426421,20.7,-0.24154589371980678,2026-09-29
3714,68.1,7402683,67.6,0.7396449704142012,2026-09-29
3715,124.5,2792958,123.0,1.2195121951219512,2026-09-29
3716,33.9,134468,33.949999999999996,-0.1472754050073638,2026-09-29
3717,27.85,17004945,25.35,9.861932938856015,2026-09-29
4104,72.1,135872,71.89999999999999,0.2781641168289291,2026-09-29
4106,24.25,46364,24.2,0.2066115702479339,2026-09-29
4108,11.35,133476,11.45,-0.8733624454148473,2026-09-29
4119,55.4,112376,56.699999999999996,-2.292768959435626,2026-09-29
4133,20.45,46762,20.349999999999998,0.49140049140049147,2026-09-29
4137,76.5,76356,76.2,0.39370078740157477,2026-09-29
4142,18.1,1093940,17.900000000000002,1.1173184357541899,2026-09-29
4148,31.95,58415,32.4,-1.388888888888889,2026-09-29
4155,14.6,150826,14.85,-1.6835016835016834,2026-09-29
4164,26.9,541103,26.4,1.893939393939394,2026-09-29
4169,148.5,65399,148.5,0.0,2026-09-29
4178,16.55,90603,16.5,0.30303030303030304,2026-09-29
4190,25.05,6232,25.05,0.0,2026-09-29
4195,15.8,816104,14.4,9.722222222222221,2026-09-29
4306,14.65,863069,14.5,1.0344827586206897,2026-09-29
4414,8.11,139371,8.209999999999999,-1.2180267965895253,2026-09-29
4426,7.61,81280,7.760000000000001,-1.9329896907216493,2026-09-29
4438,56.7,16880,57.0,-0.5263157894736842,2026-09-29
4439,96.5,14109,96.4,0.1037344398340249,2026-09-29
4440,17.45,27020,17.45,0.0,2026-09-29
4441,170.0,68339,171.0,-0.5847953216374269,2026-09-29
4526,32.15,1230357,31.75,1.2598425196850396,2026-09-29
4532,25.05,535748,25.2,-0.5952380952380952,2026-09-29
4536,161.5,167097,165.0,-2.1212121212121215,2026-09-29
4540,62.6,5084830,60.0,4.333333333333334,2026-09-29
4545,35.55,326852,33.099999999999994,7.401812688821755,2026-09-29
4551,179.5,2692592,163.5,9.785932721712538,2026-09-29
4552,15.35,126861,15.6,-1.6025641025641029,2026-09-29
4555,41.6,69189,41.65,-0.12004801920768308,2026-09-29
4557,50.1,34834,49.800000000000004,0.6024096385542168,2026-09-29
4560,29.35,139100,29.55,-0.6768189509306262,2026-09-29
4562,30.0,103878,30.0,0.0,2026-09-29
4564,16.2,447952,16.05,0.9345794392523363,2026-09-29
4566,73.2,6270637,74.3,-1.480484522207268,2026-09-29
4569,154.0,35115,155.0,-0.6451612903225806,2026-09-29
4571,152.5,46746,152.5,0.0,2026-09-29
4572,139.0,15872,139.5,-0.35842293906810035,2026-09-29
4576,241.0,2503523,225.0,7.111111111111111,2026-09-29
4581,47.7,1000,47.75,-0.10471204188481677,2026-09-29
4582,22.2,23001,22.45,-1.1135857461024499,2026-09-29
4583,429.0,38563,429.0,0.0,2026-09-29
4585,290.0,130588,293.0,-1.023890784982935,2026-09-29
4588,55.3,40000,54.8,0.9124087591240877,2026-09-29
4590,88.5,112776,89.7,-1.3377926421404682,2026-09-29
4720,19.15,383913,19.049999999999997,0.5249343832020998,2026-09-29
4722,190.0,633493,184.0,3.260869565217391,2026-09-29
4736,128.5,140135,129.5,-0.7722007722007722,2026-09-29
4737,55.6,21141,56.300000000000004,-1.2433392539964474,2026-09-29
4739,83.2,1792925,79.5,4.654088050314466,2026-09-29
4746,47.7,873374,48.050000000000004,-0.7284079084287199,2026-09-29
4755,118.0,196326,115.5,2.1645021645021645,2026-09-29
4763,46.85,6564454,46.1,1.6268980477223427,2026-09-29
4764,183.0,1162027,183.0,0.0,2026-09-29
4766,341.0,75315,343.5,-0.727802037845706,2026-09-29
4770,286.5,2148058,281.5,1.7761989342806392,2026-09-29
4771,211.5,76634,212.0,-0.2358490566037736,2026-09-29
4807,29.15,59195,29.299999999999997,-0.5119453924914676,2026-09-29
4904,104.5,5442744,105.5,-0.9478672985781991,2026-09-29
4906,40.2,13404590,37.650000000000006,6.772908366533863,2026-09-29
4912,96.8,336807,96.8,0.0,2026-09-29
4915,63.5,1749925,64.1,-0.93603744149766,2026-09-29
4916,101.5,962674,102.5,-0.975609756097561,2026-09-29
4919,135.5,9319257,136.0,-0.3676470588235294,2026-09-29
4927,43.75,1936781,43.7,0.11441647597254005,2026-09-29
4930,15.85,14291,16.05,-1.2461059190031152,2026-09-29
4934,14.15,192772,14.15,0.0,2026-09-29
4935,32.65,59283,32.949999999999996,-0.9104704097116844,2026-09-29
4938,90.8,11561261,91.3,-0.547645125958379,2026-09-29
4942,31.95,45000,31.65,0.9478672985781991,2026-09-29
4943,6.98,16653,6.99,-0.14306151645207438,2026-09-29
4949,76.0,499018,74.6,1.876675603217158,2026-09-29
4952,49.2,115759,48.95,0.5107252298263534,2026-09-29
4956,46.0,16057652,44.5,3.3707865168539324,2026-09-29
4958,498.5,41991459,475.5,4.837013669821241,2026-09-29
4960,23.45,5046690,22.45,4.4543429844097995,2026-09-29
4961,184.5,1610173,180.5,2.21606648199446,2026-09-29
4967,272.0,572713,272.5,-0.1834862385321101,2026-09-29
4968,92.8,264713,92.5,0.3243243243243243,2026-09-29
4976,35.5,455830,35.2,0.8522727272727272,2026-09-29
4977,168.5,1245907,168.5,0.0,2026-09-29
4989,59.5,1431027,59.4,0.16835016835016836,2026-09-29
4994,82.3,8694,82.5,-0.24242424242424243,2026-09-29
4999,17.7,37859,17.95,-1.392757660167131,2026-09-29
5007,55.4,42297,55.6,-0.3597122302158274,2026-09-29
5203,58.6,147899,58.300000000000004,0.5145797598627787,2026-09-29
5215,37.3,30159,37.949999999999996,-1.712779973649539,2026-09-29
5222,104.5,159423,105.0,-0.4761904761904762,2026-09-29
5225,55.3,116342,56.199999999999996,-1.601423487544484,2026-09-29
5234,322.0,635167,293.0,9.897610921501707,2026-09-29
5236,135.5,48510,135.5,0.0,2026-09-29
5243,88.7,593023,89.10000000000001,-0.44893378226711556,2026-09-29
5244,35.5,81001,35.75,-0.6993006993006993,2026-09-29
5258,41.2,113462,41.400000000000006,-0.4830917874396135,2026-09-29
5269,1475.0,255261,1480.0,-0.33783783783783783,2026-09-29
5283,52.6,36234,53.0,-0.7547169811320755,2026-09-29
5284,300.0,260949,295.5,1.5228426395939088,2026-09-29
5285,90.5,781129,89.9,0.6674082313681868,2026-09-29
5288,186.5,103079,187.5,-0.5333333333333333,2026-09-29
5292,218.5,36861,217.5,0.45977011494252873,2026-09-29
5306,88.6,49248,88.69999999999999,-0.11273957158962798,2026-09-29
5388,71.7,2347623,73.4,-2.316076294277929,2026-09-29
5434,540.0,390228,542.0,-0.36900369003690037,2026-09-29
5469,73.6,584373,73.0,0.821917808219178,2026-09-29
5471,52.7,521664,51.7,1.9342359767891681,2026-09-29
5484,39.25,74494,39.45,-0.5069708491761723,2026-09-29
5515,52.7,253867,52.7,0.0,2026-09-29
5519,25.0,147353,25.05,-0.19960079840319364,2026-09-29
5521,10.5,601362,10.5,0.0,2026-09-29
5522,60.7,371905,60.7,0.0,2026-09-29
5525,21.95,53695,22.0,-0.2272727272727273,2026-09-29
5531,6.85,677557,6.9799999999999995,-1.8624641833810889,2026-09-29
5533,13.85,22277,13.9,-0.3597122302158274,2026-09-29
5534,73.3,500299,73.89999999999999,-0.8119079837618405,2026-09-29
5538,35.4,26710,35.3,0.28328611898017003,2026-09-29
5546,14.1,32000,14.4,-2.083333333333333,2026-09-29
5607,51.9,796752,52.199999999999996,-0.5747126436781609,2026-09-29
5608,16.7,2452196,17.0,-1.7647058823529411,2026-09-29
5706,43.9,67556,43.9,0.0,2026-09-29
5871,107.0,5001745,107.0,0.0,2026-09-29
5871A,99.9,103323,99.9,0.0,2026-09-29
5876,48.85,6497420,48.95,-0.20429009193054137,2026-09-29
5880,26.05,17358159,26.45,-1.5122873345935728,2026-09-29
5907,4.79,96136,4.83,-0.8281573498964804,2026-09-29
6005,31.65,4412919,32.0,-1.09375,2026-09-29
6024,60.2,304599,60.800000000000004,-0.9868421052631579,2026-09-29
6108,24.4,1269830,24.4,0.0,2026-09-29
6112,47.35,861750,47.7,-0.7337526205450733,2026-09-29
6115,44.0,113334,44.05,-0.1135073779795687,2026-09-29
6116,14.9,32973446,14.9,0.0,2026-09-29
6117,61.7,154228,61.7,0.0,2026-09-29
6120,13.05,2603544,12.75,2.3529411764705883,2026-09-29
6128,19.1,35311,19.25,-0.7792207792207793,2026-09-29
6133,28.5,9954159,25.95,9.826589595375722,2026-09-29
6136,24.95,130621,24.9,0.20080321285140565,2026-09-29
6139,732.0,3500385,753.0,-2.788844621513944,2026-09-29
6141,52.9,1437515,51.8,2.1235521235521237,2026-09-29
6142,9.06,262971,9.06,0.0,2026-09-29
6152,15.1,588881,15.0,0.6666666666666667,2026-09-29
6153,17.65,3119140,17.2,2.616279069767442,2026-09-29
6155,64.0,7364788,60.2,6.312292358803987,2026-09-29
6164,12.4,254364,12.25,1.2244897959183674,2026-09-29
6165,48.85,113250,48.95,-0.20429009193054137,2026-09-29
6166,135.0,5049553,132.0,2.272727272727273,2026-09-29
6168,45.2,5660688,44.0,2.727272727272727,2026-09-29
6176,90.2,1403217,91.8,-1.7429193899782136,2026-09-29
6177,46.25,620878,46.2,0.10822510822510822,2026-09-29
6183,90.5,78004,91.3,-0.8762322015334065,2026-09-29
6184,40.1,94428,40.300000000000004,-0.49627791563275436,2026-09-29
6189,50.2,997103,49.2,2.0325203252032518,2026-09-29
6191,83.1,1039095,82.3,0.9720534629404618,2026-09-29
6192,109.5,78523,110.5,-0.904977375565611,2026-09-29
6196,544.0,1880519,565.0,-3.7168141592920354,2026-09-29
6197,319.0,683759,320.0,-0.3125,2026-09-29
6201,44.2,47983,44.7,-1.1185682326621922,2026-09-29
6202,58.4,694313,58.199999999999996,0.34364261168384885,2026-09-29
6205,71.1,2134375,73.6,-3.396739130434783,2026-09-29
6206,143.0,1288184,139.0,2.877697841726619,2026-09-29
6209,81.5,10707256,79.9,2.002503128911139,2026-09-29
6213,620.0,27479007,595.0,4.201680672268908,2026-09-29
6214,189.0,1149103,190.5,-0.7874015748031495,2026-09-29
6215,97.2,178676,96.8,0.4132231404958678,2026-09-29
6216,19.5,49833,19.55,-0.2557544757033248,2026-09-29
6224,81.2,704380,82.2,-1.21654501216545,2026-09-29
6225,55.4,800324,50.4,9.920634920634921,2026-09-29
6226,45.55,2182112,44.0,3.5227272727272725,2026-09-29
6230,111.5,39395,113.0,-1.3274336283185841,2026-09-29
6235,38.85,229677,38.7,0.38759689922480617,2026-09-29
6239,281.0,6785487,287.0,-2.0905923344947737,2026-09-29
6243,39.0,362425,39.5,-1.2658227848101267,2026-09-29
6257,236.5,6304390,243.0,-2.674897119341564,2026-09-29
6269,64.9,1825258,64.80000000000001,0.15432098765432098,2026-09-29
6271,227.0,1230881,229.0,-0.8733624454148471,2026-09-29
6272,25.4,140022,25.299999999999997,0.3952569169960475,2026-09-29
6277,76.7,132823,77.8,-1.4138817480719794,2026-09-29
6278,216.0,11298020,212.0,1.8867924528301887,2026-09-29
6281,51.2,48633,51.0,0.39215686274509803,2026-09-29
6282,42.8,2561775,42.849999999999994,-0.11668611435239208,2026-09-29
6283,18.8,60120,18.85,-0.2652519893899204,2026-09-29
6285,232.5,2760613,238.0,-2.3109243697478994,2026-09-29
6405,45.55,1486305,41.449999999999996,9.891435464414958,2026-09-29
6409,877.0,225342,879.0,-0.22753128555176336,2026-09-29
6412,74.1,437674,74.6,-0.6702412868632708,2026-09-29
6414,398.0,3643742,374.0,6.417112299465241,2026-09-29
6415,409.0,3215719,425.5,-3.8777908343125738,2026-09-29
6416,116.0,276356,116.5,-0.4291845493562232,2026-09-29
6426,354.0,3408026,389.0,-8.997429305912597,2026-09-29
6431,17.55,40001,17.150000000000002,2.3323615160349855,2026-09-29
6438,162.0,1008689,157.5,2.857142857142857,2026-09-29
6442,1500.0,850892,1530.0,-1.9607843137254901,2026-09-29
6443,27.5,3356314,28.25,-2.6548672566371683,2026-09-29
6446,1195.0,2230766,1155.0,3.463203463203463,2026-09-29
6449,205.5,510332,209.5,-1.9093078758949882,2026-09-29
6451,416.5,822428,412.0,1.0922330097087378,2026-09-29
6456,89.4,18926798,81.30000000000001,9.963099630996307,2026-09-29
6464,75.8,19400,77.0,-1.5584415584415585,2026-09-29
6472,422.5,277944,421.5,0.2372479240806643,2026-09-29
6477,34.1,230701,34.0,0.29411764705882354,2026-09-29
6491,406.0,213667,402.0,0.9950248756218906,2026-09-29
6504,37.2,3094,37.050000000000004,0.40485829959514164,2026-09-29
6505,94.3,40587920,87.2,8.142201834862385,2026-09-29
6515,5675.0,384513,5850.0,-2.9914529914529915,2026-09-29
6525,133.5,552653,133.5,0.0,2026-09-29
6526,814.0,1776119,840.0,-3.0952380952380953,2026-09-29
6531,929.0,4705817,993.0,-6.445115810674723,2026-09-29
6533,303.5,11054299,276.0,9.96376811594203,2026-09-29
6534,89.8,13284,90.5,-0.7734806629834253,2026-09-29
6541,29.95,711417,30.3,-1.155115511551155,2026-09-29
6550,17.4,1596103,17.4,0.0,2026-09-29
6552,24.8,59443,24.650000000000002,0.6085192697768762,2026-09-29
6558,25.4,761437,24.5,3.6734693877551026,2026-09-29
6573,15.9,77020,15.9,0.0,2026-09-29
6579,157.5,667432,153.5,2.6058631921824107,2026-09-29
6581,108.0,11296,108.5,-0.4608294930875576,2026-09-29
6582,30.8,74462,31.0,-0.6451612903225806,2026-09-29
6585,103.5,79882,105.5,-1.8957345971563981,2026-09-29
6589,51.6,355887,51.4,0.3891050583657588,2026-09-29
6591,43.2,64009,44.2,-2.262443438914027,2026-09-29
6592,56.9,740809,57.6,-1.2152777777777777,2026-09-29
6592B,95.5,12076,95.5,0.0,2026-09-29
6598,27.2,87846,27.3,-0.3663003663003663,2026-09-29
6605,138.0,177541,138.5,-0.36101083032490977,2026-09-29
6606,24.75,77626,25.1,-1.394422310756972,2026-09-29
6614,35.15,37754,35.6,-1.2640449438202246,2026-09-29
6625,73.9,115776,74.0,-0.13513513513513514,2026-09-29
6641,16.95,1000,16.95,0.0,2026-09-29
6645,12.5,53051,12.5,0.0,2026-09-29
6655,124.5,3010,124.5,0.0,2026-09-29
6657,32.45,76576,32.800000000000004,-1.0670731707317072,2026-09-29
6658,181.0,206713,179.0,1.1173184357541899,2026-09-29
6666,45.65,20185,44.85,1.7837235228539576,2026-09-29
6668,47.65,1980484,47.55,0.21030494216614093,2026-09-29
6669,2100.0,1642771,2115.0,-0.7092198581560284,2026-09-29
6670,273.0,232821,273.0,0.0,2026-09-29
6671,22.85,9000,22.85,0.0,2026-09-29
6672,335.5,8175142,337.5,-0.5925925925925926,2026-09-29
6674,18.25,327304,18.35,-0.544959128065395,2026-09-29
6689,64.4,131757,63.900000000000006,0.7824726134585288,2026-09-29
6691,654.0,923010,667.0,-1.9490254872563717,2026-09-29
6695,54.1,1257413,49.9,8.41683366733467,2026-09-29
6698,33.9,241170,31.7,6.940063091482651,2026-09-29
6706,151.0,4511914,143.0,5.594405594405594,2026-09-29
6715,452.0,346088,468.5,-3.5218783351120595,2026-09-29
6719,184.0,432838,184.0,0.0,2026-09-29
6722,32.3,15187,32.449999999999996,-0.46224961479198773,2026-09-29
6742,54.2,723913,54.7,-0.9140767824497258,2026-09-29
6743,31.1,692999,30.6,1.6339869281045754,2026-09-29
6753,132.5,206011,132.5,0.0,2026-09-29
6754,41.4,11301,41.5,-0.24096385542168677,2026-09-29
6756,98.8,79769,97.5,1.3333333333333335,2026-09-29
6757,53.4,346431,53.4,0.0,2026-09-29
6768,62.5,101164,62.8,-0.47770700636942676,2026-09-29
6770,72.3,63341436,72.0,0.4166666666666667,2026-09-29
6771,41.8,20118,42.0,-0.4761904761904762,2026-09-29
6776,51.9,70436,52.199999999999996,-0.5747126436781609,2026-09-29
6781,1010.0,253538,1005.0,0.4975124378109453,2026-09-29
6782,234.5,129912,233.5,0.4282655246252677,2026-09-29
6789,478.5,922802,465.5,2.7926960257787328,2026-09-29
6790,37.6,128761,37.7,-0.2652519893899204,2026-09-29
6792,58.9,21104,58.8,0.17006802721088438,2026-09-29
6794,71.8,36010,72.89999999999999,-1.508916323731139,2026-09-29
6796,51.7,26423,51.400000000000006,0.5836575875486381,2026-09-29
6799,90.3,744102,86.6,4.272517321016167,2026-09-29
6805,2515.0,1045620,2530.0,-0.592885375494071,2026-09-29
6807,31.9,13913,31.9,0.0,2026-09-29
6830,533.0,911857,540.0,-1.2962962962962963,2026-09-29
6831,492.0,786787,497.5,-1.105527638190955,2026-09-29
6834,112.5,2757804,116.0,-3.0172413793103448,2026-09-29
6835,30.9,7241,31.299999999999997,-1.2779552715654954,2026-09-29
6838,25.65,274766,25.5,0.5882352941176471,2026-09-29
6854,91.0,88099,91.4,-0.437636761487965,2026-09-29
6861,285.0,2318339,279.5,1.9677996422182469,2026-09-29
6862,138.0,40327,139.0,-0.7194244604316548,2026-09-29
6863,96.2,35979,97.3,-1.130524152106886,2026-09-29
6869,70.9,457988,69.5,2.014388489208633,2026-09-29
6873,67.9,133311,67.9,0.0,2026-09-29
6885,31.0,1297844,31.15,-0.4815409309791332,2026-09-29
6887,38.1,17108,38.95,-2.1822849807445444,2026-09-29
6890,147.0,86198,146.5,0.3412969283276451,2026-09-29
6901,17.25,4821111,15.7,9.872611464968154,2026-09-29
6902,162.5,739617,176.5,-7.932011331444759,2026-09-29
6906,83.7,27331,83.0,0.8433734939759037,2026-09-29
6908,27.05,262835,30.0,-9.833333333333334,2026-09-29
6909,41.95,261738,41.5,1.0843373493975903,2026-09-29
6914,119.5,43637,120.5,-0.8298755186721992,2026-09-29
6916,18.45,36717,18.3,0.8196721311475409,2026-09-29
6918,74.0,277687,74.2,-0.2695417789757413,2026-09-29
6919,79.5,3299496,80.1,-0.7490636704119851,2026-09-29
6921,67.0,27012,63.9,4.851330203442879,2026-09-29
6923,74.8,57356,75.89999999999999,-1.449275362318841,2026-09-29
6924,135.0,11462,134.0,0.7462686567164178,2026-09-29
6928,45.5,29926,45.4,0.22026431718061676,2026-09-29
6931,38.75,45371,38.75,0.0,2026-09-29
6933,378.0,4137444,385.0,-1.8181818181818181,2026-09-29
6934,76.1,42232,75.5,0.7947019867549668,2026-09-29
6936,31.7,3150,31.7,0.0,2026-09-29
6937,308.0,1184738,300.5,2.4958402662229617,2026-09-29
6944,776.0,674422,760.0,2.1052631578947367,2026-09-29
6947,67.2,147551,67.2,0.0,2026-09-29
6949,49.2,3077533,50.300000000000004,-2.1868787276341948,2026-09-29
6951,69.1,28225,69.19999999999999,-0.14450867052023125,2026-09-29
6952,38.8,19852,38.5,0.7792207792207793,2026-09-29
6955,95.3,1008,94.2,1.1677282377919322,2026-09-29
6957,337.5,842520,307.0,9.93485342019544,2026-09-29
6958,17.05,35256,17.3,-1.4450867052023122,2026-09-29
6958A,21.85,1000,21.75,0.45977011494252873,2026-09-29
6962,31.85,1348910,31.450000000000003,1.2718600953895072,2026-09-29
6965,64.8,84456,67.1,-3.427719821162444,2026-09-29
6969,31.65,163053,30.65,3.2626427406199023,2026-09-29
6988,11.5,143000,11.7,-1.7094017094017095,2026-09-29
6994,26.6,299424,26.8,-0.7462686567164178,2026-09-29
7610,1730.0,565924,1830.0,-5.46448087431694,2026-09-29
7631,137.5,20037,137.5,0.0,2026-09-29
7689,158.5,26406,158.5,0.0,2026-09-29
7705,29.75,39583,29.9,-0.5016722408026756,2026-09-29
7711,546.0,438674,542.0,0.7380073800738007,2026-09-29
7721,61.8,33463,61.699999999999996,0.1620745542949757,2026-09-29
7722,258.0,53965,260.0,-0.7692307692307693,2026-09-29
7730,174.5,66534,172.0,1.4534883720930232,2026-09-29
7732,33.5,23025,33.5,0.0,2026-09-29
7736,68.2,27095,68.7,-0.727802037845706,2026-09-29
7740,102.0,337585,109.5,-6.8493150684931505,2026-09-29
7749,386.0,226401,395.5,-2.402022756005057,2026-09-29
7750,1960.0,82412,1970.0,-0.5076142131979695,2026-09-29
7760,33.25,17030,33.0,0.7575757575757576,2026-09-29
7765,237.0,111626,241.0,-1.6597510373443984,2026-09-29
7768,304.0,114668,304.5,-0.16420361247947454,2026-09-29
7769,5585.0,992836,5670.0,-1.4991181657848323,2026-09-29
7780,16.05,450257,16.05,0.0,2026-09-29
7786,118.5,110073,118.0,0.423728813559322,2026-09-29
7788,287.5,928026,289.5,-0.690846286701209,2026-09-29
7791,55.4,41945,55.8,-0.7168458781362008,2026-09-29
7795,496.0,517331,490.5,1.1213047910295617,2026-09-29
7799,490.5,621797,498.0,-1.5060240963855422,2026-09-29
7803,17.75,52156,18.0,-1.3888888888888888,2026-09-29
7812,69.4,64523,69.80000000000001,-0.5730659025787964,2026-09-29
7818,59.9,54677,59.9,0.0,2026-09-29
7821,36.1,176922,36.75,-1.7687074829931975,2026-09-29
7822,976.0,361243,920.0,6.086956521739131,2026-09-29
7823,80.0,39162,81.0,-1.2345679012345678,2026-09-29
7827,163.5,407175,162.5,0.6153846153846154,2026-09-29
7835,20.0,44054,20.0,0.0,2026-09-29
7855,41.5,867500,41.85,-0.8363201911589008,2026-09-29
8011,15.8,169654,15.9,-0.628930817610063,2026-09-29
8016,285.0,334696,283.5,0.5291005291005291,2026-09-29
8021,480.0,755727,480.0,0.0,2026-09-29
8028,289.0,18892813,269.0,7.434944237918216,2026-09-29
8033,169.0,1566222,168.5,0.2967359050445104,2026-09-29
8039,273.5,14052899,258.5,5.802707930367505,2026-09-29
8045,53.4,85861,53.3,0.1876172607879925,2026-09-29
8046,1270.0,9218794,1240.0,2.4193548387096775,2026-09-29
8070,49.7,667296,49.7,0.0,2026-09-29
8072,27.8,148699,28.35,-1.9400352733686066,2026-09-29
8081,255.5,360523,254.0,0.5905511811023622,2026-09-29
8101,10.7,6828,10.95,-2.2831050228310503,2026-09-29
8103,117.0,3898756,123.0,-4.878048780487805,2026-09-29
8104,31.4,414116,31.049999999999997,1.1272141706924315,2026-09-29
8105,14.9,988490,14.85,0.3367003367003367,2026-09-29
8110,48.4,4399510,49.0,-1.2244897959183674,2026-09-29
8112,82.7,3568622,83.5,-0.9580838323353293,2026-09-29
8112A,45.75,15732,45.85,-0.21810250817884408,2026-09-29
8114,179.0,213036,177.5,0.8450704225352111,2026-09-29
8131,61.6,607921,61.4,0.32573289902280134,2026-09-29
8150,104.5,53281367,112.0,-6.696428571428571,2026-09-29
8162,65.4,412662,65.10000000000001,0.4608294930875575,2026-09-29
8163,30.15,385982,30.049999999999997,0.3327787021630616,2026-09-29
8201,14.6,843746,13.299999999999999,9.774436090225565,2026-09-29
8210,877.0,1137156,897.0,-2.229654403567447,2026-09-29
8213,32.8,529799,33.099999999999994,-0.906344410876133,2026-09-29
8215,28.0,1185197,27.9,0.3584229390681004,2026-09-29
8222,35.3,101144,35.15,0.42674253200568996,2026-09-29
8249,39.05,384513,39.349999999999994,-0.7623888182973317,2026-09-29
8261,176.5,1003785,176.0,0.2840909090909091,2026-09-29
8271,199.5,564200,200.0,-0.25,2026-09-29
8341,74.3,101431,74.5,-0.26845637583892623,2026-09-29
8367,40.05,7068,40.599999999999994,-1.3546798029556653,2026-09-29
8374,76.0,105764,75.3,0.9296148738379815,2026-09-29
8404,13.15,378530,13.55,-2.952029520295203,2026-09-29
8411,11.9,435221,12.1,-1.6528925619834711,2026-09-29
8422,25.5,2697535,25.55,-0.19569471624266144,2026-09-29
8429,5.85,149803,5.89,-0.6791171477079797,2026-09-29
8438,80.0,682528,76.6,4.43864229765013,2026-09-29
8442,44.8,39185,44.449999999999996,0.7874015748031495,2026-09-29
8443,11.15,3566,11.200000000000001,-0.4464285714285714,2026-09-29
8454,236.0,339721,239.0,-1.2552301255230125,2026-09-29
8462,157.0,55925,158.0,-0.6329113924050633,2026-09-29
8463,20.95,101166,21.2,-1.179245283018868,2026-09-29
8464,372.5,525038,372.5,0.0,2026-09-29
8466,15.25,33002,15.6,-2.2435897435897436,2026-09-29
8467,88.0,5340,89.0,-1.1235955056179776,2026-09-29
8473,39.5,286371,39.4,0.2538071065989848,2026-09-29
8476,19.85,247315,19.5,1.7948717948717947,2026-09-29
8478,139.0,48714,139.5,-0.35842293906810035,2026-09-29
8481,40.7,23000,40.95,-0.6105006105006106,2026-09-29
8482,47.05,1000,47.05,0.0,2026-09-29
8487,70.4,15023,71.10000000000001,-0.9845288326300984,2026-09-29
8488,9.8,8000,9.850000000000001,-0.5076142131979695,2026-09-29
8499,257.0,17191,254.5,0.9823182711198428,2026-09-29
8926,58.3,1273804,58.8,-0.8503401360544218,2026-09-29
8940,15.0,13923,15.0,0.0,2026-09-29
8996,1585.0,5083158,1530.0,3.594771241830065,2026-09-29
9103,4.96,524463,4.97,-0.2012072434607646,2026-09-29
910322,23.45,1291,23.349999999999998,0.4282655246252677,2026-09-29
9105,8.66,22593426,8.43,2.7283511269276395,2026-09-29
910861,4.71,137019,4.62,1.948051948051948,2026-09-29
9110,2.85,13000,2.8200000000000003,1.0638297872340423,2026-09-29
911608,2.7,6178,2.6700000000000004,1.1235955056179774,2026-09-29
911622,3.6,6000,3.5900000000000003,0.2785515320334262,2026-09-29
911868,1.16,88521,1.15,0.8695652173913043,2026-09-29
912000,2.49,298000,2.5100000000000002,-0.796812749003984,2026-09-29
9136,9.13,331515,9.190000000000001,-0.6528835690968442,2026-09-29
9802,64.7,372962,63.7,1.5698587127158554,2026-09-29
9902,13.05,106715,13.200000000000001,-1.1363636363636362,2026-09-29
9904,24.8,8331264,24.95,-0.6012024048096193,2026-09-29
9905,21.2,62421,21.2,0.0,2026-09-29
9906,39.3,54943,39.599999999999994,-0.7575757575757577,2026-09-29
9907,14.7,2608962,14.85,-1.01010101010101,2026-09-29
9908,28.9,105882,28.95,-0.17271157167530227,2026-09-29
9910,69.1,691928,69.39999999999999,-0.43227665706051877,2026-09-29
9911,81.6,196240,81.39999999999999,0.24570024570024573,2026-09-29
9912,12.95,12357,12.899999999999999,0.3875968992248063,2026-09-29
9914,67.1,1913117,66.69999999999999,0.5997001499250376,2026-09-29
9917,105.5,337338,106.0,-0.4716981132075472,2026-09-29
9918,42.5,14677,42.7,-0.468384074941452,2026-09-29
9919,13.7,725134,13.85,-1.083032490974729,2026-09-29
9921,94.1,1580527,90.6,3.863134657836645,2026-09-29
9924,37.75,51682,37.8,-0.1322751322751323,2026-09-29
9925,39.45,581438,39.650000000000006,-0.5044136191677174,2026-09-29
9926,48.8,12055,48.9,-0.2044989775051125,2026-09-29
9927,69.9,448407,70.2,-0.42735042735042733,2026-09-29
9928,17.8,62990,17.55,1.4245014245014245,2026-09-29
9929,10.9,6694,10.9,0.0,2026-09-29
9930,60.2,99688,60.400000000000006,-0.33112582781456956,2026-09-29
9931,33.7,22798,33.800000000000004,-0.2958579881656805,2026-09-29
9933,40.35,1752598,41.0,-1.5853658536585367,2026-09-29
9934,9.85,352758,9.84,0.10162601626016261,2026-09-29
9935,18.2,209319,18.25,-0.273972602739726,2026-09-29
9937,54.1,30473,54.2,-0.18450184501845018,2026-09-29
9938,38.2,511066,38.050000000000004,0.39421813403416556,2026-09-29
9939,124.5,401073,124.5,0.0,2026-09-29
9940,19.9,417812,20.049999999999997,-0.7481296758104738,2026-09-29
9941,78.3,1151910,79.2,-1.1363636363636365,2026-09-29
9941A,48.8,3000,48.849999999999994,-0.10235414534288641,2026-09-29
9942,113.0,115960,114.0,-0.8771929824561403,2026-09-29
9943,50.2,80614,50.5,-0.594059405940594,2026-09-29
9944,17.1,32754,17.25,-0.8695652173913043,2026-09-29
9945,29.05,7370448,29.900000000000002,-2.842809364548495,2026-09-29
9946,16.85,232370,17.1,-1.461988304093567,2026-09-29
9955,22.7,378978,23.0,-1.3043478260869565,2026-09-29
9958,92.1,596425,92.19999999999999,-0.10845986984815621,2026-09-29
00411A,10.33,8076563,10.47,-1.3371537726838587,2026-09-29
006201,46.0,101465,46.17,-0.36820446177171323,2026-09-29
00679B,24.72,45388916,25.279999999999998,-2.2151898734177218,2026-09-29
00687B,25.67,32439567,26.28,-2.3211567732115674,2026-09-29
00687C,8.7,26000,8.899999999999999,-2.2471910112359557,2026-09-29
00694B,41.58,267880,41.64,-0.1440922190201729,2026-09-29
00695B,33.63,381858,33.940000000000005,-0.9133765468473776,2026-09-29
00696B,26.92,4554661,27.540000000000003,-2.2512708787218587,2026-09-29
00697B,33.89,735518,34.160000000000004,-0.7903981264637002,2026-09-29
00719B,30.91,2923722,30.95,-0.12924071082390953,2026-09-29
00720B,30.9,12092089,31.529999999999998,-1.9980970504281639,2026-09-29
00722B,33.15,7530878,33.839999999999996,-2.039007092198582,2026-09-29
00723B,28.36,134093,29.0,-2.206896551724138,2026-09-29
00724B,31.56,4119569,32.22,-2.048417132216015,2026-09-29
00725B,32.93,6227745,33.589999999999996,-1.9648704971717774,2026-09-29
00726B,31.22,346109,31.72,-1.5762925598991173,2026-09-29
00727B,38.95,130969,39.09,-0.3581478639038117,2026-09-29
00734B,14.96,790731,15.23,-1.772816808929744,2026-09-29
00740B,35.95,1528675,36.67,-1.9634578674665937,2026-09-29
00741B,36.9,113472,36.94,-0.10828370330265295,2026-09-29
00746B,33.26,1469333,33.879999999999995,-1.8299881936245574,2026-09-29
00749B,29.86,145232,30.47,-2.0019691499835903,2026-09-29
00750B,30.6,101250,31.290000000000003,-2.2051773729626074,2026-09-29
00751B,28.92,14060282,29.560000000000002,-2.165087956698241,2026-09-29
00754B,30.32,131683,31.02,-2.256608639587363,2026-09-29
00755B,30.54,141722,31.119999999999997,-1.8637532133676094,2026-09-29
00756B,29.14,284612,29.73,-1.984527413387151,2026-09-29
00758B,48.54,100164,49.56,-2.0581113801452786,2026-09-29
00759B,50.8,100098,51.949999999999996,-2.213666987487969,2026-09-29
00760B,50.5,107140,51.5,-1.9417475728155338,2026-09-29
00761B,31.86,580839,32.519999999999996,-2.0295202952029525,2026-09-29
00764B,25.63,2721161,26.24,-2.3246951219512195,2026-09-29
00768B,45.99,747498,47.1,-2.3566878980891723,2026-09-29
00772B,31.17,7741119,31.840000000000003,-2.1042713567839195,2026-09-29
00773B,33.31,1683892,33.99,-2.000588408355399,2026-09-29
00777B,30.09,114417,30.73,-2.082655385616661,2026-09-29
00778B,31.86,102155,32.56,-2.14987714987715,2026-09-29
00779B,25.86,355477,26.47,-2.30449565545901,2026-09-29
00780B,35.31,118171,35.74,-1.2031337437045326,2026-09-29
00781B,25.77,207270,26.29,-1.9779383796120198,2026-09-29
00782B,28.42,319066,28.98,-1.9323671497584543,2026-09-29
00785B,32.68,178227,33.4,-2.155688622754491,2026-09-29
00786B,30.7,16627,31.259999999999998,-1.791426743442099,2026-09-29
00787B,30.27,37933,30.9,-2.0388349514563107,2026-09-29
00788B,28.1,42551,28.700000000000003,-2.090592334494773,2026-09-29
00789B,44.41,111158,45.529999999999994,-2.459916538546014,2026-09-29
00791B,56.0,109035,56.45,-0.7971656333038087,2026-09-29
00792B,29.16,129160,29.85,-2.3115577889447234,2026-09-29
00795B,24.83,9688313,25.409999999999997,-2.2825659189295555,2026-09-29
00799B,27.55,362203,28.11,-1.9921736036997513,2026-09-29
00834B,31.94,252306,32.69,-2.2942795962067914,2026-09-29
00836B,26.43,88123,27.15,-2.6519337016574585,2026-09-29
00840B,27.68,102443,28.27,-2.0870180403254333,2026-09-29
00841B,26.43,105248,27.06,-2.328159645232816,2026-09-29
00842B,28.36,609361,28.89,-1.8345448251990308,2026-09-29
00844B,29.39,126169,29.96,-1.9025367156208277,2026-09-29
00845B,31.57,164101,32.03,-1.4361536059943802,2026-09-29
00846B,34.07,103257,34.53,-1.332174920359108,2026-09-29
00847B,23.52,320433,23.9,-1.5899581589958163,2026-09-29
00848B,32.43,318326,32.98,-1.667677380230443,2026-09-29
00849B,37.12,310424,37.239999999999995,-0.322234156820623,2026-09-29
00853B,25.53,1249735,26.07,-2.0713463751438437,2026-09-29
00856B,37.0,4585,37.08,-0.21574973031283715,2026-09-29
00857B,21.37,1931847,21.86,-2.241537053979872,2026-09-29
00858,36.0,296191,36.12,-0.33222591362126247,2026-09-29
00859B,40.61,3447249,40.63,-0.04922471080482402,2026-09-29
00860B,37.66,101000,37.739999999999995,-0.21197668256491786,2026-09-29
00862B,29.25,1257780,29.92,-2.2393048128342246,2026-09-29
00863B,29.38,232557,30.05,-2.2296173044925127,2026-09-29
00864B,46.15,895169,46.17,-0.043318171973142736,2026-09-29
00867B,28.24,44220,29.06,-2.821748107364074,2026-09-29
00870B,26.22,349142,26.939999999999998,-2.6726057906458798,2026-09-29
00877,35.31,6438061,37.93,-6.907461112575798,2026-09-29
00884B,27.62,283064,28.28,-2.333804809052334,2026-09-29
00886,49.48,22195,49.66,-0.36246476037051956,2026-09-29
00887,15.3,7650067,15.89,-3.7130270610446816,2026-09-29
00888,35.85,4683272,36.0,-0.4166666666666667,2026-09-29
00890B,29.94,113304,30.68,-2.411994784876141,2026-09-29
00928,33.1,212807,33.33,-0.6900690069006901,2026-09-29
00931B,12.51,3276496,12.78,-2.1126760563380285,2026-09-29
00933B,14.97,25826274,15.24,-1.7716535433070866,2026-09-29
00937B,13.8,130688891,14.110000000000001,-2.19702338766832,2026-09-29
00942B,13.21,2059096,13.530000000000001,-2.3651145602365116,2026-09-29
00948B,8.81,7169703,9.01,-2.219755826859046,2026-09-29
00950B,13.14,4674588,13.42,-2.086438152011923,2026-09-29
00955,15.77,3916076,16.08,-1.9278606965174132,2026-09-29
00957B,12.5,688089,12.78,-2.1909233176838816,2026-09-29
00958B,8.65,1304670,8.83,-2.0385050962627407,2026-09-29
00959B,8.79,2925418,8.979999999999999,-2.115812917594655,2026-09-29
00966B,13.02,1814989,13.32,-2.2522522522522523,2026-09-29
00967B,8.52,1133581,8.68,-1.8433179723502304,2026-09-29
00968B,8.66,2817134,8.83,-1.9252548131370328,2026-09-29
00969B,7.52,2560577,7.829999999999999,-3.959131545338442,2026-09-29
00970B,8.74,3557563,8.92,-2.0179372197309418,2026-09-29
009806,13.69,206322,13.74,-0.363901018922853,2026-09-29
009807,17.66,23310,17.81,-0.8422234699606963,2026-09-29
00980B,8.86,1915193,9.04,-1.991150442477876,2026-09-29
00980D,19.48,2472276,19.73,-1.2671059300557528,2026-09-29
00980T,12.02,17410,12.03,-0.0831255195344971,2026-09-29
009814,11.38,923204,11.41,-0.26292725679228746,2026-09-29
009815,11.89,2132121,11.93,-0.3352891869237217,2026-09-29
00981B,8.96,25368107,9.020000000000001,-0.6651884700665187,2026-09-29
00981D,10.07,5188740,10.16,-0.8858267716535433,2026-09-29
009822,9.46,624719,9.88,-4.251012145748987,2026-09-29
009823,10.43,2889600,10.459999999999999,-0.28680688336520077,2026-09-29
009825,9.8,393288,9.92,-1.2096774193548387,2026-09-29
00982B,9.16,672033,9.31,-1.6111707841031147,2026-09-29
00983B,14.49,1848103,14.82,-2.2267206477732797,2026-09-29
00984B,15.25,2332939,15.59,-2.1808851828094933,2026-09-29
00985D,9.47,2383214,9.65,-1.865284974093264,2026-09-29
00986B,9.26,32234,9.36,-1.0683760683760686,2026-09-29
00986D,13.89,1551900,14.08,-1.3494318181818181,2026-09-29
00987B,15.32,572664,15.44,-0.7772020725388601,2026-09-29
00987D,9.52,2327683,9.709999999999999,-1.9567456230690012,2026-09-29
00988B,19.18,2364204,19.31,-0.673226307612636,2026-09-29
00989B,9.87,6689770,9.93,-0.6042296072507553,2026-09-29
00990B,9.85,5122990,9.879999999999999,-0.30364372469635625,2026-09-29
00998A,16.65,5337188,16.63,0.12026458208057728,2026-09-29
020025,39.69,247000,40.33,-1.5869080089263576,2026-09-29
020033,3.44,90000,3.4699999999999998,-0.8645533141210375,2026-09-29
020041,20.82,72000,20.95,-0.6205250596658712,2026-09-29
1240,53.8,31488,55.199999999999996,-2.536231884057971,2026-09-29
1259,68.0,18657,68.0,0.0,2026-09-29
1264,244.0,7370,244.5,-0.2044989775051125,2026-09-29
1268,175.5,25752,174.5,0.5730659025787965,2026-09-29
1294,50.2,26229,50.300000000000004,-0.19880715705765406,2026-09-29
1295,47.15,29947,47.1,0.10615711252653928,2026-09-29
1336,16.8,91890,17.1,-1.7543859649122806,2026-09-29
1565,95.9,84730,95.5,0.41884816753926707,2026-09-29
1569,65.0,4375047,64.7,0.46367851622874806,2026-09-29
1570,33.0,87255,32.85,0.45662100456621,2026-09-29
1580,97.1,25322,97.0,0.10309278350515465,2026-09-29
1584,18.05,498505,18.0,0.2777777777777778,2026-09-29
1586,18.0,205157,18.0,0.0,2026-09-29
1591,41.1,259930,40.4,1.7326732673267324,2026-09-29
1593,31.65,10923,31.799999999999997,-0.4716981132075472,2026-09-29
1595,77.6,2105424,77.39999999999999,0.2583979328165375,2026-09-29
1599,23.0,4730,23.05,-0.21691973969631237,2026-09-29
1742,17.7,17541,17.5,1.1428571428571428,2026-09-29
1777,74.0,12500,74.3,-0.4037685060565276,2026-09-29
1780,25.2,81750,24.7,2.0242914979757085,2026-09-29
1781,9.99,18027,10.05,-0.5970149253731343,2026-09-29
1784,61.3,50918,61.3,0.0,2026-09-29
1785,98.0,4865877,95.8,2.296450939457203,2026-09-29
1788,128.0,14685,128.0,0.0,2026-09-29
1796,28.8,9254,29.5,-2.3728813559322033,2026-09-29
1799,28.4,167649,28.9,-1.7301038062283738,2026-09-29
1813,11.3,7666,11.3,0.0,2026-09-29
1815,116.0,17119376,116.0,0.0,2026-09-29
2061,59.4,1926700,54.0,10.0,2026-09-29
2063,23.45,57031,23.599999999999998,-0.6355932203389831,2026-09-29
2064,11.9,300003,11.9,0.0,2026-09-29
2065,35.15,33992,35.199999999999996,-0.14204545454545456,2026-09-29
2066,52.7,17129,52.900000000000006,-0.37807183364839314,2026-09-29
2067,5.2,10001,5.22,-0.3831417624521073,2026-09-29
2070,62.8,91389,61.0,2.9508196721311477,2026-09-29
2073,25.2,1000,25.9,-2.7027027027027026,2026-09-29
2221,180.0,2048186,164.0,9.75609756097561,2026-09-29
2230,21.75,95172,22.45,-3.1180400890868594,2026-09-29
2596,35.25,11700,35.45,-0.5641748942172073,2026-09-29
2640,158.5,23640,157.0,0.9554140127388535,2026-09-29
2641,17.3,1029365,17.55,-1.4245014245014245,2026-09-29
2643,62.7,3117,62.7,0.0,2026-09-29
2718,40.65,3891,40.8,-0.3676470588235294,2026-09-29
2719,19.2,4377,19.55,-1.7902813299232736,2026-09-29
2726,8.03,14050,8.08,-0.6188118811881188,2026-09-29
2729,158.0,2582,157.5,0.31746031746031744,2026-09-29
2732,64.4,11010,63.2,1.8987341772151896,2026-09-29
2734,14.4,38636,14.5,-0.6896551724137931,2026-09-29
2736,11.35,16288,11.25,0.8888888888888888,2026-09-29
2740,30.65,4328,30.7,-0.16286644951140067,2026-09-29
2743,53.3,22399,54.3,-1.841620626151013,2026-09-29
2745,84.0,37989,84.6,-0.7092198581560284,2026-09-29
2751,52.6,4152,54.300000000000004,-3.1307550644567215,2026-09-29
2752,177.5,12512,178.0,-0.2808988764044944,2026-09-29
2754,68.0,12269,68.3,-0.43923865300146414,2026-09-29
2755,99.0,24851,98.7,0.303951367781155,2026-09-29
2756,62.5,8035,63.0,-0.7936507936507936,2026-09-29
2916,40.55,7567,40.599999999999994,-0.12315270935960593,2026-09-29
2924,18.45,8030,19.0,-2.8947368421052633,2026-09-29
2926,29.55,18375,30.1,-1.8272425249169437,2026-09-29
2937,44.7,5006,44.7,0.0,2026-09-29
2938,18.55,27291,18.900000000000002,-1.8518518518518514,2026-09-29
2941,32.15,1000,32.3,-0.46439628482972134,2026-09-29
2948,36.8,6093,36.5,0.821917808219178,2026-09-29
3066,29.5,2779985,27.4,7.664233576642336,2026-09-29
3067,16.9,1000,16.549999999999997,2.1148036253776437,2026-09-29
3071,22.9,106810,23.0,-0.43478260869565216,2026-09-29
3073,20.6,13694,20.3,1.477832512315271,2026-09-29
3078,45.65,284931,45.449999999999996,0.4400440044004401,2026-09-29
3081,2650.0,1244647,2700.0,-1.8518518518518516,2026-09-29
3083,22.7,47020,22.849999999999998,-0.6564551422319476,2026-09-29
3085,11.4,8152,11.450000000000001,-0.43668122270742354,2026-09-29
3086,27.7,132801,28.3,-2.1201413427561837,2026-09-29
3088,136.0,1736593,129.5,5.019305019305019,2026-09-29
3093,43.9,356587,44.8,-2.0089285714285716,2026-09-29
3095,34.0,5027,34.0,0.0,2026-09-29
3105,493.0,15337974,502.0,-1.7928286852589643,2026-09-29
3114,35.0,1782298,34.25,2.18978102189781,2026-09-29
3115,8.6,14905,7.9799999999999995,7.769423558897244,2026-09-29
3118,31.35,29199,30.85,1.6207455429497568,2026-09-29
3122,23.5,38741,24.0,-2.083333333333333,2026-09-29
3128,20.35,39603,20.35,0.0,2026-09-29
3131,2475.0,556292,2410.0,2.6970954356846475,2026-09-29
3141,85.2,1556450,83.9,1.5494636471990464,2026-09-29
3147,243.0,580123,243.0,0.0,2026-09-29
3152,226.0,88925,231.5,-2.375809935205184,2026-09-29
3158,85.2,14634,85.4,-0.234192037470726,2026-09-29
3162,80.9,4087589,73.60000000000001,9.918478260869563,2026-09-29
3163,646.0,1040579,653.0,-1.0719754977029097,2026-09-29
3169,115.5,471880,114.5,0.8733624454148471,2026-09-29
3171,58.3,7511,59.0,-1.1864406779661016,2026-09-29
3176,37.35,281029,37.75,-1.0596026490066226,2026-09-29
3178,69.4,142994,68.9,0.7256894049346879,2026-09-29
3188,23.45,22206,23.5,-0.2127659574468085,2026-09-29
3191,16.5,21013,16.75,-1.4925373134328357,2026-09-29
3205,46.75,52156,46.95,-0.42598509052183176,2026-09-29
3206,34.55,8051,34.599999999999994,-0.14450867052023125,2026-09-29
3207,38.25,108012,37.95,0.7905138339920948,2026-09-29
3211,386.0,3990947,378.5,1.9815059445178336,2026-09-29
3213,125.5,154639,124.5,0.8032128514056224,2026-09-29
3217,130.0,132995,129.5,0.3861003861003861,2026-09-29
3218,133.5,88655,134.5,-0.7434944237918215,2026-09-29
3219,125.5,1432360,114.5,9.606986899563319,2026-09-29
3221,50.8,4932683,49.099999999999994,3.462321792260693,2026-09-29
3224,31.0,69475,31.9,-2.8213166144200628,2026-09-29
3226,60.1,64677,58.5,2.735042735042735,2026-09-29
3227,185.5,602868,183.5,1.08991825613079,2026-09-29
3228,180.0,944468,174.0,3.4482758620689653,2026-09-29
3230,41.7,520652,40.2,3.731343283582089,2026-09-29
3232,20.8,57801,21.1,-1.4218009478672986,2026-09-29
3234,174.5,1771660,178.0,-1.9662921348314606,2026-09-29
3236,44.1,1446843,43.85,0.5701254275940707,2026-09-29
3252,15.45,8007,15.299999999999999,0.9803921568627451,2026-09-29
3259,9.71,16545,9.950000000000001,-2.412060301507537,2026-09-29
3260,377.0,2852281,378.0,-0.26455026455026454,2026-09-29
3264,241.5,10639347,246.0,-1.8292682926829267,2026-09-29
3265,180.5,745804,183.0,-1.366120218579235,2026-09-29
3268,21.5,437882,19.95,7.769423558897244,2026-09-29
3272,13.7,65674,13.95,-1.792114695340502,2026-09-29
3276,13.85,38736,13.799999999999999,0.3623188405797102,2026-09-29
3284,19.4,95998,19.75,-1.772151898734177,2026-09-29
3285,41.6,41616,41.45,0.36188178528347403,2026-09-29
3287,41.2,474427,41.050000000000004,0.3654080389768574,2026-09-29
3288,20.9,43372,21.0,-0.4761904761904762,2026-09-29
3289,139.5,461126,140.0,-0.35714285714285715,2026-09-29
3290,47.8,922620,46.25,3.3513513513513513,2026-09-29
3293,779.0,3493044,761.0,2.3653088042049935,2026-09-29
3294,32.9,1377083,33.65,-2.2288261515601784,2026-09-29
3297,32.85,304229,34.35,-4.366812227074235,2026-09-29
3303,48.35,165663,48.2,0.3112033195020747,2026-09-29
3306,47.6,268293,45.65,4.271631982475356,2026-09-29
3310,68.9,10218,68.30000000000001,0.8784773060029281,2026-09-29
3313,10.5,8234,10.5,0.0,2026-09-29
3317,65.4,3988842,68.30000000000001,-4.245973645680819,2026-09-29
3322,11.1,106991,11.1,0.0,2026-09-29
3323,29.35,1058356,27.85,5.385996409335727,2026-09-29
3324,1630.0,3944388,1710.0,-4.678362573099415,2026-09-29
3325,11.7,94626,11.95,-2.0920502092050213,2026-09-29
3339,46.2,1761975,47.2,-2.11864406779661,2026-09-29
3349,19.95,60289,19.9,0.2512562814070352,2026-09-29
3354,29.25,761467,30.0,-2.5,2026-09-29
3357,203.0,435107,206.0,-1.4563106796116505,2026-09-29
3360,15.1,165575,15.049999999999999,0.3322259136212625,2026-09-29
3362,171.0,754987,173.0,-1.1560693641618496,2026-09-29
3363,652.0,1588714,652.0,0.0,2026-09-29
3372,16.3,404533,15.8,3.164556962025316,2026-09-29
3373,16.05,23180,16.0,0.3125,2026-09-29
3374,455.0,2082291,449.0,1.3363028953229399,2026-09-29
3379,27.3,60824,27.25,0.1834862385321101,2026-09-29
3388,81.6,172753,82.0,-0.4878048780487805,2026-09-29
3390,22.3,189866,21.85,2.059496567505721,2026-09-29
3402,131.0,316424,129.5,1.1583011583011582,2026-09-29
3430,112.5,336627,112.5,0.0,2026-09-29
3434,31.55,56587,31.6,-0.15822784810126583,2026-09-29
3438,61.3,28616,61.099999999999994,0.3273322422258593,2026-09-29
3441,185.0,785776,181.0,2.209944751381215,2026-09-29
3444,80.6,218211,80.3,0.37359900373599003,2026-09-29
3455,267.0,5606347,258.0,3.488372093023256,2026-09-29
3465,29.65,2029,29.65,0.0,2026-09-29
3466,23.85,81026,23.900000000000002,-0.20920502092050208,2026-09-29
3467,74.6,1591365,81.5,-8.466257668711657,2026-09-29
3479,138.5,1093740,136.0,1.8382352941176472,2026-09-29
3483,77.5,231184,77.5,0.0,2026-09-29
3484,46.75,130189,46.25,1.0810810810810811,2026-09-29
3485,201.0,134741,200.0,0.5,2026-09-29
3489,23.25,194340,22.65,2.6490066225165565,2026-09-29
3490,45.1,4296318,45.050000000000004,0.11098779134295228,2026-09-29
3491,1510.0,1557957,1555.0,-2.8938906752411575,2026-09-29
3492,19.05,8207,19.150000000000002,-0.5221932114882507,2026-09-29
3498,235.0,4815318,214.0,9.813084112149532,2026-09-29
3499,13.7,7116,13.7,0.0,2026-09-29
3508,25.95,553665,26.2,-0.9541984732824428,2026-09-29
3511,19.45,103360,19.4,0.2577319587628866,2026-09-29
3512,19.2,8256,19.25,-0.2597402597402597,2026-09-29
3516,25.0,7080,25.1,-0.398406374501992,2026-09-29
3520,17.1,171655,17.200000000000003,-0.5813953488372092,2026-09-29
3521,11.75,37068,11.8,-0.423728813559322,2026-09-29
3522,12.55,177155,12.65,-0.7905138339920948,2026-09-29
3523,14.95,16200,14.95,0.0,2026-09-29
3526,270.5,160096,270.0,0.1851851851851852,2026-09-29
3527,51.6,41773,51.0,1.1764705882352942,2026-09-29
3529,3305.0,2351416,3230.0,2.321981424148607,2026-09-29
3537,52.6,70854,53.2,-1.1278195488721803,2026-09-29
3540,22.7,205017,22.75,-0.21978021978021978,2026-09-29
3541,24.45,82309,24.5,-0.20408163265306123,2026-09-29
3546,72.7,44760,73.10000000000001,-0.5471956224350205,2026-09-29
3548,77.1,111887,77.1,0.0,2026-09-29
3551,186.5,949694,182.5,2.191780821917808,2026-09-29
3552,43.45,631413,45.400000000000006,-4.295154185022025,2026-09-29
3555,168.0,63354,166.0,1.2048192771084338,2026-09-29
3556,57.9,110233,57.5,0.6956521739130435,2026-09-29
3558,124.5,55201,122.0,2.0491803278688523,2026-09-29
3564,50.4,274961,49.449999999999996,1.9211324570273005,2026-09-29
3567,25.8,356304,25.6,0.78125,2026-09-29
3570,167.0,11923,168.0,-0.5952380952380952,2026-09-29
3577,122.0,1014268,114.0,7.017543859649122,2026-09-29
3580,111.0,3318791,102.0,8.823529411764707,2026-09-29
3581,106.5,217156,104.0,2.403846153846154,2026-09-29
3587,239.5,290956,238.5,0.41928721174004197,2026-09-29
3594,47.2,254917,46.7,1.070663811563169,2026-09-29
3597,27.85,44775,27.700000000000003,0.5415162454873645,2026-09-29
3609,23.5,52195,23.05,1.9522776572668112,2026-09-29
3611,183.0,23951,183.0,0.0,2026-09-29
3615,41.65,3489345,37.9,9.894459102902376,2026-09-29
3623,29.15,328041,28.299999999999997,3.0035335689045937,2026-09-29
3624,140.0,19122453,140.0,0.0,2026-09-29
3625,11.2,520610,11.5,-2.608695652173913,2026-09-29
3628,72.9,54788,74.30000000000001,-1.884253028263795,2026-09-29
3629,17.3,1000,18.2,-4.945054945054945,2026-09-29
3630,26.65,336672,27.0,-1.2962962962962963,2026-09-29
3631,39.95,64375,40.150000000000006,-0.49813200498132004,2026-09-29
3632,7.19,13948,7.2,-0.1388888888888889,2026-09-29
3646,24.8,6033,24.75,0.20202020202020202,2026-09-29
3663,62.4,552336,61.5,1.4634146341463417,2026-09-29
3664,8.86,91000,8.86,0.0,2026-09-29
3666,25.3,40232,25.2,0.3968253968253969,2026-09-29
3672,12.5,16298,12.6,-0.7936507936507938,2026-09-29
3675,334.0,2794739,335.0,-0.2985074626865672,2026-09-29
3680,548.0,1084110,542.0,1.107011070110701,2026-09-29
3684,53.4,6673,53.199999999999996,0.37593984962406024,2026-09-29
3685,35.2,324384,35.2,0.0,2026-09-29
3687,60.3,28670,60.3,0.0,2026-09-29
3689,110.0,268244,110.5,-0.4524886877828055,2026-09-29
3691,118.5,1334507,121.0,-2.066115702479339,2026-09-29
3693,702.0,1326585,729.0,-3.7037037037037033,2026-09-29
3707,72.9,20586873,72.80000000000001,0.13736263736263735,2026-09-29
3709,64.0,235676,63.1,1.4263074484944533,2026-09-29
3710,8.52,423175,7.819999999999999,8.951406649616368,2026-09-29
3713,13.9,45253,14.0,-0.7142857142857143,2026-09-29
3718,64.6,1115318,65.1,-0.7680491551459294,2026-09-29
4102,18.35,7365,18.5,-0.8108108108108109,2026-09-29
4105,78.8,294114,78.3,0.6385696040868455,2026-09-29
4107,110.5,43059,110.0,0.45454545454545453,2026-09-29
4109,11.05,54225,11.05,0.0,2026-09-29
4111,28.8,17306,28.7,0.34843205574912894,2026-09-29
4113,15.55,618837,15.55,0.0,2026-09-29
4114,29.3,608044,29.400000000000002,-0.3401360544217687,2026-09-29
4116,39.4,11383,39.3,0.2544529262086514,2026-09-29
4120,46.1,4174,46.0,0.21739130434782608,2026-09-29
4121,12.75,18132,12.8,-0.390625,2026-09-29
4123,31.0,1038188,30.95,0.16155088852988692,2026-09-29
4126,77.9,8377,77.80000000000001,0.12853470437017994,2026-09-29
4127,47.5,312822,48.7,-2.464065708418891,2026-09-29
4128,15.0,1201076,14.85,1.01010101010101,2026-09-29
4129,82.9,124785,82.30000000000001,0.7290400972053462,2026-09-29
4131,31.95,20000,32.0,-0.15625,2026-09-29
4138,55.1,54015,56.300000000000004,-2.131438721136767,2026-09-29
4139,41.65,63012,41.55,0.24067388688327318,2026-09-29
4147,63.0,578552,62.1,1.4492753623188406,2026-09-29
4153,31.5,4541,31.6,-0.31645569620253167,2026-09-29
4154,12.9,52603,11.85,8.860759493670885,2026-09-29
4157,8.68,764728,8.85,-1.92090395480226,2026-09-29
4160,39.05,6227,39.449999999999996,-1.0139416983523448,2026-09-29
4161,22.05,40735,22.25,-0.8988764044943821,2026-09-29
4162,55.4,114431,55.5,-0.18018018018018017,2026-09-29
4163,135.0,23160,134.0,0.7462686567164178,2026-09-29
4166,23.85,24000,24.0,-0.625,2026-09-29
4167,19.55,543072,19.400000000000002,0.7731958762886596,2026-09-29
4168,21.7,36007,21.95,-1.1389521640091116,2026-09-29
4171,16.5,31018,16.25,1.5384615384615385,2026-09-29
4173,17.1,53278,17.1,0.0,2026-09-29
4174,35.65,1519951,32.449999999999996,9.861325115562405,2026-09-29
4175,50.5,13679,51.0,-0.9803921568627451,2026-09-29
4183,13.95,7020,13.299999999999999,4.887218045112783,2026-09-29
4188,13.9,123890,14.200000000000001,-2.1126760563380276,2026-09-29
4192,18.45,5123,18.15,1.6528925619834711,2026-09-29
4198,49.9,22420,49.8,0.20080321285140565,2026-09-29
4205,68.5,12845,68.5,0.0,2026-09-29
4207,19.45,171510,19.55,-0.5115089514066496,2026-09-29
4303,33.4,826647,34.05,-1.9089574155653453,2026-09-29
4304,17.7,38608,18.0,-1.6666666666666667,2026-09-29
4305,41.75,3000,41.95,-0.47675804529201427,2026-09-29
4401,13.85,22447,13.65,1.465201465201465,2026-09-29
4402,14.15,12012,14.1,0.3546099290780142,2026-09-29
4406,10.25,36001,10.25,0.0,2026-09-29
4413,20.5,65046,21.15,-3.0732860520094567,2026-09-29
4416,13.75,945941,13.7,0.3649635036496351,2026-09-29
4417,49.65,43154,49.8,-0.30120481927710846,2026-09-29
4419,49.0,78317,47.0,4.25531914893617,2026-09-29
4420,35.8,10048,35.8,0.0,2026-09-29
4430,17.8,32404,17.3,2.8901734104046244,2026-09-29
4432,15.4,31202,15.5,-0.6451612903225806,2026-09-29
4433,18.05,20720,18.3,-1.366120218579235,2026-09-29
4442,53.2,14104,54.0,-1.4814814814814816,2026-09-29
4502,15.7,5190,15.7,0.0,2026-09-29
4503,24.0,116036,24.1,-0.4149377593360996,2026-09-29
4506,118.0,43686,118.5,-0.42194092827004215,2026-09-29
4510,43.05,296159,43.099999999999994,-0.11600928074245942,2026-09-29
4513,16.3,185752,16.45,-0.911854103343465,2026-09-29
4523,23.85,32392,23.6,1.059322033898305,2026-09-29
4527,40.9,16259,40.85,0.12239902080783355,2026-09-29
4528,14.85,16951,14.95,-0.6688963210702342,2026-09-29
4529,3.33,5002,3.3000000000000003,0.9090909090909091,2026-09-29
4530,24.2,9830,24.099999999999998,0.41493775933609967,2026-09-29
4533,25.5,443389,25.15,1.3916500994035785,2026-09-29
4534,31.3,792060,31.6,-0.9493670886075948,2026-09-29
4535,26.8,14551,26.8,0.0,2026-09-29
4538,17.55,10130,17.5,0.2857142857142857,2026-09-29
4541,59.3,517220,59.3,0.0,2026-09-29
4542,339.0,544794,328.0,3.353658536585366,2026-09-29
4543,28.5,172584,28.45,0.1757469244288225,2026-09-29
4549,96.2,30740,97.10000000000001,-0.9268795056642637,2026-09-29
4550,24.15,5249,24.0,0.625,2026-09-29
4554,28.05,27532,28.25,-0.7079646017699116,2026-09-29
4556,92.4,572810,92.10000000000001,0.3257328990228013,2026-09-29
4558,16.9,28000,17.099999999999998,-1.1695906432748542,2026-09-29
4561,41.9,68190,42.3,-0.9456264775413713,2026-09-29
4563,51.4,237158,51.199999999999996,0.3906250000000001,2026-09-29
4568,39.05,4000,39.199999999999996,-0.38265306122448983,2026-09-29
4577,84.0,169712,83.8,0.23866348448687352,2026-09-29
4580,81.0,32347,80.8,0.24752475247524752,2026-09-29
4702,9.32,14720,9.34,-0.21413276231263384,2026-09-29
4706,33.85,1031,34.0,-0.4411764705882353,2026-09-29
4707,29.65,1446448,30.0,-1.1666666666666665,2026-09-29
4711,16.2,50098,16.349999999999998,-0.9174311926605505,2026-09-29
4714,11.8,759021,11.9,-0.8403361344537815,2026-09-29
4716,16.9,437739,17.049999999999997,-0.8797653958944283,2026-09-29
4721,79.8,915795,77.39999999999999,3.10077519379845,2026-09-29
4726,22.65,87809,22.349999999999998,1.342281879194631,2026-09-29
4728,399.5,5024,395.0,1.139240506329114,2026-09-29
4729,18.8,71214,18.8,0.0,2026-09-29
4735,36.2,63935,35.800000000000004,1.1173184357541899,2026-09-29
4741,40.05,185874,37.8,5.9523809523809526,2026-09-29
4743,45.7,1053024,44.75,2.1229050279329607,2026-09-29
4744,28.65,67112,28.049999999999997,2.1390374331550803,2026-09-29
4745,12.1,98562,11.95,1.2552301255230125,2026-09-29
4747,23.6,33611,23.8,-0.8403361344537815,2026-09-29
4749,764.0,1087424,728.0,4.945054945054945,2026-09-29
4754,37.7,23499,37.800000000000004,-0.26455026455026454,2026-09-29
4760,260.0,239610,268.5,-3.165735567970205,2026-09-29
4767,28.3,69011,27.8,1.7985611510791366,2026-09-29
4768,357.5,1645472,325.0,10.0,2026-09-29
4772,271.0,2803195,248.5,9.054325955734406,2026-09-29
4903,42.8,6330186,43.0,-0.46511627906976744,2026-09-29
4905,76.7,11047,77.60000000000001,-1.1597938144329896,2026-09-29
4907,45.25,14842,45.25,0.0,2026-09-29
4908,205.5,1258359,210.0,-2.142857142857143,2026-09-29
4909,35.8,707344,34.349999999999994,4.221251819505095,2026-09-29
4911,28.45,12665,28.849999999999998,-1.3864818024263432,2026-09-29
4923,61.2,958754,64.0,-4.375,2026-09-29
4924,15.0,683856,16.1,-6.832298136645963,2026-09-29
4931,246.0,6721548,241.5,1.8633540372670807,2026-09-29
4933,53.4,15400,53.3,0.1876172607879925,2026-09-29
4939,75.3,3017752,73.7,2.170963364993216,2026-09-29
4946,102.0,34240,98.0,4.081632653061225,2026-09-29
4950,15.55,4816,15.75,-1.2698412698412698,2026-09-29
4951,90.2,343025,88.2,2.2675736961451247,2026-09-29
4953,116.5,135289,117.5,-0.851063829787234,2026-09-29
4966,569.0,232779,572.0,-0.5244755244755245,2026-09-29
4971,540.0,606017,552.0,-2.1739130434782608,2026-09-29
4972,16.35,9589,16.35,0.0,2026-09-29
4973,135.0,304307,134.0,0.7462686567164178,2026-09-29
4974,70.6,41782,70.5,0.14184397163120568,2026-09-29
4979,567.0,955508,563.0,0.7104795737122558,2026-09-29
4991,474.5,4283687,463.5,2.373247033441208,2026-09-29
4995,50.1,50777,49.800000000000004,0.6024096385542168,2026-09-29
5009,32.6,1502486,32.0,1.875,2026-09-29
5011,18.75,183233,18.3,2.459016393442623,2026-09-29
5013,35.25,1133389,32.05,9.984399375975041,2026-09-29
5014,10.2,542133,9.91,2.926337033299697,2026-09-29
5015,21.35,16327,21.5,-0.6976744186046512,2026-09-29
5016,24.8,5011,24.650000000000002,0.6085192697768762,2026-09-29
5201,29.55,31333,29.3,0.8532423208191127,2026-09-29
5202,14.25,461617,14.6,-2.3972602739726026,2026-09-29
5206,22.75,97859,22.85,-0.437636761487965,2026-09-29
5209,166.5,54359,166.5,0.0,2026-09-29
5210,30.25,341656,29.95,1.001669449081803,2026-09-29
5211,20.2,3415,20.099999999999998,0.49751243781094534,2026-09-29
5212,48.9,21362,48.0,1.875,2026-09-29
5213,20.8,114933,20.8,0.0,2026-09-29
5220,22.0,455903,20.0,10.0,2026-09-29
5223,23.0,3002,22.65,1.545253863134658,2026-09-29
5227,30.65,250042,30.099999999999998,1.8272425249169437,2026-09-29
5228,39.35,63952,39.75,-1.0062893081761008,2026-09-29
5230,22.15,1565170,23.299999999999997,-4.935622317596567,2026-09-29
5245,20.6,56823,21.0,-1.9047619047619049,2026-09-29
5251,30.0,112191,30.55,-1.800327332242226,2026-09-29
5263,89.6,234828,90.1,-0.5549389567147615,2026-09-29
5272,17.15,49341,17.2,-0.29069767441860467,2026-09-29
5274,19395.0,264002,19835.0,-2.218300983110663,2026-09-29
5278,23.9,47629,23.5,1.702127659574468,2026-09-29
5287,137.5,68442,137.0,0.36496350364963503,2026-09-29
5289,1280.0,892221,1305.0,-1.9157088122605364,2026-09-29
5291,58.8,213024,57.3,2.6178010471204187,2026-09-29
5299,100.0,153208,101.5,-1.477832512315271,2026-09-29
5301,4.99,26156,4.96,0.6048387096774194,2026-09-29
5302,9.72,143785,9.8,-0.8163265306122448,2026-09-29
5309,59.1,12907890,53.800000000000004,9.851301115241634,2026-09-29
5310,29.0,290585,27.95,3.7567084078711988,2026-09-29
5312,89.9,7841,90.5,-0.6629834254143646,2026-09-29
5314,27.45,9339499,26.4,3.977272727272728,2026-09-29
5315,18.7,129844,18.849999999999998,-0.7957559681697612,2026-09-29
5321,67.5,213735,69.7,-3.1563845050215207,2026-09-29
5324,12.4,25301,12.450000000000001,-0.4016064257028112,2026-09-29
5328,52.3,1730243,52.5,-0.38095238095238093,2026-09-29
5340,80.5,718366,81.3,-0.984009840098401,2026-09-29
5344,13.35,48360,13.6,-1.8382352941176472,2026-09-29
5345,22.0,9470,21.65,1.6166281755196306,2026-09-29
5347,178.5,34967638,170.5,4.69208211143695,2026-09-29
5348,16.35,3447,16.25,0.6153846153846154,2026-09-29
5351,109.5,3423832,108.0,1.3888888888888888,2026-09-29
5353,28.45,15505,28.15,1.0657193605683837,2026-09-29
5355,7.0,175534,6.8,2.9411764705882355,2026-09-29
5356,25.5,142297,25.85,-1.3539651837524176,2026-09-29
5364,8.35,21000,8.33,0.24009603841536614,2026-09-29
5381,23.2,196259,23.25,-0.21505376344086022,2026-09-29
5386,285.0,357516,285.0,0.0,2026-09-29
5392,39.4,385942,39.35,0.12706480304955528,2026-09-29
5398,13.9,38492,13.9,0.0,2026-09-29
5403,92.9,28368,93.0,-0.10752688172043011,2026-09-29
5410,33.2,113734,33.0,0.6060606060606061,2026-09-29
5425,95.8,6605286,94.5,1.3756613756613756,2026-09-29
5426,27.8,254197,27.900000000000002,-0.35842293906810035,2026-09-29
5432,160.5,78514,167.5,-4.179104477611941,2026-09-29
5438,17.0,54730,17.1,-0.5847953216374269,2026-09-29
5439,253.0,503243,253.0,0.0,2026-09-29
5443,109.5,2066543,107.0,2.336448598130841,2026-09-29
5450,14.75,79036,14.85,-0.6734006734006734,2026-09-29
5452,27.15,180334,27.5,-1.2727272727272725,2026-09-29
5455,30.7,2000,30.55,0.4909983633387889,2026-09-29
5457,23.5,526849,23.85,-1.4675052410901466,2026-09-29
5460,16.9,10041,16.849999999999998,0.2967359050445104,2026-09-29
5464,90.0,1021637,88.9,1.2373453318335208,2026-09-29
5465,34.7,3235852,34.2,1.461988304093567,2026-09-29
5468,25.55,193515,24.55,4.0733197556008145,2026-09-29
5474,158.0,111015,161.0,-1.8633540372670807,2026-09-29
5475,180.5,2533257,181.0,-0.2762430939226519,2026-09-29
5478,97.0,28537,97.0,0.0,2026-09-29
5481,22.0,67253,21.9,0.45662100456621013,2026-09-29
5483,189.0,13232941,188.5,0.2652519893899204,2026-09-29
5487,28.5,9310,28.85,-1.21317157712305,2026-09-29
5488,11.75,104347,11.85,-0.8438818565400845,2026-09-29
5489,42.2,69703,44.0,-4.090909090909091,2026-09-29
5490,25.45,214240,25.45,0.0,2026-09-29
5493,90.6,204455,92.8,-2.370689655172414,2026-09-29
5498,49.85,815369,50.1,-0.499001996007984,2026-09-29
5508,53.0,210377,53.2,-0.37593984962406013,2026-09-29
5511,69.7,88704,70.10000000000001,-0.5706134094151212,2026-09-29
5512,7.7,1120613,7.71,-0.12970168612191957,2026-09-29
5514,15.1,1201,14.9,1.342281879194631,2026-09-29
5516,12.0,3017,12.35,-2.834008097165992,2026-09-29
5520,83.2,2044,83.2,0.0,2026-09-29
5523,30.35,19000,30.35,0.0,2026-09-29
5529,26.5,159197,26.25,0.9523809523809524,2026-09-29
5530,48.75,158917,48.85,-0.2047082906857728,2026-09-29
5536,902.0,707138,902.0,0.0,2026-09-29
5543,26.95,15959,27.0,-0.1851851851851852,2026-09-29
5547,20.0,18817,19.9,0.5025125628140704,2026-09-29
5548,20.2,11677,20.2,0.0,2026-09-29
5601,28.9,5000,29.0,-0.3448275862068966,2026-09-29
5603,13.4,45437,13.55,-1.107011070110701,2026-09-29
5604,30.95,13271,31.2,-0.8012820512820514,2026-09-29
5609,78.2,109516,78.60000000000001,-0.5089058524173028,2026-09-29
5701,4.07,124577,4.15,-1.9277108433734937,2026-09-29
5704,22.5,6497,22.6,-0.4424778761061947,2026-09-29
5864,36.9,1775002,36.8,0.27173913043478265,2026-09-29
5878,37.9,9044,38.1,-0.5249343832020997,2026-09-29
5902,34.2,5101,34.25,-0.14598540145985403,2026-09-29
5903,186.5,20746,187.0,-0.267379679144385,2026-09-29
5904,68.8,4545491,69.3,-0.7215007215007215,2026-09-29
5905,7.4,445176,7.260000000000001,1.9283746556473829,2026-09-29
6015,17.4,1205610,17.599999999999998,-1.1363636363636365,2026-09-29
6016,23.5,2354453,23.6,-0.423728813559322,2026-09-29
6020,20.5,3000,20.5,0.0,2026-09-29
6021,41.1,191115,41.800000000000004,-1.6746411483253585,2026-09-29
6023,86.0,445256,86.4,-0.4629629629629629,2026-09-29
6026,15.9,617509,15.85,0.3154574132492114,2026-09-29
6028,98.8,19384,99.2,-0.4032258064516129,2026-09-29
6101,37.25,72075,37.95,-1.8445322793148877,2026-09-29
6103,41.8,125534,40.9,2.2004889975550124,2026-09-29
6104,91.0,272732,90.0,1.1111111111111112,2026-09-29
6109,10.35,128360,10.45,-0.9569377990430623,2026-09-29
6111,37.8,204705,37.05,2.0242914979757085,2026-09-29
6113,22.15,26266,22.2,-0.22522522522522523,2026-09-29
6114,23.25,16002,23.3,-0.2145922746781116,2026-09-29
6118,15.95,939119,16.0,-0.3125,2026-09-29
6121,379.5,317004,376.0,0.9308510638297872,2026-09-29
6122,59.7,2344532,58.2,2.5773195876288657,2026-09-29
6123,43.2,38334,42.85,0.8168028004667445,2026-09-29
6124,27.45,1552,27.45,0.0,2026-09-29
6125,49.25,335447,48.6,1.337448559670782,2026-09-29
6126,30.8,194988,30.7,0.32573289902280134,2026-09-29
6127,51.0,6460940,47.8,6.6945606694560675,2026-09-29
6129,14.65,135989,14.75,-0.6779661016949153,2026-09-29
6130,23.8,79020,23.400000000000002,1.7094017094017093,2026-09-29
6134,29.25,53371,29.2,0.17123287671232879,2026-09-29
6138,278.5,400386,279.0,-0.17921146953405018,2026-09-29
6140,20.75,382142,21.2,-2.1226415094339623,2026-09-29
6143,81.0,173446,81.5,-0.6134969325153374,2026-09-29
6144,12.55,8007,12.55,0.0,2026-09-29
6146,180.0,154366,181.0,-0.5524861878453038,2026-09-29
6147,208.5,20455949,213.5,-2.3419203747072603,2026-09-29
6148,38.5,1920816,39.2,-1.7857142857142856,2026-09-29
6150,62.1,117601,60.9,1.9704433497536946,2026-09-29
6151,34.75,103274,35.0,-0.7142857142857143,2026-09-29
6154,14.15,27416,14.200000000000001,-0.35211267605633806,2026-09-29
6156,21.65,911674,21.0,3.0952380952380953,2026-09-29
6158,17.25,14916,17.35,-0.5763688760806917,2026-09-29
6160,13.9,39272,13.9,0.0,2026-09-29
6161,49.0,59656,49.15,-0.3051881993896236,2026-09-29
6163,41.5,484162,41.4,0.24154589371980678,2026-09-29
6167,10.2,178933,10.35,-1.4492753623188406,2026-09-29
6169,12.0,10357,12.1,-0.8264462809917356,2026-09-29
6170,48.8,196869,48.4,0.8264462809917356,2026-09-29
6171,26.6,93498,26.400000000000002,0.7575757575757576,2026-09-29
6173,297.5,7033172,306.5,-2.936378466557912,2026-09-29
6174,45.05,1100556,44.949999999999996,0.22246941045606233,2026-09-29
6175,69.2,257533,69.7,-0.7173601147776184,2026-09-29
6179,37.45,7248880,36.6,2.322404371584699,2026-09-29
6180,41.1,235462,40.6,1.231527093596059,2026-09-29
6182,121.0,66757689,120.5,0.4149377593360996,2026-09-29
6185,12.35,114054,12.45,-0.8032128514056226,2026-09-29
6186,29.0,356205,29.0,0.0,2026-09-29
6187,1310.0,3498263,1195.0,9.623430962343097,2026-09-29
6188,61.6,480731,62.0,-0.6451612903225806,2026-09-29
6190,69.3,1040942,68.6,1.0204081632653061,2026-09-29
6194,29.6,159287,30.55,-3.109656301145663,2026-09-29
6195,28.3,21749,28.1,0.7117437722419928,2026-09-29
6199,126.0,7899784,124.0,1.6129032258064515,2026-09-29
6203,59.9,59571,59.6,0.5033557046979865,2026-09-29
6204,103.0,634479,107.5,-4.186046511627907,2026-09-29
6207,137.5,23196275,125.0,10.0,2026-09-29
6208,74.6,100870,74.3,0.4037685060565276,2026-09-29
6210,17.75,9120,17.8,-0.2808988764044944,2026-09-29
6212,33.65,4099,32.1,4.8286604361370715,2026-09-29
6217,173.0,1754828,170.0,1.7647058823529411,2026-09-29
6218,63.2,1449270,63.6,-0.628930817610063,2026-09-29
6219,12.15,82055,12.05,0.8298755186721992,2026-09-29
6220,25.25,122155,25.25,0.0,2026-09-29
6221,32.85,1156980,32.2,2.018633540372671,2026-09-29
6222,18.8,1000,18.400000000000002,2.1739130434782608,2026-09-29
6223,5185.0,1130007,5415.0,-4.247460757156047,2026-09-29
6227,136.0,740853,135.5,0.36900369003690037,2026-09-29
6228,19.8,58380,18.7,5.882352941176471,2026-09-29
6229,24.0,192425,23.7,1.2658227848101267,2026-09-29
6231,241.0,621787,235.0,2.553191489361702,2026-09-29
6233,21.8,114080,21.35,2.107728337236534,2026-09-29
6234,38.9,1021653,37.85,2.7741083223249667,2026-09-29
6236,18.45,1000,17.849999999999998,3.3613445378151265,2026-09-29
6237,36.2,418115,37.0,-2.1621621621621623,2026-09-29
6240,25.5,26407,26.2,-2.6717557251908395,2026-09-29
6241,15.55,58103,15.450000000000001,0.6472491909385114,2026-09-29
6242,34.1,1220,34.1,0.0,2026-09-29
6244,23.5,1830223,23.55,-0.21231422505307856,2026-09-29
6245,88.7,1247209,85.7,3.5005834305717616,2026-09-29
6246,12.9,12172,12.8,0.78125,2026-09-29
6248,16.85,47960,16.8,0.2976190476190476,2026-09-29
6259,29.3,74829,29.150000000000002,0.5145797598627787,2026-09-29
6261,78.4,241486,78.30000000000001,0.12771392081736907,2026-09-29
6263,155.5,60720,157.0,-0.9554140127388535,2026-09-29
6264,6.01,82587,6.01,0.0,2026-09-29
6265,47.8,838840,48.449999999999996,-1.3415892672858618,2026-09-29
6266,24.85,63429,24.900000000000002,-0.2008032128514056,2026-09-29
6270,30.25,425214,29.7,1.851851851851852,2026-09-29
6274,1485.0,5928281,1495.0,-0.6688963210702341,2026-09-29
6275,46.55,253273,45.9,1.4161220043572986,2026-09-29
6276,19.45,49174,19.65,-1.0178117048346056,2026-09-29
6279,111.5,219867,112.5,-0.8888888888888888,2026-09-29
6284,77.0,743290,74.3,3.633916554508749,2026-09-29
6290,269.5,1659159,274.0,-1.6423357664233578,2026-09-29
6291,499.0,744982,484.0,3.0991735537190084,2026-09-29
6292,66.8,176389,67.0,-0.2985074626865672,2026-09-29
6294,28.25,10038,28.5,-0.8771929824561403,2026-09-29
6411,77.5,175743,78.1,-0.7682458386683739,2026-09-29
6417,102.0,25000,102.0,0.0,2026-09-29
6418,34.6,23333,34.550000000000004,0.1447178002894356,2026-09-29
6419,152.0,123283,149.0,2.013422818791946,2026-09-29
6423,85.9,23050,86.80000000000001,-1.0368663594470044,2026-09-29
6425,74.0,1070654,71.1,4.078762306610408,2026-09-29
6432,59.5,190730,60.4,-1.490066225165563,2026-09-29
6435,252.5,312847,253.5,-0.39447731755424065,2026-09-29
6441,24.75,199252,24.9,-0.6024096385542169,2026-09-29
6461,24.3,44994,23.8,2.1008403361344534,2026-09-29
6462,103.0,1131743,99.7,3.3099297893681037,2026-09-29
6465,41.45,61171,41.650000000000006,-0.4801920768307323,2026-09-29
6469,64.5,260189,64.2,0.46728971962616817,2026-09-29
6470,42.7,11221,43.0,-0.6976744186046512,2026-09-29
6474,35.5,10611,35.55,-0.1406469760900141,2026-09-29
6482,23.35,3047,23.35,0.0,2026-09-29
6485,70.0,269806,70.1,-0.14265335235378035,2026-09-29
6486,80.6,42733,80.6,0.0,2026-09-29
6488,945.0,9157413,948.0,-0.31645569620253167,2026-09-29
6492,34.15,70098,34.199999999999996,-0.14619883040935677,2026-09-29
6494,50.8,94209,51.3,-0.9746588693957117,2026-09-29
6498,67.5,58348,66.8,1.0479041916167664,2026-09-29
6499,74.5,143321,73.1,1.915184678522572,2026-09-29
6506,18.5,34235,18.6,-0.5376344086021505,2026-09-29
6508,27.0,25565,27.35,-1.279707495429616,2026-09-29
6509,48.15,836997,47.55,1.2618296529968454,2026-09-29
6510,3140.0,768556,3310.0,-5.13595166163142,2026-09-29
6512,20.25,1709,20.25,0.0,2026-09-29
6516,56.2,41429,57.0,-1.4035087719298245,2026-09-29
6517,62.8,131707,63.099999999999994,-0.4754358161648178,2026-09-29
6523,90.4,37457,89.60000000000001,0.8928571428571428,2026-09-29
6527,75.0,10206,75.0,0.0,2026-09-29
6530,99.5,1020778,100.0,-0.5,2026-09-29
6532,108.0,2259490,98.5,9.644670050761421,2026-09-29
6535,80.7,199899,80.5,0.2484472049689441,2026-09-29
6538,358.5,3618320,398.0,-9.924623115577889,2026-09-29
6546,58.6,378214,58.800000000000004,-0.3401360544217687,2026-09-29
6547,60.9,2855198,59.8,1.839464882943144,2026-09-29
6548,71.8,871993,71.3,0.7012622720897617,2026-09-29
6556,61.9,5180,61.6,0.487012987012987,2026-09-29
6560,32.4,22366,32.65,-0.7656967840735069,2026-09-29
6561,308.5,131867,308.0,0.16233766233766234,2026-09-29
6568,144.0,136172,143.0,0.6993006993006993,2026-09-29
6569,92.0,36407,92.3,-0.3250270855904659,2026-09-29
6570,47.75,118723,46.65,2.3579849946409435,2026-09-29
6574,119.5,22489,118.5,0.8438818565400843,2026-09-29
6576,79.7,118031,80.2,-0.6234413965087281,2026-09-29
6577,79.4,15783,79.80000000000001,-0.5012531328320802,2026-09-29
6578,16.55,18601,16.650000000000002,-0.6006006006006006,2026-09-29
6584,543.0,565703,544.0,-0.1838235294117647,2026-09-29
6588,107.5,718035,112.0,-4.017857142857143,2026-09-29
6590,66.2,13319,66.9,-1.0463378176382658,2026-09-29
6593,32.25,23076,32.05,0.6240249609984401,2026-09-29
6596,96.9,61642,96.80000000000001,0.10330578512396695,2026-09-29
6597,68.5,2367,68.7,-0.2911208151382824,2026-09-29
6603,29.25,4594895,27.3,7.142857142857142,2026-09-29
6609,39.6,61904,39.800000000000004,-0.5025125628140703,2026-09-29
6612,71.8,18326,71.89999999999999,-0.13908205841446455,2026-09-29
6613,270.0,139038,270.5,-0.18484288354898337,2026-09-29
6615,33.4,4356,34.0,-1.7647058823529411,2026-09-29
6616,8.23,55387,8.17,0.7343941248470013,2026-09-29
6617,133.0,413288,137.0,-2.9197080291970803,2026-09-29
6620,136.0,2938857,124.0,9.67741935483871,2026-09-29
6624,39.2,8150,39.25,-0.12738853503184716,2026-09-29
6629,103.5,3620,103.0,0.48543689320388345,2026-09-29
6637,54.1,8693,54.4,-0.5514705882352942,2026-09-29
6640,1040.0,439890,1010.0,2.9702970297029703,2026-09-29
6642,80.7,318211,78.4,2.9336734693877546,2026-09-29
6643,505.0,1615012,515.0,-1.9417475728155338,2026-09-29
6649,36.8,22154,37.8,-2.6455026455026456,2026-09-29
6651,150.5,158046,149.5,0.6688963210702341,2026-09-29
6654,200.0,21352,192.0,4.166666666666666,2026-09-29
6661,16.2,19011,16.0,1.25,2026-09-29
6664,370.0,586252,358.5,3.2078103207810322,2026-09-29
6667,259.0,258719,261.5,-0.9560229445506693,2026-09-29
6679,206.0,384802,202.5,1.728395061728395,2026-09-29
6680,51.3,8281,52.8,-2.8409090909090913,2026-09-29
6683,1475.0,770430,1520.0,-2.9605263157894735,2026-09-29
6684,50.9,194282,48.85,4.1965199590583415,2026-09-29
6690,177.5,118963,179.0,-0.8379888268156425,2026-09-29
6692,23.2,19876,22.65,2.428256070640177,2026-09-29
6693,218.0,3929488,209.5,4.05727923627685,2026-09-29
6697,41.1,19477,41.2,-0.24271844660194172,2026-09-29
6703,100.0,28412,100.5,-0.4975124378109453,2026-09-29
6708,47.05,208203,42.8,9.929906542056075,2026-09-29
6712,161.5,193866,159.5,1.2539184952978055,2026-09-29
6716,114.5,148238,115.0,-0.43478260869565216,2026-09-29
6720,127.5,9065,127.0,0.39370078740157477,2026-09-29
6721,50.0,4147,50.1,-0.19960079840319364,2026-09-29
6725,217.5,53084,214.0,1.6355140186915886,2026-09-29
6727,483.0,1672452,505.0,-4.356435643564356,2026-09-29
6728,108.0,31051,108.5,-0.4608294930875576,2026-09-29
6730,32.0,6056,32.1,-0.3115264797507788,2026-09-29
6732,151.0,60928,149.0,1.342281879194631,2026-09-29
6733,25.1,40155,24.950000000000003,0.6012024048096192,2026-09-29
6735,64.9,104946,63.800000000000004,1.7241379310344827,2026-09-29
6739,1125.0,181862,1110.0,1.3513513513513513,2026-09-29
6741,55.4,97702,55.199999999999996,0.3623188405797102,2026-09-29
6751,44.95,29993,43.900000000000006,2.391799544419134,2026-09-29
6752,95.9,12861,96.4,-0.5186721991701244,2026-09-29
6761,163.5,86397,162.0,0.9259259259259258,2026-09-29
6763,41.15,60349,41.4,-0.6038647342995169,2026-09-29
6767,24.45,6000,24.5,-0.20408163265306123,2026-09-29
6785,96.2,30135,98.8,-2.6315789473684212,2026-09-29
6788,344.5,198806,339.0,1.6224188790560472,2026-09-29
6791,99.1,6125,99.1,0.0,2026-09-29
6803,266.5,91641,266.0,0.18796992481203006,2026-09-29
6804,18.1,48010,18.25,-0.821917808219178,2026-09-29
6811,239.5,340408,244.5,-2.044989775051125,2026-09-29
6821,40.95,41445,40.6,0.8620689655172413,2026-09-29
6823,63.0,117192,60.1,4.825291181364393,2026-09-29
6829,208.5,254442,209.5,-0.47732696897374705,2026-09-29
6840,99.5,282021,103.0,-3.3980582524271843,2026-09-29
6841,55.3,659613,53.699999999999996,2.9795158286778403,2026-09-29
6843,38.35,3000,38.6,-0.6476683937823834,2026-09-29
6844,57.4,11024,57.3,0.17452006980802795,2026-09-29
6846,58.2,4270,59.1,-1.5228426395939088,2026-09-29
6856,41.8,5013,42.3,-1.182033096926714,2026-09-29
6859,120.0,11086,121.0,-0.8264462809917356,2026-09-29
6865,28.0,9033,28.05,-0.17825311942959002,2026-09-29
6870,330.5,52908,336.5,-1.7830609212481425,2026-09-29
6872,24.0,310388,22.35,7.3825503355704685,2026-09-29
6874,70.2,8213,69.9,0.4291845493562231,2026-09-29
6875,31.35,88765,31.85,-1.5698587127158554,2026-09-29
6877,128.0,76935,122.5,4.489795918367347,2026-09-29
6881,214.5,3021,214.0,0.23364485981308408,2026-09-29
6884,31.1,4047,32.2,-3.4161490683229814,2026-09-29
6894,362.0,22460,367.0,-1.3623978201634876,2026-09-29
6895,145.0,8650,145.0,0.0,2026-09-29
6899,49.5,13000,49.4,0.20242914979757085,2026-09-29
6903,304.5,215392,309.0,-1.4563106796116505,2026-09-29
6904,121.5,1001,120.5,0.8298755186721992,2026-09-29
6907,180.5,281467,182.0,-0.8241758241758242,2026-09-29
6910,26.5,25417,26.0,1.9230769230769231,2026-09-29
6913,127.0,100505,127.5,-0.39215686274509803,2026-09-29
6922,225.0,497613,212.0,6.132075471698113,2026-09-29
6925,75.0,2039484,68.2,9.970674486803519,2026-09-29
6929,21.65,4000,22.0,-1.5909090909090908,2026-09-29
6945,140.0,326703,138.0,1.4492753623188406,2026-09-29
6953,241.0,31928,236.0,2.11864406779661,2026-09-29
6961,47.65,34986,47.1,1.1677282377919322,2026-09-29
6967,67.2,127825,65.7,2.28310502283105,2026-09-29
6968,41.55,12019,41.55,0.0,2026-09-29
6971,23.7,6001,23.95,-1.0438413361169103,2026-09-29
6982,43.5,14800,43.5,0.0,2026-09-29
6983,346.0,32775,348.5,-0.7173601147776184,2026-09-29
6986,44.0,67050,44.3,-0.6772009029345373,2026-09-29
6996,168.5,27474,171.0,-1.461988304093567,2026-09-29
6997,68.0,5120,66.8,1.7964071856287425,2026-09-29
700022,3.41,15000,3.88,-12.11340206185567,2026-09-29
700024,0.21,158000,0.19999999999999998,5.0,2026-09-29
700025,1.56,45000,1.74,-10.344827586206897,2026-09-29
700079,3.1,9000,3.71,-16.442048517520217,2026-09-29
700113,3.49,20000,4.2,-16.9047619047619,2026-09-29
700173,6.85,25000,7.55,-9.271523178807946,2026-09-29
700186,0.07,13000,0.07,0.0,2026-09-29
700192,0.35,199000,0.35,0.0,2026-09-29
700195,1.3,43000,1.23,5.691056910569106,2026-09-29
700198,0.11,512000,0.11,0.0,2026-09-29
700201,3.52,5000,3.06,15.032679738562091,2026-09-29
700204,2.14,92000,2.54,-15.748031496062993,2026-09-29
700205,1.25,126000,1.38,-9.420289855072465,2026-09-29
700206,0.99,224000,1.13,-12.389380530973455,2026-09-29
700207,1.31,107000,1.4500000000000002,-9.655172413793103,2026-09-29
700258,0.61,136000,0.64,-4.6875,2026-09-29
700261,4.21,19000,4.31,-2.3201856148491884,2026-09-29
700263,3.32,46000,3.46,-4.046242774566474,2026-09-29
700264,0.28,200000,0.27,3.7037037037037033,2026-09-29
700345,0.7,459000,0.6599999999999999,6.060606060606061,2026-09-29
700353,0.17,2000,0.18000000000000002,-5.555555555555555,2026-09-29
700356,1.49,10000,1.39,7.194244604316548,2026-09-29
700359,0.23,1000,0.23,0.0,2026-09-29
700417,0.34,305000,0.39,-12.820512820512823,2026-09-29
700594,0.02,20000,0.05,-60.0,2026-09-29
700673,6.55,8000,6.75,-2.9629629629629632,2026-09-29
700676,0.17,293000,0.19,-10.526315789473683,2026-09-29
700681,0.39,14000,0.34,14.705882352941178,2026-09-29
700682,4.45,3000,3.9000000000000004,14.102564102564102,2026-09-29
700684,4.83,14000,5.15,-6.213592233009709,2026-09-29
700688,3.0,25000,3.15,-4.761904761904762,2026-09-29
700708,0.28,30000,0.28,0.0,2026-09-29
700711,3.1,5000,3.3000000000000003,-6.0606060606060606,2026-09-29
700712,0.37,64000,0.38,-2.631578947368421,2026-09-29
700746,0.78,21000,1.1,-29.09090909090909,2026-09-29
700757,4.07,2000,4.25,-4.235294117647059,2026-09-29
700830,1.15,2000,1.1099999999999999,3.603603603603604,2026-09-29
700843,0.79,299000,0.67,17.91044776119403,2026-09-29
700850,1.22,103000,1.26,-3.1746031746031744,2026-09-29
700898,0.3,405000,0.24,25.0,2026-09-29
700899,1.06,915000,0.9800000000000001,8.16326530612245,2026-09-29
700900,0.69,98000,0.45999999999999996,50.000000000000014,2026-09-29
700901,0.3,4000,0.37,-18.91891891891892,2026-09-29
700904,3.25,46000,3.4,-4.411764705882353,2026-09-29
700938,2.94,12000,2.79,5.376344086021505,2026-09-29
701279,1.25,151000,1.62,-22.839506172839506,2026-09-29
701294,0.1,28000,0.060000000000000005,66.66666666666666,2026-09-29
701311,1.16,10000,1.5,-22.666666666666668,2026-09-29
701434,0.8,1000,0.81,-1.2345679012345678,2026-09-29
701438,2.17,3000,2.1,3.3333333333333335,2026-09-29
701442,0.67,416000,0.74,-9.45945945945946,2026-09-29
701472,1.0,14000,1.05,-4.761904761904762,2026-09-29
701571,0.76,142000,0.69,10.144927536231886,2026-09-29
701592,1.01,614000,1.01,0.0,2026-09-29
701593,0.92,188000,0.9,2.2222222222222223,2026-09-29
701623,0.01,535000,0.02,-50.0,2026-09-29
701626,4.09,5000,3.88,5.412371134020619,2026-09-29
701667,1.28,10000,1.4,-8.571428571428571,2026-09-29
701693,0.23,50000,0.16,43.75000000000001,2026-09-29
701694,0.42,529000,0.33999999999999997,23.529411764705884,2026-09-29
701695,0.42,116000,0.38,10.526315789473683,2026-09-29
701762,30.1,33000,31.700000000000003,-5.047318611987381,2026-09-29
701804,1.41,85000,1.17,20.51282051282051,2026-09-29
701806,0.48,2000,0.51,-5.88235294117647,2026-09-29
701807,0.4,99000,0.42000000000000004,-4.761904761904762,2026-09-29
701808,0.52,272000,0.52,0.0,2026-09-29
701853,1.92,63000,1.6199999999999999,18.51851851851852,2026-09-29
702216,2.77,2000,2.87,-3.484320557491289,2026-09-29
702222,0.04,158000,0.1,-60.0,2026-09-29
702281,1.49,19000,1.82,-18.13186813186813,2026-09-29
702331,20.1,2000,18.1,11.049723756906078,2026-09-29
702364,1.03,56000,0.89,15.730337078651688,2026-09-29
702386,0.11,1000,0.1,10.0,2026-09-29
702560,4.8,14000,4.77,0.628930817610063,2026-09-29
702592,2.96,39000,2.84,4.225352112676056,2026-09-29
702593,2.9,18000,2.88,0.6944444444444445,2026-09-29
702605,0.15,44000,0.10999999999999999,36.36363636363637,2026-09-29
702667,0.03,45000,0.019999999999999997,50.000000000000014,2026-09-29
702719,0.25,1000,0.03,733.3333333333334,2026-09-29
702752,0.28,115000,0.24000000000000002,16.666666666666664,2026-09-29
702753,1.1,10000,1.2400000000000002,-11.29032258064516,2026-09-29
702776,0.56,90000,0.44000000000000006,27.27272727272727,2026-09-29
702830,1.01,14000,0.99,2.0202020202020203,2026-09-29
702884,1.98,48000,1.95,1.5384615384615383,2026-09-29
702951,0.24,5000,0.12,100.0,2026-09-29
702953,2.66,15000,2.3200000000000003,14.655172413793101,2026-09-29
702990,1.17,14000,1.14,2.6315789473684212,2026-09-29
703002,0.56,18000,0.42000000000000004,33.33333333333333,2026-09-29
703045,2.53,304000,3.05,-17.049180327868854,2026-09-29
703049,2.57,22000,2.5,2.8000000000000003,2026-09-29
703075,0.01,100000,0.01,0.0,2026-09-29
703113,2.34,18000,2.92,-19.863013698630137,2026-09-29
703125,0.01,6000,0.01,0.0,2026-09-29
703132,1.12,155000,1.1700000000000002,-4.2735042735042725,2026-09-29
703136,0.84,21000,1.16,-27.58620689655173,2026-09-29
703296,2.07,1000,2.0799999999999996,-0.4807692307692309,2026-09-29
703341,0.09,20000,0.06999999999999999,28.571428571428577,2026-09-29
703353,0.14,2515000,0.21000000000000002,-33.33333333333333,2026-09-29
703371,0.7,117000,0.74,-5.405405405405405,2026-09-29
703372,2.02,51000,2.0100000000000002,0.4975124378109453,2026-09-29
703386,0.11,911000,0.55,-80.0,2026-09-29
703389,0.5,957000,0.5,0.0,2026-09-29
703401,0.8,25000,0.42000000000000004,90.47619047619047,2026-09-29
703418,0.33,5000,0.51,-35.29411764705882,2026-09-29
703443,1.28,363000,1.32,-3.0303030303030303,2026-09-29
703463,0.21,300000,0.09999999999999999,110.00000000000001,2026-09-29
703464,0.08,105000,0.05,60.0,2026-09-29
703465,0.32,1000,0.29000000000000004,10.344827586206895,2026-09-29
703467,6.2,5000,6.2,0.0,2026-09-29
703468,0.4,169000,0.4,0.0,2026-09-29
703471,2.31,20000,2.52,-8.333333333333332,2026-09-29
703472,1.4,12000,1.5299999999999998,-8.496732026143793,2026-09-29
703477,0.98,1000,1.18,-16.949152542372882,2026-09-29
703482,5.9,5000,6.1000000000000005,-3.278688524590164,2026-09-29
703483,2.92,21000,3.0,-2.666666666666667,2026-09-29
703581,1.34,40000,1.4700000000000002,-8.843537414965985,2026-09-29
703618,1.16,100000,1.1099999999999999,4.504504504504505,2026-09-29
703619,0.85,243000,0.83,2.4096385542168677,2026-09-29
703652,0.36,322000,0.36,0.0,2026-09-29
703660,0.85,409000,0.9199999999999999,-7.608695652173915,2026-09-29
703665,1.59,2000,1.37,16.05839416058394,2026-09-29
703785,3.42,33000,2.76,23.913043478260875,2026-09-29
703838,2.72,7000,2.5900000000000003,5.019305019305019,2026-09-29
703842,5.75,25000,4.75,21.052631578947366,2026-09-29
703861,0.91,23000,0.86,5.813953488372094,2026-09-29
703863,0.8,32000,0.7200000000000001,11.11111111111111,2026-09-29
703864,3.14,3000,3.1300000000000003,0.3194888178913738,2026-09-29
703865,2.29,30000,2.22,3.153153153153153,2026-09-29
703866,0.42,11000,0.38,10.526315789473683,2026-09-29
703868,0.1,5000,0.1,0.0,2026-09-29
703869,0.31,5000,0.29,6.896551724137932,2026-09-29
703871,0.55,147000,0.52,5.769230769230769,2026-09-29
703873,1.16,138000,1.24,-6.451612903225806,2026-09-29
703878,2.59,14000,2.6599999999999997,-2.6315789473684217,2026-09-29
703879,0.83,15000,0.85,-2.3529411764705883,2026-09-29
703914,1.29,157000,1.35,-4.444444444444444,2026-09-29
703923,0.16,27000,0.14,14.285714285714285,2026-09-29
703942,1.67,45000,1.76,-5.113636363636363,2026-09-29
703962,1.34,2000,1.25,7.199999999999999,2026-09-29
703963,3.45,22000,3.2600000000000002,5.828220858895705,2026-09-29
703966,1.35,139000,1.32,2.2727272727272725,2026-09-29
703967,1.0,5000,0.97,3.0927835051546393,2026-09-29
703968,0.91,102000,0.93,-2.150537634408602,2026-09-29
703969,1.02,636000,0.91,12.087912087912088,2026-09-29
703970,1.28,356000,1.1600000000000001,10.344827586206895,2026-09-29
703971,3.04,66000,2.95,3.0508474576271185,2026-09-29
703977,0.35,80000,0.31,12.903225806451612,2026-09-29
703978,0.15,12000,0.13,15.384615384615385,2026-09-29
703979,0.84,105000,0.78,7.692307692307692,2026-09-29
703980,0.62,12000,0.58,6.896551724137932,2026-09-29
703984,0.02,10000,0.01,100.0,2026-09-29
703991,0.48,42000,0.59,-18.64406779661017,2026-09-29
704011,0.09,10000,0.09,0.0,2026-09-29
704012,0.37,300000,0.35,5.714285714285714,2026-09-29
704016,0.47,102000,0.48,-2.0833333333333335,2026-09-29
704017,0.76,103000,0.76,0.0,2026-09-29
704018,2.9,1000,2.9,0.0,2026-09-29
704019,0.71,201000,0.62,14.516129032258062,2026-09-29
704020,0.21,10000,0.22,-4.545454545454546,2026-09-29
704026,4.66,1000,3.95,17.974683544303797,2026-09-29
704030,0.13,305000,0.13,0.0,2026-09-29
704041,0.76,245000,0.8200000000000001,-7.317073170731707,2026-09-29
704051,9.0,1000,9.8,-8.16326530612245,2026-09-29
704085,0.84,63000,0.6799999999999999,23.529411764705884,2026-09-29
704086,0.95,22000,0.83,14.457831325301203,2026-09-29
704087,1.07,7000,0.9800000000000001,9.183673469387754,2026-09-29
704089,1.01,245000,1.05,-3.8095238095238093,2026-09-29
704090,1.2,17000,1.18,1.694915254237288,2026-09-29
704091,0.6,574000,0.63,-4.761904761904762,2026-09-29
704092,2.03,2000,1.9199999999999997,5.729166666666668,2026-09-29
704093,0.34,153000,0.28,21.428571428571423,2026-09-29
704095,0.33,50000,0.34,-2.941176470588235,2026-09-29
704096,1.06,330000,1.09,-2.7522935779816513,2026-09-29
704097,0.36,499000,0.36,0.0,2026-09-29
704099,5.85,7000,6.35,-7.874015748031496,2026-09-29
704100,2.7,8000,2.95,-8.47457627118644,2026-09-29
704101,0.46,1012000,0.43000000000000005,6.97674418604651,2026-09-29
704102,0.9,20000,0.9,0.0,2026-09-29
704105,5.1,10000,5.1,0.0,2026-09-29
704107,0.18,1000,0.16999999999999998,5.882352941176471,2026-09-29
704108,0.26,352000,0.27,-3.7037037037037033,2026-09-29
704110,0.67,22000,0.64,4.6875,2026-09-29
704115,0.18,87000,0.19999999999999998,-10.0,2026-09-29
704135,0.01,237000,0.01,0.0,2026-09-29
704191,1.98,23000,1.76,12.5,2026-09-29
704203,1.08,916000,1.07,0.9345794392523363,2026-09-29
704205,0.88,1185000,0.72,22.222222222222225,2026-09-29
704206,0.9,756000,0.78,15.384615384615383,2026-09-29
704207,3.6,59000,3.4,5.882352941176471,2026-09-29
704211,1.83,10000,1.8900000000000001,-3.1746031746031744,2026-09-29
704215,0.35,10000,0.36,-2.777777777777778,2026-09-29
704218,3.29,39000,3.47,-5.187319884726224,2026-09-29
704219,0.68,10000,0.67,1.4925373134328357,2026-09-29
704220,0.79,19000,0.8,-1.25,2026-09-29
704221,0.2,70000,0.2,0.0,2026-09-29
704223,0.15,1000,0.15,0.0,2026-09-29
704225,0.31,1000,0.3,3.3333333333333335,2026-09-29
704237,0.8,1000,0.7000000000000001,14.285714285714285,2026-09-29
704256,0.87,240000,0.84,3.571428571428571,2026-09-29
704257,0.97,889000,0.96,1.0416666666666667,2026-09-29
704258,1.65,540000,1.65,0.0,2026-09-29
704260,1.4,39000,1.38,1.4492753623188408,2026-09-29
704277,0.12,1000,0.04999999999999999,140.00000000000003,2026-09-29
704280,0.76,73000,0.65,16.92307692307692,2026-09-29
704281,0.46,105000,0.5,-8.0,2026-09-29
704282,2.08,19000,2.14,-2.8037383177570088,2026-09-29
704283,2.54,1000,2.44,4.0983606557377055,2026-09-29
704288,0.55,5000,0.55,0.0,2026-09-29
704290,0.39,167000,0.41000000000000003,-4.878048780487805,2026-09-29
704296,0.39,62000,0.39,0.0,2026-09-29
704298,0.59,568000,0.58,1.724137931034483,2026-09-29
704321,1.05,110000,1.1500000000000001,-8.695652173913043,2026-09-29
704322,2.73,69000,2.73,0.0,2026-09-29
704343,0.68,6000,0.52,30.76923076923077,2026-09-29
704351,0.45,481000,0.53,-15.09433962264151,2026-09-29
704352,0.53,23000,0.56,-5.357142857142856,2026-09-29
704353,1.11,730000,1.2400000000000002,-10.483870967741934,2026-09-29
704358,2.75,10000,2.52,9.126984126984128,2026-09-29
704365,0.3,13000,0.52,-42.30769230769231,2026-09-29
704370,0.88,432000,0.66,33.33333333333333,2026-09-29
704373,0.2,331000,0.25,-20.0,2026-09-29
704374,0.22,81000,0.41000000000000003,-46.34146341463414,2026-09-29
704381,0.28,110000,0.24000000000000002,16.666666666666664,2026-09-29
704382,0.45,10000,1.5,-70.0,2026-09-29
704394,0.25,507000,0.13,92.3076923076923,2026-09-29
704404,0.31,4000,0.5,-38.0,2026-09-29
704409,0.13,61000,0.24,-45.833333333333336,2026-09-29
704419,4.39,10000,4.33,1.3856812933025404,2026-09-29
704421,1.93,15000,1.89,2.1164021164021167,2026-09-29
704492,0.64,1068000,0.5800000000000001,10.344827586206895,2026-09-29
704506,0.15,123000,0.04999999999999999,200.00000000000006,2026-09-29
704507,1.81,278000,1.61,12.422360248447205,2026-09-29
704533,1.47,195000,1.47,0.0,2026-09-29
704536,0.66,269000,0.8,-17.5,2026-09-29
704538,5.05,2000,4.92,2.642276422764228,2026-09-29
704541,0.32,13000,0.24,33.333333333333336,2026-09-29
704543,1.3,15000,1.31,-0.7633587786259541,2026-09-29
704548,0.01,10000,0.01,0.0,2026-09-29
704549,0.25,830000,0.26,-3.8461538461538463,2026-09-29
704556,12.2,1000,11.6,5.172413793103448,2026-09-29
704605,0.27,545000,0.12000000000000002,124.99999999999997,2026-09-29
704628,0.19,226000,0.24,-20.833333333333336,2026-09-29
704638,0.06,1000,0.06999999999999999,-14.285714285714288,2026-09-29
704665,0.57,1489000,0.6,-5.0,2026-09-29
704685,7.05,20000,7.55,-6.622516556291391,2026-09-29
704686,0.07,25000,0.05,40.0,2026-09-29
704702,0.02,12000,0.02,0.0,2026-09-29
704719,0.15,5000,0.10999999999999999,36.36363636363637,2026-09-29
704725,2.08,50000,2.0100000000000002,3.482587064676617,2026-09-29
704781,0.16,71000,0.16,0.0,2026-09-29
704789,19.0,1000,20.9,-9.090909090909092,2026-09-29
704842,0.39,1070000,0.45,-13.333333333333334,2026-09-29
704895,0.69,780000,0.58,18.965517241379313,2026-09-29
704896,0.74,219000,0.73,1.3698630136986303,2026-09-29
704897,4.64,30000,4.8,-3.3333333333333335,2026-09-29
704899,0.88,100000,0.77,14.285714285714285,2026-09-29
704904,0.2,2000,0.18000000000000002,11.11111111111111,2026-09-29
704925,0.35,3000,0.24,45.833333333333336,2026-09-29
704937,0.17,426000,0.17,0.0,2026-09-29
704947,0.71,6000,0.6699999999999999,5.970149253731344,2026-09-29
704948,2.06,210000,2.34,-11.965811965811968,2026-09-29
704949,1.41,10000,1.65,-14.545454545454545,2026-09-29
704951,0.65,32000,0.62,4.838709677419355,2026-09-29
704952,0.74,20000,0.73,1.3698630136986303,2026-09-29
704953,0.6,58000,0.6,0.0,2026-09-29
704954,2.36,448000,2.2199999999999998,6.306306306306307,2026-09-29
704958,7.6,4000,7.699999999999999,-1.298701298701299,2026-09-29
704997,2.06,163000,2.48,-16.93548387096774,2026-09-29
705002,1.03,504000,0.8300000000000001,24.096385542168676,2026-09-29
705003,0.92,458000,0.8300000000000001,10.843373493975902,2026-09-29
705005,0.38,15000,0.39,-2.564102564102564,2026-09-29
705009,2.6,20000,2.67,-2.6217228464419478,2026-09-29
705010,2.23,19000,2.26,-1.3274336283185841,2026-09-29
705027,0.01,160000,0.09,-88.8888888888889,2026-09-29
705084,0.47,1980000,0.63,-25.396825396825395,2026-09-29
705089,0.22,5000,0.16999999999999998,29.41176470588236,2026-09-29
705091,0.56,931000,0.42000000000000004,33.33333333333333,2026-09-29
705092,0.52,347000,0.43000000000000005,20.93023255813953,2026-09-29
705094,0.36,92000,0.37,-2.7027027027027026,2026-09-29
705097,0.47,39000,0.73,-35.61643835616439,2026-09-29
705099,1.11,1122000,1.29,-13.953488372093023,2026-09-29
705111,0.63,378000,0.38,65.78947368421053,2026-09-29
705114,0.68,6000,0.54,25.925925925925924,2026-09-29
705129,0.64,70000,0.64,0.0,2026-09-29
705132,0.4,7000,0.41000000000000003,-2.4390243902439024,2026-09-29
705135,2.17,3000,2.26,-3.982300884955752,2026-09-29
705138,1.82,10000,1.99,-8.542713567839197,2026-09-29
705143,0.39,10000,0.23,69.56521739130434,2026-09-29
705171,0.7,629000,0.29,141.3793103448276,2026-09-29
705179,2.29,92000,3.16,-27.53164556962025,2026-09-29
705188,0.15,20000,0.18,-16.666666666666664,2026-09-29
705190,1.26,62000,1.2,5.0,2026-09-29
705191,0.73,60000,0.64,14.0625,2026-09-29
705192,2.11,1000,2.02,4.455445544554455,2026-09-29
705193,1.26,99000,1.31,-3.816793893129771,2026-09-29
705194,0.72,146000,0.76,-5.263157894736842,2026-09-29
705195,0.99,148000,1.05,-5.714285714285714,2026-09-29
705196,1.37,1590000,1.54,-11.03896103896104,2026-09-29
705212,1.73,16000,2.2199999999999998,-22.072072072072075,2026-09-29
705213,2.12,302000,1.5100000000000002,40.39735099337748,2026-09-29
705215,0.89,120000,1.07,-16.822429906542055,2026-09-29
705216,2.42,12000,2.88,-15.972222222222223,2026-09-29
705221,6.65,12000,8.65,-23.121387283236995,2026-09-29
705223,2.06,17000,3.0,-31.33333333333333,2026-09-29
705235,12.0,2000,10.1,18.81188118811881,2026-09-29
705238,3.05,15000,3.33,-8.408408408408409,2026-09-29
705246,6.8,20000,6.25,8.8,2026-09-29
705257,1.46,40000,1.39,5.035971223021583,2026-09-29
705258,1.64,247000,1.5999999999999999,2.5,2026-09-29
705259,0.52,2000,0.54,-3.7037037037037033,2026-09-29
705260,0.65,23000,0.65,0.0,2026-09-29
705261,0.2,14000,0.2,0.0,2026-09-29
705262,0.27,1000,0.29000000000000004,-6.896551724137931,2026-09-29
705264,0.57,1929000,0.49999999999999994,14.000000000000004,2026-09-29
705266,1.13,569000,1.3099999999999998,-13.740458015267176,2026-09-29
705267,0.77,20000,0.75,2.666666666666667,2026-09-29
705268,1.1,5000,1.23,-10.569105691056912,2026-09-29
705269,1.85,2000,1.9600000000000002,-5.612244897959183,2026-09-29
705276,3.87,85000,3.46,11.849710982658959,2026-09-29
705284,3.35,20000,3.23,3.7151702786377707,2026-09-29
705289,1.52,2000,1.42,7.042253521126761,2026-09-29
705300,2.13,50000,1.8399999999999999,15.760869565217392,2026-09-29
705307,0.44,664000,0.45,-2.2222222222222223,2026-09-29
705310,0.79,331000,0.92,-14.130434782608695,2026-09-29
705311,0.5,20000,0.55,-9.090909090909092,2026-09-29
705312,0.48,519000,0.48,0.0,2026-09-29
705313,3.88,1000,3.79,2.3746701846965697,2026-09-29
705314,2.16,12000,2.1,2.857142857142857,2026-09-29
705324,0.87,158000,0.89,-2.247191011235955,2026-09-29
705333,1.39,78000,1.2899999999999998,7.751937984496125,2026-09-29
705341,0.29,114000,0.35,-17.142857142857142,2026-09-29
705347,0.78,514000,0.78,0.0,2026-09-29
705348,0.98,76000,1.01,-2.9702970297029703,2026-09-29
705349,2.16,74000,2.88,-25.0,2026-09-29
705357,7.05,15000,7.55,-6.622516556291391,2026-09-29
705370,1.5,40000,1.65,-9.090909090909092,2026-09-29
705372,0.28,1000,0.29000000000000004,-3.4482758620689653,2026-09-29
705375,4.6,10000,4.949999999999999,-7.070707070707072,2026-09-29
705380,0.28,20000,0.14,100.0,2026-09-29
705381,0.64,11000,0.6,6.666666666666667,2026-09-29
705386,0.78,58000,0.77,1.2987012987012987,2026-09-29
705387,0.34,40000,0.32,6.25,2026-09-29
705389,0.73,583000,0.6599999999999999,10.606060606060607,2026-09-29
705392,4.98,1000,4.180000000000001,19.13875598086124,2026-09-29
705397,0.77,5000,0.77,0.0,2026-09-29
705399,1.45,640000,1.52,-4.605263157894737,2026-09-29
705400,2.29,2000,2.39,-4.184100418410042,2026-09-29
705404,0.41,45000,0.42,-2.3809523809523814,2026-09-29
705433,4.51,3000,4.3999999999999995,2.5000000000000004,2026-09-29
705437,4.63,141000,4.18,10.76555023923445,2026-09-29
705443,0.05,20000,0.020000000000000004,149.99999999999994,2026-09-29
705447,0.42,531000,1.98,-78.7878787878788,2026-09-29
705448,18.5,1000,16.1,14.906832298136644,2026-09-29
705451,2.27,141000,2.5300000000000002,-10.276679841897232,2026-09-29
705455,1.28,1000,1.1,16.36363636363636,2026-09-29
705476,2.37,14000,2.73,-13.186813186813188,2026-09-29
705477,0.18,532000,0.12,50.0,2026-09-29
705478,0.54,23000,0.46,17.391304347826086,2026-09-29
705480,0.81,65000,0.8300000000000001,-2.4096385542168672,2026-09-29
705483,0.14,60000,0.12000000000000001,16.666666666666664,2026-09-29
705484,6.3,1000,5.3999999999999995,16.666666666666668,2026-09-29
705485,4.18,5000,3.6599999999999997,14.207650273224045,2026-09-29
705487,1.28,11000,1.43,-10.48951048951049,2026-09-29
705489,1.66,199000,1.71,-2.9239766081871346,2026-09-29
705492,3.95,440000,2.74,44.160583941605836,2026-09-29
705502,9.5,1000,8.0,18.75,2026-09-29
705505,1.03,55000,1.23,-16.260162601626018,2026-09-29
705520,3.17,17000,3.32,-4.518072289156627,2026-09-29
705522,1.31,14000,1.9500000000000002,-32.82051282051282,2026-09-29
705527,21.2,1000,18.099999999999998,17.127071823204425,2026-09-29
705534,1.74,38000,2.29,-24.017467248908297,2026-09-29
705539,2.4,2000,2.6999999999999997,-11.111111111111112,2026-09-29
705548,1.11,12000,1.3,-14.615384615384617,2026-09-29
705551,0.92,37000,1.03,-10.679611650485436,2026-09-29
705553,1.0,15000,0.96,4.166666666666667,2026-09-29
705555,3.95,5000,3.9000000000000004,1.282051282051282,2026-09-29
705560,3.61,26000,2.9499999999999997,22.372881355932208,2026-09-29
705565,1.37,641000,1.4700000000000002,-6.802721088435374,2026-09-29
705570,1.35,5000,1.08,25.0,2026-09-29
705581,0.82,37000,1.0699999999999998,-23.364485981308412,2026-09-29
705589,0.58,68000,0.5499999999999999,5.454545454545455,2026-09-29
705604,2.15,3000,2.32,-7.3275862068965525,2026-09-29
705611,1.24,11000,1.57,-21.019108280254777,2026-09-29
705614,0.51,10000,1.26,-59.523809523809526,2026-09-29
705621,3.22,10000,3.74,-13.903743315508022,2026-09-29
705630,3.78,70000,4.1899999999999995,-9.785202863961814,2026-09-29
705671,0.47,1148000,0.41,14.634146341463413,2026-09-29
705672,0.55,10000,0.6000000000000001,-8.333333333333332,2026-09-29
705675,1.47,13000,1.89,-22.222222222222225,2026-09-29
705676,1.09,1839000,1.3800000000000001,-21.014492753623184,2026-09-29
705677,2.6,1000,2.6,0.0,2026-09-29
705679,0.1,21000,0.08,25.0,2026-09-29
705711,0.22,158000,0.13,69.23076923076923,2026-09-29
705728,0.23,412000,0.17,35.29411764705882,2026-09-29
705737,2.31,5000,1.9500000000000002,18.46153846153846,2026-09-29
705739,0.8,300000,0.6200000000000001,29.032258064516125,2026-09-29
705770,0.17,95000,0.12000000000000001,41.666666666666664,2026-09-29
705774,2.38,62000,2.77,-14.079422382671481,2026-09-29
705778,0.03,450000,0.04,-25.0,2026-09-29
705783,1.01,135000,1.11,-9.00900900900901,2026-09-29
705785,0.98,28000,0.61,60.65573770491803,2026-09-29
705802,1.72,10000,1.91,-9.947643979057592,2026-09-29
705805,2.79,12000,2.83,-1.4134275618374559,2026-09-29
705806,2.58,6000,2.5,3.2,2026-09-29
705807,2.08,20000,2.06,0.9708737864077669,2026-09-29
705819,1.13,112000,1.17,-3.418803418803419,2026-09-29
705820,0.24,19000,0.25,-4.0,2026-09-29
705826,3.14,815000,2.8600000000000003,9.79020979020979,2026-09-29
705853,2.29,272000,2.66,-13.909774436090224,2026-09-29
705855,1.08,100000,1.06,1.8867924528301887,2026-09-29
705856,1.54,200000,1.57,-1.910828025477707,2026-09-29
705858,0.49,10000,0.51,-3.9215686274509802,2026-09-29
705859,2.84,17000,3.05,-6.885245901639345,2026-09-29
705860,0.6,1000,0.58,3.448275862068966,2026-09-29
705861,0.28,1512000,0.25,12.0,2026-09-29
705863,2.0,8000,1.92,4.166666666666667,2026-09-29
705872,9.8,1000,11.0,-10.909090909090908,2026-09-29
705874,1.89,160000,1.68,12.5,2026-09-29
705875,0.14,20000,0.11000000000000001,27.27272727272727,2026-09-29
705878,1.46,38000,1.2,21.666666666666668,2026-09-29
705881,5.3,1070000,6.25,-15.2,2026-09-29
705894,0.33,80000,0.36,-8.333333333333332,2026-09-29
705896,0.12,16000,0.06,100.0,2026-09-29
705899,4.88,10000,5.85,-16.58119658119658,2026-09-29
705917,1.35,30000,1.58,-14.556962025316455,2026-09-29
705926,0.05,1000,0.04,25.0,2026-09-29
705927,0.15,333000,0.13,15.384615384615385,2026-09-29
705928,2.22,11000,2.6100000000000003,-14.942528735632182,2026-09-29
705933,3.67,583000,3.6799999999999997,-0.27173913043478265,2026-09-29
705935,0.03,150000,0.04,-25.0,2026-09-29
705940,0.06,1497000,0.039999999999999994,50.000000000000014,2026-09-29
705942,2.03,3000,2.1399999999999997,-5.140186915887851,2026-09-29
705946,0.2,20000,0.2,0.0,2026-09-29
705947,0.65,1000,0.64,1.5625,2026-09-29
705951,0.31,100000,0.33,-6.0606060606060606,2026-09-29
705969,0.08,68000,0.08,0.0,2026-09-29
705986,3.49,4000,3.6,-3.0555555555555554,2026-09-29
705987,0.04,30000,0.02,100.0,2026-09-29
705989,9.55,4000,11.9,-19.747899159663866,2026-09-29
705991,2.3,5000,2.3899999999999997,-3.765690376569038,2026-09-29
705998,2.18,85000,2.0100000000000002,8.457711442786069,2026-09-29
706006,0.41,50000,0.38,7.894736842105263,2026-09-29
706010,4.13,10000,4.4799999999999995,-7.8125,2026-09-29
706011,3.16,60000,3.87,-18.346253229974156,2026-09-29
706017,0.94,1000,0.85,10.588235294117647,2026-09-29
706018,1.99,20000,1.7,17.058823529411764,2026-09-29
706019,2.0,10000,2.09,-4.30622009569378,2026-09-29
706027,1.11,28000,1.11,0.0,2026-09-29
706028,0.31,112000,0.2,54.99999999999999,2026-09-29
706031,0.52,6000,0.5,4.0,2026-09-29
706033,0.55,11000,0.49000000000000005,12.244897959183671,2026-09-29
706034,0.93,5000,0.9400000000000001,-1.0638297872340425,2026-09-29
706036,0.52,1000,0.51,1.9607843137254901,2026-09-29
706037,0.57,5000,0.57,0.0,2026-09-29
706040,0.18,5000,0.16999999999999998,5.882352941176471,2026-09-29
706054,0.37,13000,0.21,76.1904761904762,2026-09-29
706055,0.5,749000,0.36,38.88888888888889,2026-09-29
706060,3.09,106000,2.9099999999999997,6.185567010309279,2026-09-29
706071,2.19,3000,2.32,-5.603448275862069,2026-09-29
706073,0.36,30000,0.32,12.5,2026-09-29
706081,0.87,152000,1.09,-20.183486238532108,2026-09-29
706087,2.05,165000,2.3099999999999996,-11.255411255411257,2026-09-29
706088,3.17,189000,3.54,-10.451977401129943,2026-09-29
706097,0.89,471000,0.78,14.102564102564102,2026-09-29
706098,0.78,128000,0.72,8.333333333333332,2026-09-29
706103,0.44,789000,0.33,33.33333333333333,2026-09-29
706117,4.07,40000,3.9800000000000004,2.2613065326633164,2026-09-29
706118,1.52,65000,1.6300000000000001,-6.748466257668712,2026-09-29
706121,0.45,442000,0.44,2.272727272727273,2026-09-29
706126,0.89,12000,1.03,-13.59223300970874,2026-09-29
706127,0.83,762000,0.85,-2.3529411764705883,2026-09-29
706134,0.8,1167000,0.8500000000000001,-5.88235294117647,2026-09-29
706135,0.48,80000,0.5,-4.0,2026-09-29
706136,0.67,1127000,0.7000000000000001,-4.285714285714285,2026-09-29
706137,0.59,1804000,0.62,-4.838709677419355,2026-09-29
706138,0.24,117000,0.24,0.0,2026-09-29
706139,0.67,35000,0.66,1.5151515151515151,2026-09-29
706150,2.97,308000,3.25,-8.615384615384617,2026-09-29
706153,3.57,1000,3.2199999999999998,10.869565217391305,2026-09-29
706161,1.93,85000,2.19,-11.872146118721462,2026-09-29
706162,2.38,53000,2.77,-14.079422382671481,2026-09-29
706163,10.4,42000,9.15,13.661202185792348,2026-09-29
706176,2.13,1000,2.26,-5.7522123893805315,2026-09-29
706178,0.79,179000,0.7000000000000001,12.857142857142856,2026-09-29
706179,0.48,314000,0.43,11.627906976744187,2026-09-29
706180,0.36,675000,0.32999999999999996,9.090909090909092,2026-09-29
706181,0.61,3000,0.65,-6.153846153846153,2026-09-29
706182,1.11,10000,1.29,-13.953488372093023,2026-09-29
706184,0.34,339000,0.23000000000000004,47.82608695652173,2026-09-29
706198,0.14,30000,0.17,-17.64705882352941,2026-09-29
706206,0.43,460000,0.37,16.216216216216218,2026-09-29
706207,1.45,801000,1.53,-5.228758169934641,2026-09-29
706208,2.86,100000,3.5,-18.285714285714285,2026-09-29
706209,2.96,581000,3.25,-8.923076923076923,2026-09-29
706214,0.5,592000,0.55,-9.090909090909092,2026-09-29
706215,1.72,54000,1.99,-13.5678391959799,2026-09-29
706219,0.12,1325000,0.15,-20.0,2026-09-29
706223,1.4,107000,1.2599999999999998,11.111111111111114,2026-09-29
706225,0.18,50000,0.19,-5.263157894736842,2026-09-29
706240,1.13,556000,1.18,-4.237288135593221,2026-09-29
706245,0.32,1103000,0.41000000000000003,-21.95121951219512,2026-09-29
706259,0.54,776000,0.55,-1.8181818181818181,2026-09-29
706260,0.55,2582000,0.5800000000000001,-5.1724137931034475,2026-09-29
706261,1.08,6000,1.11,-2.7027027027027026,2026-09-29
706269,0.33,132000,0.35000000000000003,-5.714285714285714,2026-09-29
706276,1.75,18000,1.76,-0.5681818181818182,2026-09-29
706282,0.57,130000,0.49999999999999994,14.000000000000004,2026-09-29
706283,0.32,1970000,0.32,0.0,2026-09-29
706287,1.43,943000,1.7999999999999998,-20.555555555555557,2026-09-29
706293,0.88,5000,0.79,11.39240506329114,2026-09-29
706313,1.52,35000,1.77,-14.124293785310735,2026-09-29
706319,2.56,2000,2.38,7.563025210084033,2026-09-29
706322,3.08,4000,3.5100000000000002,-12.25071225071225,2026-09-29
706324,1.93,57000,1.98,-2.5252525252525255,2026-09-29
706327,0.57,12000,0.57,0.0,2026-09-29
706328,1.67,41000,1.5499999999999998,7.741935483870968,2026-09-29
706331,2.08,5000,2.23,-6.726457399103139,2026-09-29
706339,1.58,338000,1.8800000000000001,-15.957446808510637,2026-09-29
706342,3.07,86000,3.67,-16.348773841961854,2026-09-29
706344,1.12,352000,1.12,0.0,2026-09-29
706346,0.21,1000,0.15,40.0,2026-09-29
706347,0.79,302000,0.8,-1.25,2026-09-29
706348,1.72,324000,1.88,-8.510638297872342,2026-09-29
706350,0.24,1000,0.21,14.285714285714285,2026-09-29
706351,0.72,66000,0.64,12.5,2026-09-29
706355,2.63,394000,2.96,-11.14864864864865,2026-09-29
706371,1.21,223000,1.33,-9.022556390977442,2026-09-29
706379,5.8,1000,4.97,16.700201207243463,2026-09-29
706389,0.09,1000,0.06999999999999999,28.571428571428577,2026-09-29
706393,1.48,40000,1.44,2.777777777777778,2026-09-29
706399,0.02,350000,0.03,-33.333333333333336,2026-09-29
706412,0.33,258000,0.22000000000000003,49.99999999999999,2026-09-29
706419,0.67,36000,0.54,24.074074074074073,2026-09-29
706442,1.63,5000,1.5499999999999998,5.161290322580646,2026-09-29
706452,0.88,107000,0.8,10.0,2026-09-29
706453,0.72,27000,0.62,16.12903225806452,2026-09-29
706455,0.21,2000,0.19,10.526315789473683,2026-09-29
706456,1.6,30000,1.9700000000000002,-18.78172588832487,2026-09-29
706457,0.02,50000,0.03,-33.333333333333336,2026-09-29
706468,0.18,340000,0.15,20.0,2026-09-29
706472,5.05,200000,4.79,5.427974947807933,2026-09-29
706476,1.5,10000,1.6,-6.25,2026-09-29
706479,0.87,1586000,1.3399999999999999,-35.07462686567165,2026-09-29
706485,2.41,19000,3.0100000000000002,-19.933554817275745,2026-09-29
706496,0.58,17000,0.59,-1.694915254237288,2026-09-29
706497,0.61,40000,0.73,-16.43835616438356,2026-09-29
706503,1.2,157000,1.02,17.64705882352941,2026-09-29
706507,2.33,12000,2.27,2.6431718061674006,2026-09-29
706508,1.53,5000,1.31,16.793893129770993,2026-09-29
706513,0.87,64000,1.1099999999999999,-21.62162162162162,2026-09-29
706524,0.8,155000,0.9500000000000001,-15.789473684210526,2026-09-29
706528,0.91,53000,0.99,-8.080808080808081,2026-09-29
706536,0.38,5000,0.39,-2.564102564102564,2026-09-29
706545,0.8,10000,0.81,-1.2345679012345678,2026-09-29
706565,0.62,20000,0.76,-18.42105263157895,2026-09-29
706566,0.85,158000,0.78,8.974358974358974,2026-09-29
706567,0.11,4885000,0.18,-38.88888888888889,2026-09-29
706573,2.2,309000,2.75,-20.0,2026-09-29
706576,1.48,76000,1.3699999999999999,8.029197080291972,2026-09-29
706579,0.5,1191000,0.62,-19.35483870967742,2026-09-29
706588,0.64,394000,0.8300000000000001,-22.89156626506024,2026-09-29
706590,0.98,30000,1.03,-4.854368932038835,2026-09-29
706596,3.04,15000,2.93,3.754266211604095,2026-09-29
706601,0.01,5000,0.03,-66.66666666666667,2026-09-29
706612,0.35,84000,0.31,12.903225806451612,2026-09-29
706613,0.88,24000,0.76,15.789473684210526,2026-09-29
706618,0.09,200000,0.06999999999999999,28.571428571428577,2026-09-29
706622,0.32,4000,0.26,23.076923076923077,2026-09-29
706623,0.66,16000,0.63,4.761904761904762,2026-09-29
706625,0.26,46000,0.25,4.0,2026-09-29
706647,0.29,11000,0.20999999999999996,38.0952380952381,2026-09-29
706655,0.06,20000,0.03,100.0,2026-09-29
706659,0.47,262000,0.39999999999999997,17.500000000000004,2026-09-29
706660,0.41,194000,0.36,13.88888888888889,2026-09-29
706662,0.84,1234000,0.78,7.692307692307692,2026-09-29
706663,0.03,1000,0.04,-25.0,2026-09-29
706664,0.31,17000,0.28,10.714285714285712,2026-09-29
706674,0.23,5000,0.27,-14.814814814814813,2026-09-29
706684,0.26,6000,0.27,-3.7037037037037033,2026-09-29
706685,0.7,5000,0.73,-4.10958904109589,2026-09-29
706687,0.51,65000,0.35,45.714285714285715,2026-09-29
706691,0.33,10000,0.31,6.451612903225806,2026-09-29
706695,1.04,47000,0.98,6.122448979591836,2026-09-29
706703,0.32,8000,0.27,18.51851851851852,2026-09-29
706705,0.86,20000,0.75,14.666666666666666,2026-09-29
706710,0.79,248000,0.8300000000000001,-4.8192771084337345,2026-09-29
706712,0.49,22000,0.5,-2.0,2026-09-29
706714,0.23,20000,0.21000000000000002,9.523809523809524,2026-09-29
706727,0.81,148000,0.8200000000000001,-1.2195121951219512,2026-09-29
706733,0.44,100000,0.44,0.0,2026-09-29
706743,4.01,10000,3.9699999999999998,1.0075566750629725,2026-09-29
706745,0.22,30000,0.23,-4.3478260869565215,2026-09-29
706754,2.22,1000,2.22,0.0,2026-09-29
706760,0.65,20000,0.5800000000000001,12.068965517241379,2026-09-29
706784,0.83,4000,0.83,0.0,2026-09-29
706790,1.01,248000,0.88,14.772727272727273,2026-09-29
706793,0.28,91000,0.30000000000000004,-6.666666666666665,2026-09-29
706796,1.0,621000,1.0,0.0,2026-09-29
706799,0.82,121000,0.72,13.88888888888889,2026-09-29
706800,0.76,74000,0.68,11.76470588235294,2026-09-29
706801,0.67,37000,0.6100000000000001,9.83606557377049,2026-09-29
706803,0.7,110000,0.69,1.4492753623188408,2026-09-29
706804,0.98,1000,1.1,-10.909090909090907,2026-09-29
706826,0.4,200000,0.34,17.64705882352941,2026-09-29
706843,0.58,689000,0.49999999999999994,16.000000000000004,2026-09-29
706844,0.38,480000,0.34,11.76470588235294,2026-09-29
706845,0.89,92000,0.89,0.0,2026-09-29
706852,0.36,663000,0.32999999999999996,9.090909090909092,2026-09-29
706857,0.23,351000,0.16,43.75000000000001,2026-09-29
706863,2.66,10000,2.58,3.10077519379845,2026-09-29
706865,8.7,1000,7.8999999999999995,10.126582278481013,2026-09-29
706872,1.06,20000,1.08,-1.8518518518518516,2026-09-29
706877,0.15,10000,0.13999999999999999,7.142857142857144,2026-09-29
706878,0.29,10000,0.26999999999999996,7.407407407407408,2026-09-29
706892,1.43,511000,1.3199999999999998,8.333333333333334,2026-09-29
706900,0.57,144000,0.45999999999999996,23.91304347826087,2026-09-29
706905,0.02,100000,0.1,-80.0,2026-09-29
706910,1.5,96000,1.59,-5.660377358490566,2026-09-29
706914,0.21,56000,0.19,10.526315789473683,2026-09-29
706916,0.41,64000,0.49,-16.3265306122449,2026-09-29
706924,0.61,330000,0.6699999999999999,-8.955223880597016,2026-09-29
706925,0.58,96000,0.52,11.538461538461538,2026-09-29
706934,1.26,1000,1.28,-1.5625,2026-09-29
706948,1.88,141000,1.92,-2.0833333333333335,2026-09-29
706949,2.87,22000,3.0700000000000003,-6.514657980456026,2026-09-29
706953,0.77,178000,0.74,4.054054054054054,2026-09-29
706963,0.59,33000,0.45999999999999996,28.260869565217394,2026-09-29
706967,1.8,11000,1.6,12.5,2026-09-29
706968,1.35,401000,1.4100000000000001,-4.255319148936169,2026-09-29
706970,1.19,20000,1.15,3.4782608695652173,2026-09-29
706972,0.13,60000,0.18,-27.77777777777778,2026-09-29
706975,1.05,53000,0.9500000000000001,10.526315789473683,2026-09-29
706976,0.49,2000,0.56,-12.5,2026-09-29
706978,1.98,2000,1.82,8.79120879120879,2026-09-29
706980,0.4,253000,0.38,5.263157894736842,2026-09-29
706981,0.4,251000,0.36000000000000004,11.11111111111111,2026-09-29
706982,1.9,66000,1.98,-4.040404040404041,2026-09-29
706986,0.32,129000,0.27,18.51851851851852,2026-09-29
706987,0.83,15000,0.8999999999999999,-7.7777777777777795,2026-09-29
706988,1.5,362000,1.41,6.382978723404255,2026-09-29
706991,1.2,3000,0.9299999999999999,29.03225806451613,2026-09-29
706999,0.47,91000,0.41,14.634146341463413,2026-09-29
707000,0.73,5000,1.45,-49.6551724137931,2026-09-29
707002,0.45,3000,0.4,12.5,2026-09-29
707003,1.45,15000,1.29,12.4031007751938,2026-09-29
707007,0.1,30000,0.16,-37.5,2026-09-29
707011,0.89,65000,0.8,11.249999999999998,2026-09-29
707012,0.67,372000,0.67,0.0,2026-09-29
707014,0.52,265000,0.54,-3.7037037037037033,2026-09-29
707024,5.5,6000,4.9,12.244897959183671,2026-09-29
707028,0.02,70000,0.04,-50.0,2026-09-29
707037,3.91,10000,3.2,22.1875,2026-09-29
707038,0.36,29000,0.56,-35.714285714285715,2026-09-29
707040,0.85,2000,0.85,0.0,2026-09-29
707041,0.35,20000,0.24,45.833333333333336,2026-09-29
707042,0.33,128000,0.35000000000000003,-5.714285714285714,2026-09-29
707048,1.5,18000,1.66,-9.63855421686747,2026-09-29
707051,0.93,52000,0.9700000000000001,-4.123711340206185,2026-09-29
707052,0.1,329000,0.14,-28.57142857142857,2026-09-29
707054,1.37,15000,2.12,-35.37735849056604,2026-09-29
707055,0.11,5000,0.12,-8.333333333333334,2026-09-29
707061,0.14,200000,0.13,7.6923076923076925,2026-09-29
707063,2.68,12000,2.2800000000000002,17.543859649122805,2026-09-29
707066,0.53,592000,0.5800000000000001,-8.620689655172413,2026-09-29
707071,0.98,61000,0.86,13.953488372093023,2026-09-29
707072,0.92,22000,0.8600000000000001,6.97674418604651,2026-09-29
707073,0.52,176000,0.55,-5.454545454545453,2026-09-29
707074,1.35,10000,1.4000000000000001,-3.571428571428571,2026-09-29
707075,0.83,15000,0.8099999999999999,2.469135802469136,2026-09-29
707076,0.5,103000,0.39,28.205128205128204,2026-09-29
707082,0.58,14000,0.5499999999999999,5.454545454545455,2026-09-29
707083,4.81,26000,4.92,-2.2357723577235773,2026-09-29
707087,1.31,86000,1.17,11.965811965811968,2026-09-29
707091,0.02,70000,0.08,-75.0,2026-09-29
707092,2.42,5000,2.63,-7.984790874524715,2026-09-29
707094,0.09,30000,0.16,-43.75000000000001,2026-09-29
707097,2.51,16000,2.51,0.0,2026-09-29
707108,0.56,107000,0.5,12.0,2026-09-29
707119,4.69,100000,5.95,-21.176470588235293,2026-09-29
707125,0.18,537000,0.13999999999999999,28.571428571428577,2026-09-29
707127,7.25,10000,7.45,-2.684563758389262,2026-09-29
707128,0.52,17000,0.56,-7.142857142857142,2026-09-29
707129,0.46,345000,0.48000000000000004,-4.166666666666666,2026-09-29
707133,0.58,318000,0.45999999999999996,26.08695652173913,2026-09-29
707134,0.2,13000,0.23,-13.043478260869565,2026-09-29
707137,0.82,18000,0.7999999999999999,2.5,2026-09-29
707138,3.53,21000,3.03,16.5016501650165,2026-09-29
707140,0.78,21000,0.77,1.2987012987012987,2026-09-29
707141,0.52,131000,0.46,13.043478260869565,2026-09-29
707142,0.46,100000,0.44,4.545454545454546,2026-09-29
707150,2.01,19000,1.9599999999999997,2.5510204081632657,2026-09-29
707151,1.51,80000,1.43,5.594405594405595,2026-09-29
707164,0.36,3000,0.49,-26.53061224489796,2026-09-29
707167,4.39,9000,4.8,-8.541666666666666,2026-09-29
707172,0.22,15000,0.33999999999999997,-35.294117647058826,2026-09-29
707175,1.32,642000,1.22,8.196721311475411,2026-09-29
707176,0.41,537000,0.33999999999999997,20.588235294117652,2026-09-29
707178,1.54,200000,1.43,7.6923076923076925,2026-09-29
707184,13.4,100000,11.3,18.584070796460175,2026-09-29
707191,3.1,5000,3.0700000000000003,0.9771986970684038,2026-09-29
707193,6.05,8000,6.8999999999999995,-12.318840579710146,2026-09-29
707196,0.38,50000,0.36,5.555555555555556,2026-09-29
707204,0.63,25000,0.6,5.0,2026-09-29
707205,3.01,5000,2.98,1.006711409395973,2026-09-29
707222,2.27,170000,1.86,22.04301075268817,2026-09-29
707228,0.36,99000,0.35,2.857142857142857,2026-09-29
707229,0.34,100000,0.33,3.0303030303030303,2026-09-29
707239,1.76,10000,2.4699999999999998,-28.74493927125506,2026-09-29
707242,3.33,10000,3.24,2.7777777777777777,2026-09-29
707246,1.35,361000,1.25,8.0,2026-09-29
707251,0.24,175000,0.22,9.090909090909092,2026-09-29
707258,4.6,40000,4.359999999999999,5.5045871559633035,2026-09-29
707263,0.71,15000,0.7,1.4285714285714286,2026-09-29
707266,2.13,61000,2.02,5.445544554455446,2026-09-29
707268,0.26,20000,0.25,4.0,2026-09-29
707273,1.11,45000,1.07,3.7383177570093453,2026-09-29
707274,0.38,2000,0.36,5.555555555555556,2026-09-29
707277,1.04,362000,0.99,5.050505050505051,2026-09-29
707278,1.27,188000,1.26,0.7936507936507936,2026-09-29
707280,4.98,1000,4.82,3.319502074688797,2026-09-29
707282,5.6,5000,5.5,1.8181818181818183,2026-09-29
707286,0.98,116000,0.9299999999999999,5.376344086021506,2026-09-29
707287,1.68,32000,1.5499999999999998,8.38709677419355,2026-09-29
707299,1.99,13000,1.9,4.736842105263158,2026-09-29
707301,1.17,3000,1.3699999999999999,-14.598540145985403,2026-09-29
707302,4.53,70000,4.800000000000001,-5.624999999999999,2026-09-29
707304,4.8,1000,4.029999999999999,19.106699751861044,2026-09-29
707306,3.99,80000,4.32,-7.638888888888888,2026-09-29
707307,3.74,148000,3.6700000000000004,1.9073569482288828,2026-09-29
707308,4.1,2000,4.27,-3.981264637002343,2026-09-29
707310,0.61,337000,0.85,-28.235294117647058,2026-09-29
707311,0.31,1000,0.26,19.230769230769234,2026-09-29
707314,1.11,326000,1.29,-13.953488372093023,2026-09-29
707315,2.03,79000,2.2199999999999998,-8.558558558558559,2026-09-29
707320,0.27,1000,0.27,0.0,2026-09-29
707323,0.87,113000,0.76,14.473684210526317,2026-09-29
707326,1.61,99000,1.7000000000000002,-5.2941176470588225,2026-09-29
707327,0.63,315000,0.74,-14.864864864864865,2026-09-29
707328,0.9,1170000,1.01,-10.891089108910892,2026-09-29
707329,0.48,825000,0.44,9.090909090909092,2026-09-29
707330,4.32,5000,4.73,-8.668076109936573,2026-09-29
707331,2.22,1000,2.22,0.0,2026-09-29
707332,1.37,20000,1.3800000000000001,-0.7246376811594202,2026-09-29
707333,2.14,46000,2.1300000000000003,0.4694835680751173,2026-09-29
707334,1.7,57000,1.7,0.0,2026-09-29
707335,1.51,148000,1.51,0.0,2026-09-29
707336,1.0,294000,1.01,-0.9900990099009901,2026-09-29
707339,0.37,9000,0.32,15.625,2026-09-29
707340,0.9,34000,1.11,-18.918918918918916,2026-09-29
707341,0.88,4000,1.08,-18.51851851851852,2026-09-29
707342,1.01,285000,0.93,8.602150537634408,2026-09-29
707343,1.58,30000,1.77,-10.734463276836157,2026-09-29
707344,0.99,15000,0.96,3.125,2026-09-29
707346,0.54,5000,0.49000000000000005,10.204081632653061,2026-09-29
707350,1.73,9000,1.63,6.134969325153375,2026-09-29
707352,1.56,2207000,1.56,0.0,2026-09-29
707354,1.46,1389000,1.3599999999999999,7.35294117647059,2026-09-29
707356,1.46,1333000,1.4,4.285714285714286,2026-09-29
707361,0.55,20000,0.52,5.769230769230769,2026-09-29
707364,4.54,6000,4.7700000000000005,-4.821802935010482,2026-09-29
707370,1.12,40000,0.8500000000000001,31.76470588235294,2026-09-29
707371,1.11,133000,1.1700000000000002,-5.128205128205128,2026-09-29
707374,2.35,203000,2.5100000000000002,-6.374501992031872,2026-09-29
707382,1.71,299000,1.51,13.245033112582782,2026-09-29
707394,3.08,273000,2.64,16.666666666666664,2026-09-29
707397,0.51,896000,0.48,6.25,2026-09-29
707398,1.98,2000,1.58,25.31645569620253,2026-09-29
707402,3.11,1000,3.7199999999999998,-16.397849462365592,2026-09-29
707403,1.08,4000,0.8300000000000001,30.12048192771084,2026-09-29
707405,0.87,116000,0.66,31.818181818181817,2026-09-29
707408,0.91,502000,1.0,-9.0,2026-09-29
707409,0.43,196000,0.37,16.216216216216218,2026-09-29
707410,0.47,55000,0.44999999999999996,4.4444444444444455,2026-09-29
707413,1.32,237000,1.24,6.451612903225806,2026-09-29
707414,0.98,1336000,0.97,1.0309278350515463,2026-09-29
707417,0.73,21000,0.71,2.8169014084507045,2026-09-29
707418,0.61,6000,0.58,5.172413793103448,2026-09-29
707422,2.98,2000,2.36,26.27118644067797,2026-09-29
707423,1.41,300000,1.26,11.904761904761903,2026-09-29
707425,0.81,21000,0.81,0.0,2026-09-29
707426,1.33,4000,1.35,-1.4814814814814814,2026-09-29
707439,0.8,1028000,0.8500000000000001,-5.88235294117647,2026-09-29
707445,0.51,20000,0.46,10.869565217391305,2026-09-29
707449,2.21,12000,1.81,22.099447513812155,2026-09-29
707452,0.1,80000,0.1,0.0,2026-09-29
707453,0.68,3000,0.7200000000000001,-5.555555555555555,2026-09-29
707454,0.84,63000,0.85,-1.1764705882352942,2026-09-29
707455,0.82,146000,0.84,-2.3809523809523814,2026-09-29
707458,0.5,1000000,0.46,8.695652173913043,2026-09-29
707459,0.76,10000,0.76,0.0,2026-09-29
707463,0.57,17000,0.51,11.76470588235294,2026-09-29
707464,0.42,71000,0.39,7.692307692307692,2026-09-29
707467,3.45,1000,2.87,20.209059233449477,2026-09-29
707470,0.58,19000,0.5499999999999999,5.454545454545455,2026-09-29
707472,0.69,431000,0.7,-1.4285714285714286,2026-09-29
707474,0.86,190000,0.89,-3.3707865168539324,2026-09-29
707475,0.73,734000,0.7,4.285714285714286,2026-09-29
707478,0.95,2000,0.87,9.195402298850574,2026-09-29
707482,1.23,32000,1.13,8.849557522123895,2026-09-29
707506,0.31,712000,0.25,24.0,2026-09-29
707511,0.37,50000,0.33999999999999997,8.823529411764707,2026-09-29
707512,3.18,1000,2.5,27.200000000000003,2026-09-29
707515,0.22,308000,0.27,-18.51851851851852,2026-09-29
707523,2.55,24000,2.9299999999999997,-12.969283276450513,2026-09-29
707525,0.6,90000,0.61,-1.639344262295082,2026-09-29
707531,1.92,418000,2.08,-7.6923076923076925,2026-09-29
707538,0.04,1000,0.03,33.333333333333336,2026-09-29
707541,1.07,6000,1.24,-13.70967741935484,2026-09-29
707543,0.08,160000,0.04,100.0,2026-09-29
707545,0.05,55000,0.09,-44.44444444444445,2026-09-29
707547,0.24,4000,0.19999999999999998,20.0,2026-09-29
707556,1.66,35000,1.91,-13.089005235602095,2026-09-29
707565,0.1,1647000,0.08,25.0,2026-09-29
707569,0.25,27000,0.21,19.04761904761905,2026-09-29
707572,0.12,130000,0.11,9.090909090909092,2026-09-29
707573,0.17,7000,0.16,6.25,2026-09-29
707574,1.27,210000,1.29,-1.550387596899225,2026-09-29
707575,0.39,16000,0.4,-2.5,2026-09-29
707577,0.42,100000,0.45999999999999996,-8.695652173913045,2026-09-29
707578,0.81,18000,0.8300000000000001,-2.4096385542168672,2026-09-29
707579,0.15,4000,0.12,25.0,2026-09-29
707580,0.19,773000,0.18,5.555555555555556,2026-09-29
707581,0.16,697000,0.14,14.285714285714285,2026-09-29
707583,0.7,2000,0.7,0.0,2026-09-29
707587,2.09,12000,2.1599999999999997,-3.2407407407407414,2026-09-29
707593,0.47,230000,0.43999999999999995,6.818181818181819,2026-09-29
707596,0.87,154000,0.89,-2.247191011235955,2026-09-29
707598,1.21,16000,1.27,-4.724409448818897,2026-09-29
707600,2.53,10000,2.53,0.0,2026-09-29
707602,0.41,1000,0.20999999999999996,95.23809523809526,2026-09-29
707608,2.32,7000,2.4299999999999997,-4.526748971193416,2026-09-29
707609,1.45,84000,1.38,5.072463768115943,2026-09-29
707614,2.01,10000,2.29,-12.22707423580786,2026-09-29
707617,0.47,11000,0.37,27.027027027027028,2026-09-29
707618,0.46,401000,0.43000000000000005,6.97674418604651,2026-09-29
707619,0.1,9000,0.18,-44.44444444444445,2026-09-29
707622,0.65,84000,0.63,3.1746031746031744,2026-09-29
707644,0.43,76000,0.35,22.857142857142858,2026-09-29
707645,0.29,85000,0.24999999999999997,16.000000000000004,2026-09-29
707646,0.11,20000,0.11,0.0,2026-09-29
707655,0.34,2000,0.13000000000000003,161.5384615384615,2026-09-29
707670,0.07,40000,0.060000000000000005,16.666666666666664,2026-09-29
707676,0.45,195000,0.4,12.5,2026-09-29
707677,1.08,13000,0.8200000000000001,31.70731707317073,2026-09-29
707680,0.22,204000,0.21,4.761904761904763,2026-09-29
707681,2.4,71000,2.05,17.073170731707318,2026-09-29
707683,0.38,692000,0.31,22.580645161290324,2026-09-29
707686,0.43,21000,0.38,13.157894736842104,2026-09-29
707687,0.61,78000,0.57,7.017543859649124,2026-09-29
707688,1.04,71000,1.05,-0.9523809523809523,2026-09-29
707689,1.15,17000,1.15,0.0,2026-09-29
707694,0.4,1000,0.34,17.64705882352941,2026-09-29
707701,0.75,20000,0.73,2.7397260273972606,2026-09-29
707705,1.82,14000,1.85,-1.6216216216216213,2026-09-29
707709,0.13,923000,0.1,30.0,2026-09-29
707710,0.49,37000,0.54,-9.25925925925926,2026-09-29
707713,1.08,17000,0.81,33.33333333333333,2026-09-29
707714,0.06,21000,0.049999999999999996,20.0,2026-09-29
707715,1.06,45000,1.21,-12.396694214876034,2026-09-29
707718,1.4,80000,1.2999999999999998,7.692307692307694,2026-09-29
707721,1.23,381000,1.26,-2.380952380952381,2026-09-29
707722,0.98,132000,1.05,-6.666666666666667,2026-09-29
707730,2.32,5000,2.4,-3.3333333333333335,2026-09-29
707734,0.75,29000,0.85,-11.764705882352942,2026-09-29
707735,0.49,231000,0.5,-2.0,2026-09-29
707746,8.85,2000,7.199999999999999,22.916666666666668,2026-09-29
707747,0.74,11000,0.75,-1.3333333333333335,2026-09-29
707749,0.56,65000,0.7000000000000001,-20.0,2026-09-29
707753,0.47,273000,0.42,11.904761904761905,2026-09-29
707755,1.48,354000,1.6099999999999999,-8.074534161490684,2026-09-29
707757,0.76,1012000,0.79,-3.797468354430379,2026-09-29
707758,0.98,475000,0.99,-1.0101010101010102,2026-09-29
707759,0.81,423000,0.8500000000000001,-4.705882352941177,2026-09-29
707762,0.55,182000,0.49000000000000005,12.244897959183671,2026-09-29
707763,1.7,400000,1.73,-1.7341040462427744,2026-09-29
707764,1.6,96000,1.6800000000000002,-4.761904761904762,2026-09-29
707765,1.98,520000,2.05,-3.4146341463414642,2026-09-29
707768,0.01,52000,0.04,-75.0,2026-09-29
707769,0.15,3000,0.2,-25.0,2026-09-29
707770,0.25,2626000,0.16,56.25,2026-09-29
707771,1.85,10000,1.78,3.932584269662922,2026-09-29
707772,4.88,1000,3.8,28.421052631578952,2026-09-29
707775,1.45,52000,1.0,45.0,2026-09-29
707776,0.35,401000,0.44999999999999996,-22.222222222222225,2026-09-29
707778,3.06,1000,3.73,-17.962466487935657,2026-09-29
707780,0.2,459000,0.25,-20.0,2026-09-29
707781,0.69,5000,0.72,-4.166666666666666,2026-09-29
707784,0.02,374000,0.08,-75.0,2026-09-29
707785,0.4,21000,0.30000000000000004,33.33333333333333,2026-09-29
707786,0.35,500000,0.20999999999999996,66.66666666666669,2026-09-29
707787,0.4,19000,0.6000000000000001,-33.33333333333333,2026-09-29
707788,0.38,101000,0.21,80.95238095238096,2026-09-29
707790,0.2,213000,0.33,-39.39393939393939,2026-09-29
707791,0.26,627000,0.35,-25.71428571428572,2026-09-29
707792,0.36,350000,0.44999999999999996,-20.0,2026-09-29
707796,3.82,62000,4.6,-16.956521739130437,2026-09-29
707797,3.7,33000,4.42,-16.289592760180994,2026-09-29
707798,3.57,28000,3.83,-6.7885117493472595,2026-09-29
707799,1.36,79000,1.1900000000000002,14.285714285714285,2026-09-29
707804,0.05,60000,0.09,-44.44444444444445,2026-09-29
707809,0.23,80000,0.24000000000000002,-4.166666666666666,2026-09-29
707813,3.69,10000,3.9699999999999998,-7.0528967254408075,2026-09-29
707816,0.18,300000,0.18,0.0,2026-09-29
707818,0.09,110000,0.09999999999999999,-10.0,2026-09-29
707820,0.19,20000,0.37,-48.648648648648646,2026-09-29
707821,0.47,30000,0.57,-17.54385964912281,2026-09-29
707822,0.85,36000,0.95,-10.526315789473685,2026-09-29
707828,2.28,6000,2.6399999999999997,-13.636363636363638,2026-09-29
707829,4.97,12000,5.2,-4.423076923076923,2026-09-29
707833,0.29,65000,0.26,11.538461538461538,2026-09-29
707834,0.36,544000,0.49,-26.53061224489796,2026-09-29
707835,0.39,50000,0.48,-18.75,2026-09-29
707838,1.1,3000,0.9100000000000001,20.879120879120876,2026-09-29
707839,0.59,876000,0.7999999999999999,-26.25,2026-09-29
707840,0.38,194000,0.47,-19.148936170212767,2026-09-29
707843,0.8,13000,0.92,-13.043478260869565,2026-09-29
707844,0.95,499000,0.97,-2.0618556701030926,2026-09-29
707845,0.29,332000,0.33999999999999997,-14.70588235294118,2026-09-29
707846,0.29,403000,0.29,0.0,2026-09-29
707848,0.65,1630000,0.75,-13.333333333333334,2026-09-29
707849,0.87,5000,0.96,-9.375,2026-09-29
707850,0.9,794000,0.97,-7.216494845360826,2026-09-29
707851,0.42,1002000,0.41,2.4390243902439024,2026-09-29
707852,3.69,143000,4.05,-8.88888888888889,2026-09-29
707854,0.6,101000,0.57,5.2631578947368425,2026-09-29
707857,0.05,10000,0.05,0.0,2026-09-29
707858,0.92,21000,0.9,2.2222222222222223,2026-09-29
707859,1.09,938000,1.12,-2.678571428571428,2026-09-29
707860,0.16,208000,0.2,-20.0,2026-09-29
707862,0.04,10000,0.03,33.333333333333336,2026-09-29
707865,0.34,80000,0.32,6.25,2026-09-29
707873,0.32,839000,0.35,-8.571428571428571,2026-09-29
707874,0.5,1020000,0.61,-18.0327868852459,2026-09-29
707876,0.14,9000,0.16,-12.5,2026-09-29
707878,0.12,1000,0.15,-20.0,2026-09-29
707879,0.12,40000,0.19,-36.8421052631579,2026-09-29
707881,1.22,785000,1.1,10.909090909090907,2026-09-29
707883,1.08,43000,1.35,-20.0,2026-09-29
707889,0.99,1192000,0.63,57.14285714285714,2026-09-29
707893,4.77,30000,4.529999999999999,5.298013245033113,2026-09-29
707894,0.3,313000,0.31,-3.225806451612903,2026-09-29
707895,0.46,447000,0.5,-8.0,2026-09-29
707896,0.42,1025000,0.44999999999999996,-6.666666666666667,2026-09-29
707897,0.23,100000,0.2,15.0,2026-09-29
707903,0.29,15000,0.37,-21.62162162162162,2026-09-29
707909,0.41,31000,0.55,-25.454545454545457,2026-09-29
707921,0.12,3000,0.11,9.090909090909092,2026-09-29
707922,3.28,10000,3.6999999999999997,-11.351351351351353,2026-09-29
707925,26.4,10000,26.0,1.5384615384615385,2026-09-29
707928,1.04,173000,1.1600000000000001,-10.344827586206895,2026-09-29
707929,0.27,350000,0.27,0.0,2026-09-29
707930,0.11,200000,0.1,10.0,2026-09-29
707931,3.68,90000,3.73,-1.3404825737265416,2026-09-29
707933,0.13,134000,0.12000000000000001,8.333333333333332,2026-09-29
707934,0.26,210000,0.24000000000000002,8.333333333333332,2026-09-29
707935,0.38,310000,0.42,-9.523809523809526,2026-09-29
707936,2.79,10000,2.75,1.4545454545454546,2026-09-29
707938,0.98,195000,0.76,28.947368421052634,2026-09-29
707945,0.26,100000,0.27,-3.7037037037037033,2026-09-29
707947,1.39,47000,1.67,-16.766467065868266,2026-09-29
707950,1.0,8000,0.7,42.85714285714286,2026-09-29
707952,1.32,32000,1.07,23.364485981308412,2026-09-29
707957,2.27,17000,1.83,24.043715846994534,2026-09-29
707960,1.62,54000,2.0,-19.0,2026-09-29
707963,0.59,1094000,0.58,1.724137931034483,2026-09-29
707964,0.35,696000,0.33999999999999997,2.9411764705882355,2026-09-29
707971,5.6,3000,4.1499999999999995,34.93975903614458,2026-09-29
707972,0.3,216000,0.35,-14.285714285714288,2026-09-29
707981,1.29,30000,1.1400000000000001,13.157894736842104,2026-09-29
707982,1.2,134000,1.01,18.81188118811881,2026-09-29
707984,0.67,110000,0.68,-1.4705882352941175,2026-09-29
707985,1.25,420000,1.37,-8.759124087591239,2026-09-29
707989,0.55,11000,0.37000000000000005,48.64864864864864,2026-09-29
707996,0.6,683000,0.47,27.659574468085108,2026-09-29
707997,1.56,127000,1.46,6.849315068493151,2026-09-29
707998,0.9,1000,0.88,2.272727272727273,2026-09-29
708000,1.32,37000,1.3,1.5384615384615383,2026-09-29
708006,0.15,23000,0.16,-6.25,2026-09-29
708008,0.82,598000,0.84,-2.3809523809523814,2026-09-29
708015,3.24,2000,3.3600000000000003,-3.571428571428571,2026-09-29
708016,1.93,153000,2.01,-3.9800995024875627,2026-09-29
708017,0.86,1203000,0.98,-12.244897959183673,2026-09-29
708020,2.5,1000,1.95,28.20512820512821,2026-09-29
708021,1.01,711000,1.06,-4.716981132075472,2026-09-29
708024,0.13,72000,0.16,-18.75,2026-09-29
708025,0.59,93000,0.71,-16.901408450704224,2026-09-29
708027,0.19,1993000,0.22,-13.636363636363635,2026-09-29
708028,0.25,32000,0.25,0.0,2026-09-29
708029,0.22,190000,0.22,0.0,2026-09-29
708031,1.06,2000,1.12,-5.357142857142856,2026-09-29
708032,2.44,4000,2.51,-2.788844621513945,2026-09-29
708033,0.1,75000,0.11,-9.090909090909092,2026-09-29
708037,1.03,355000,1.22,-15.573770491803279,2026-09-29
708038,1.56,347000,1.78,-12.359550561797752,2026-09-29
708040,0.05,40000,0.07,-28.57142857142857,2026-09-29
708042,1.09,2000,1.09,0.0,2026-09-29
708043,0.21,85000,0.22999999999999998,-8.695652173913045,2026-09-29
708044,1.26,70000,1.05,20.0,2026-09-29
708046,0.35,7000,0.21999999999999997,59.09090909090911,2026-09-29
708050,1.44,1000,1.39,3.597122302158274,2026-09-29
708055,0.43,1000,0.43,0.0,2026-09-29
708057,2.43,180000,2.41,0.8298755186721992,2026-09-29
708059,1.2,12000,0.8699999999999999,37.93103448275863,2026-09-29
708060,0.11,15000,0.11,0.0,2026-09-29
708061,0.63,48000,0.75,-16.0,2026-09-29
708063,0.34,630000,0.38,-10.526315789473683,2026-09-29
708064,1.76,12000,1.81,-2.7624309392265194,2026-09-29
708065,1.37,856000,1.32,3.787878787878788,2026-09-29
708066,0.53,901000,0.5700000000000001,-7.017543859649122,2026-09-29
708067,0.93,216000,0.9800000000000001,-5.1020408163265305,2026-09-29
708071,0.14,12000,0.14,0.0,2026-09-29
708073,1.14,232000,1.1199999999999999,1.785714285714286,2026-09-29
708074,1.18,3000,1.23,-4.065040650406504,2026-09-29
708076,0.94,35000,1.0,-6.0,2026-09-29
708082,0.43,495000,0.27,59.25925925925925,2026-09-29
708083,0.93,1603000,0.9,3.3333333333333335,2026-09-29
708084,0.95,53000,0.96,-1.0416666666666667,2026-09-29
708085,0.79,329000,0.77,2.5974025974025974,2026-09-29
708086,0.2,10000,0.22,-9.090909090909092,2026-09-29
708087,0.16,28000,0.15,6.666666666666667,2026-09-29
708089,0.94,10000,0.95,-1.0526315789473686,2026-09-29
708091,1.74,516000,1.65,5.454545454545455,2026-09-29
708093,0.4,499000,0.42000000000000004,-4.761904761904762,2026-09-29
708099,0.15,2000,0.09999999999999999,50.000000000000014,2026-09-29
708101,0.14,55000,0.14,0.0,2026-09-29
708103,0.08,299000,0.09,-11.111111111111112,2026-09-29
708110,0.99,1220000,0.64,54.6875,2026-09-29
708114,1.16,64000,1.17,-0.8547008547008548,2026-09-29
708115,0.79,5106000,0.9,-12.222222222222221,2026-09-29
708117,0.21,2000,0.22,-4.545454545454546,2026-09-29
708118,1.84,28000,1.57,17.197452229299365,2026-09-29
708120,0.66,44000,0.5800000000000001,13.793103448275861,2026-09-29
708121,0.64,5000,0.6,6.666666666666667,2026-09-29
708122,0.95,26000,0.8099999999999999,17.283950617283953,2026-09-29
708128,4.7,1000,4.33,8.545034642032332,2026-09-29
708130,1.46,112000,1.47,-0.6802721088435375,2026-09-29
708131,1.5,370000,1.43,4.895104895104896,2026-09-29
708134,1.07,10000,1.08,-0.9259259259259258,2026-09-29
708138,0.86,52000,0.9299999999999999,-7.526881720430109,2026-09-29
708139,0.85,155000,0.9,-5.555555555555556,2026-09-29
708144,1.54,373000,1.92,-19.791666666666668,2026-09-29
708146,0.58,150000,0.37,56.75675675675676,2026-09-29
708147,0.16,3000,0.07,128.57142857142856,2026-09-29
708148,0.98,275000,1.05,-6.666666666666667,2026-09-29
708149,0.19,42000,0.2,-5.0,2026-09-29
708150,0.38,90000,0.37,2.7027027027027026,2026-09-29
708152,0.63,308000,0.64,-1.5625,2026-09-29
708158,0.27,70000,0.26,3.8461538461538463,2026-09-29
708159,0.52,40000,0.37,40.54054054054054,2026-09-29
708160,0.22,431000,0.21,4.761904761904763,2026-09-29
708161,0.23,6000,0.28,-17.857142857142858,2026-09-29
708162,0.06,16000,0.06999999999999999,-14.285714285714288,2026-09-29
708164,0.61,5000,0.6,1.6666666666666667,2026-09-29
708165,0.43,339000,0.44,-2.272727272727273,2026-09-29
708167,1.88,250000,1.69,11.242603550295858,2026-09-29
708168,1.88,503000,1.7699999999999998,6.214689265536724,2026-09-29
708170,0.13,1000,0.12000000000000001,8.333333333333332,2026-09-29
708173,1.05,9000,1.12,-6.25,2026-09-29
708176,1.85,650000,1.76,5.113636363636363,2026-09-29
708179,0.75,353000,0.78,-3.846153846153846,2026-09-29
708180,1.26,2000,1.15,9.565217391304348,2026-09-29
708181,1.58,15000,1.44,9.722222222222223,2026-09-29
708183,0.4,1000,0.4,0.0,2026-09-29
708186,2.65,40000,2.12,25.0,2026-09-29
708189,1.09,48000,0.9100000000000001,19.780219780219777,2026-09-29
708190,0.59,316000,0.57,3.508771929824562,2026-09-29
708194,0.24,40000,0.26,-7.6923076923076925,2026-09-29
708195,0.68,76000,0.67,1.4925373134328357,2026-09-29
708204,0.56,558000,0.77,-27.27272727272727,2026-09-29
708207,0.85,561000,0.77,10.38961038961039,2026-09-29
708209,0.59,2714000,0.59,0.0,2026-09-29
708210,2.7,259000,2.79,-3.225806451612903,2026-09-29
708213,0.42,4000,0.24,75.0,2026-09-29
708216,1.63,10000,1.8099999999999998,-9.94475138121547,2026-09-29
708217,1.5,41000,1.63,-7.9754601226993875,2026-09-29
708220,1.42,58000,1.14,24.561403508771935,2026-09-29
708231,0.68,730000,0.6100000000000001,11.475409836065573,2026-09-29
708232,1.06,121000,0.8500000000000001,24.70588235294117,2026-09-29
708235,0.61,79000,0.63,-3.1746031746031744,2026-09-29
708238,0.95,450000,0.7999999999999999,18.75,2026-09-29
708239,0.28,260000,0.25,12.0,2026-09-29
708240,2.02,16000,1.87,8.021390374331549,2026-09-29
708243,1.14,1000,1.22,-6.557377049180328,2026-09-29
708246,1.82,208000,1.29,41.08527131782946,2026-09-29
708249,9.6,20000,8.45,13.609467455621301,2026-09-29
708250,0.17,490000,0.2,-15.0,2026-09-29
708254,0.33,1080000,0.29000000000000004,13.793103448275861,2026-09-29
708255,0.96,96000,0.8899999999999999,7.865168539325844,2026-09-29
708257,0.27,153000,0.28,-3.571428571428571,2026-09-29
708258,0.78,100000,0.8,-2.5,2026-09-29
708266,0.13,10000,0.14,-7.142857142857142,2026-09-29
708268,0.46,116000,0.47000000000000003,-2.127659574468085,2026-09-29
708273,1.14,1000,1.39,-17.98561151079137,2026-09-29
708277,0.31,20000,0.27,14.814814814814813,2026-09-29
708279,0.06,106000,0.06999999999999999,-14.285714285714288,2026-09-29
708280,0.51,1000,0.51,0.0,2026-09-29
708282,0.51,60000,0.55,-7.2727272727272725,2026-09-29
708285,0.64,235000,0.59,8.474576271186441,2026-09-29
708286,1.31,70000,1.27,3.149606299212598,2026-09-29
708287,0.05,30000,0.05,0.0,2026-09-29
708290,0.66,41000,0.52,26.923076923076927,2026-09-29
708301,0.07,60000,0.060000000000000005,16.666666666666664,2026-09-29
708302,0.77,190000,0.87,-11.49425287356322,2026-09-29
708306,1.1,2000,1.11,-0.9009009009009009,2026-09-29
708311,0.11,50000,0.06,83.33333333333334,2026-09-29
708312,0.88,1799000,0.6799999999999999,29.41176470588236,2026-09-29
708315,0.28,50000,0.30000000000000004,-6.666666666666665,2026-09-29
708320,2.65,2000,2.6999999999999997,-1.851851851851852,2026-09-29
708322,0.78,6000,0.8400000000000001,-7.142857142857142,2026-09-29
708323,0.01,27000,0.01,0.0,2026-09-29
708325,0.67,10000,0.7000000000000001,-4.285714285714285,2026-09-29
708329,0.36,392000,0.26,38.46153846153847,2026-09-29
708331,0.03,20000,0.05,-40.0,2026-09-29
708332,0.07,15000,0.060000000000000005,16.666666666666664,2026-09-29
708334,0.01,10000,0.01,0.0,2026-09-29
708335,0.37,44000,0.37,0.0,2026-09-29
708337,1.43,597000,1.39,2.877697841726619,2026-09-29
708341,2.0,1000,2.56,-21.875000000000004,2026-09-29
708342,1.43,256000,1.15,24.347826086956527,2026-09-29
708343,1.16,10000,0.8999999999999999,28.888888888888893,2026-09-29
708344,0.69,17000,0.7799999999999999,-11.538461538461538,2026-09-29
708350,1.34,1000,1.2200000000000002,9.83606557377049,2026-09-29
708351,0.92,120000,0.93,-1.075268817204301,2026-09-29
708360,0.22,40000,0.3,-26.666666666666668,2026-09-29
708362,1.77,7000,1.79,-1.1173184357541899,2026-09-29
708363,1.34,27000,1.4000000000000001,-4.285714285714285,2026-09-29
708366,0.47,288000,0.47,0.0,2026-09-29
708370,0.57,28000,0.6499999999999999,-12.30769230769231,2026-09-29
708371,0.88,1817000,0.93,-5.376344086021505,2026-09-29
708372,0.67,1083000,0.62,8.06451612903226,2026-09-29
708373,0.76,2000,0.86,-11.627906976744187,2026-09-29
708374,0.78,731000,0.81,-3.7037037037037033,2026-09-29
708377,0.25,82000,0.26,-3.8461538461538463,2026-09-29
708378,0.09,10000,0.12,-25.0,2026-09-29
708381,4.55,1000,3.78,20.370370370370374,2026-09-29
708382,0.36,20000,0.39,-7.692307692307692,2026-09-29
708383,0.71,63000,0.7,1.4285714285714286,2026-09-29
708387,0.79,197000,0.7000000000000001,12.857142857142856,2026-09-29
708393,14.2,1000,13.799999999999999,2.8985507246376816,2026-09-29
708396,0.46,50000,0.54,-14.814814814814813,2026-09-29
708401,1.4,149000,1.3099999999999998,6.870229007633588,2026-09-29
708403,0.51,30000,0.4,27.499999999999996,2026-09-29
708404,0.55,266000,0.92,-40.21739130434782,2026-09-29
708406,0.18,20000,0.25,-28.000000000000004,2026-09-29
708408,0.09,5000,0.09,0.0,2026-09-29
708409,0.95,55000,0.9099999999999999,4.395604395604396,2026-09-29
708410,0.39,458000,0.41000000000000003,-4.878048780487805,2026-09-29
708412,1.64,2000,1.63,0.6134969325153374,2026-09-29
708413,0.68,21000,1.19,-42.85714285714286,2026-09-29
708414,1.05,9000,1.8,-41.666666666666664,2026-09-29
708415,0.75,377000,0.66,13.636363636363635,2026-09-29
708416,0.66,43000,0.5800000000000001,13.793103448275861,2026-09-29
708418,2.12,35000,2.0100000000000002,5.4726368159203975,2026-09-29
708419,2.63,39000,2.48,6.048387096774193,2026-09-29
708422,0.22,52000,0.21,4.761904761904763,2026-09-29
708425,0.41,50000,0.31999999999999995,28.125000000000007,2026-09-29
708429,5.5,19000,3.91,40.66496163682864,2026-09-29
708433,0.46,273000,0.44,4.545454545454546,2026-09-29
708434,0.45,1000,0.42000000000000004,7.142857142857142,2026-09-29
708435,0.83,1066000,0.77,7.792207792207792,2026-09-29
708437,0.37,613000,0.37,0.0,2026-09-29
708438,0.89,193000,0.8200000000000001,8.536585365853659,2026-09-29
708440,2.01,402000,1.8299999999999998,9.836065573770492,2026-09-29
708442,0.4,3000,0.28,42.85714285714285,2026-09-29
708443,0.41,11000,0.38999999999999996,5.128205128205129,2026-09-29
708446,1.91,458000,1.7999999999999998,6.111111111111112,2026-09-29
708448,0.5,144000,0.43,16.27906976744186,2026-09-29
708449,1.58,128000,1.6300000000000001,-3.067484662576687,2026-09-29
708451,4.99,43000,4.82,3.5269709543568464,2026-09-29
708452,0.46,220000,0.48000000000000004,-4.166666666666666,2026-09-29
708453,0.78,1000,0.9,-13.333333333333334,2026-09-29
708454,0.1,502000,0.11,-9.090909090909092,2026-09-29
708457,1.6,339000,1.46,9.589041095890412,2026-09-29
708458,0.08,3000,0.08,0.0,2026-09-29
708460,0.23,376000,0.30000000000000004,-23.333333333333332,2026-09-29
708462,0.47,287000,0.57,-17.54385964912281,2026-09-29
708463,0.44,198000,0.43,2.3255813953488373,2026-09-29
708464,0.65,608000,0.6900000000000001,-5.797101449275361,2026-09-29
708470,2.46,153000,2.4699999999999998,-0.4048582995951418,2026-09-29
708471,0.98,1135000,0.99,-1.0101010101010102,2026-09-29
708472,1.01,30000,1.03,-1.9417475728155338,2026-09-29
708473,0.73,994000,0.73,0.0,2026-09-29
708480,1.19,177000,1.01,17.82178217821782,2026-09-29
708484,4.36,5000,4.800000000000001,-9.166666666666666,2026-09-29
708486,4.05,17000,3.9,3.8461538461538463,2026-09-29
708491,0.16,1000,0.18,-11.111111111111112,2026-09-29
708492,0.63,356000,0.71,-11.267605633802818,2026-09-29
708493,0.43,277000,0.53,-18.867924528301888,2026-09-29
708495,1.57,613000,1.56,0.641025641025641,2026-09-29
708496,1.33,458000,1.32,0.7575757575757576,2026-09-29
708497,0.36,2000,0.42,-14.285714285714285,2026-09-29
708498,2.0,10000,2.0,0.0,2026-09-29
708499,2.19,1000,1.95,12.307692307692307,2026-09-29
708500,0.42,70000,0.43,-2.3255813953488373,2026-09-29
708501,1.23,5000,1.23,0.0,2026-09-29
708502,2.51,44000,2.73,-8.058608058608058,2026-09-29
708503,0.65,449000,0.66,-1.5151515151515151,2026-09-29
708504,0.96,221000,1.05,-8.57142857142857,2026-09-29
708505,0.71,63000,0.71,0.0,2026-09-29
708507,2.75,1705000,2.7,1.8518518518518516,2026-09-29
708508,3.08,807000,3.04,1.3157894736842104,2026-09-29
708513,4.5,34000,4.26,5.633802816901409,2026-09-29
708514,0.93,315000,1.0,-7.000000000000001,2026-09-29
708515,1.27,71000,1.22,4.0983606557377055,2026-09-29
708516,1.21,175000,1.21,0.0,2026-09-29
708517,0.12,10000,0.09,33.33333333333333,2026-09-29
708519,0.5,917000,0.56,-10.714285714285712,2026-09-29
708520,0.56,642000,0.54,3.7037037037037033,2026-09-29
708521,0.64,1743000,0.64,0.0,2026-09-29
708522,1.3,12000,1.1800000000000002,10.169491525423727,2026-09-29
708523,0.15,20000,0.13,15.384615384615385,2026-09-29
708529,2.31,436000,2.22,4.0540540540540535,2026-09-29
708530,0.57,257000,0.6599999999999999,-13.636363636363638,2026-09-29
708531,0.4,10000,0.56,-28.57142857142857,2026-09-29
708532,0.81,213000,0.8,1.25,2026-09-29
708533,0.26,6000,0.32,-18.75,2026-09-29
708534,1.75,29000,1.72,1.744186046511628,2026-09-29
708536,1.21,12000,1.1099999999999999,9.00900900900901,2026-09-29
708538,4.55,36000,3.71,22.641509433962266,2026-09-29
708542,0.21,15000,0.22,-4.545454545454546,2026-09-29
708543,0.42,60000,0.41,2.4390243902439024,2026-09-29
708545,0.67,20000,0.4600000000000001,45.65217391304347,2026-09-29
708546,0.53,4000,0.52,1.9230769230769231,2026-09-29
708547,0.53,45000,0.51,3.9215686274509802,2026-09-29
708549,1.17,2000,1.23,-4.878048780487805,2026-09-29
708550,1.46,59000,1.26,15.873015873015875,2026-09-29
708551,3.39,26000,3.17,6.940063091482649,2026-09-29
708552,0.49,192000,0.5,-2.0,2026-09-29
708555,2.64,2000,2.49,6.024096385542168,2026-09-29
708556,2.68,14000,2.49,7.630522088353413,2026-09-29
708557,1.12,173000,1.2000000000000002,-6.666666666666665,2026-09-29
708558,0.45,378000,0.38,18.42105263157895,2026-09-29
708559,0.22,17000,0.24,-8.333333333333334,2026-09-29
708563,0.78,158000,0.76,2.631578947368421,2026-09-29
708565,0.25,656000,0.45999999999999996,-45.652173913043484,2026-09-29
708566,0.26,300000,0.29000000000000004,-10.344827586206895,2026-09-29
708567,0.33,22000,0.31,6.451612903225806,2026-09-29
708568,0.72,187000,0.52,38.46153846153847,2026-09-29
708571,0.22,50000,0.23,-4.3478260869565215,2026-09-29
708583,3.8,131000,4.08,-6.862745098039216,2026-09-29
708586,0.04,499000,0.04,0.0,2026-09-29
708588,0.15,274000,0.13999999999999999,7.142857142857144,2026-09-29
708589,0.32,50000,0.34,-5.88235294117647,2026-09-29
708590,0.6,187000,0.61,-1.639344262295082,2026-09-29
708593,0.16,17000,0.13,23.076923076923077,2026-09-29
708595,0.25,2000,0.33,-24.242424242424242,2026-09-29
708596,1.91,123000,1.72,11.046511627906977,2026-09-29
708598,0.16,1000,0.13,23.076923076923077,2026-09-29
708601,0.17,7000,0.19,-10.526315789473683,2026-09-29
708604,0.24,11000,0.25,-4.0,2026-09-29
708605,5.85,1000,5.699999999999999,2.6315789473684212,2026-09-29
708607,0.87,537000,0.86,1.1627906976744187,2026-09-29
708610,1.15,989000,1.0799999999999998,6.481481481481483,2026-09-29
708611,0.12,20000,0.13,-7.6923076923076925,2026-09-29
708614,1.62,27000,1.62,0.0,2026-09-29
708620,6.6,1000,4.949999999999999,33.333333333333336,2026-09-29
708622,0.81,1084000,0.7000000000000001,15.714285714285714,2026-09-29
708623,0.09,5000,0.11,-18.181818181818183,2026-09-29
708627,0.68,10000,0.78,-12.820512820512823,2026-09-29
708633,0.88,1232000,0.8,10.0,2026-09-29
708636,1.96,4000,1.8699999999999999,4.81283422459893,2026-09-29
708638,0.36,30000,0.39,-7.692307692307692,2026-09-29
708640,0.53,52000,0.52,1.9230769230769231,2026-09-29
708648,0.24,331000,0.22,9.090909090909092,2026-09-29
708650,0.46,264000,0.45,2.2222222222222223,2026-09-29
708651,0.68,412000,0.63,7.936507936507938,2026-09-29
708655,0.9,1019000,0.8400000000000001,7.142857142857142,2026-09-29
708670,3.13,120000,2.5999999999999996,20.384615384615387,2026-09-29
708671,1.31,65000,1.1800000000000002,11.016949152542372,2026-09-29
708682,0.23,7000,0.23,0.0,2026-09-29
708684,3.78,188000,2.53,49.40711462450593,2026-09-29
708685,0.61,1632000,0.54,12.962962962962962,2026-09-29
708686,1.03,183000,0.9400000000000001,9.574468085106382,2026-09-29
708700,0.35,20000,0.35,0.0,2026-09-29
708704,0.65,503000,0.63,3.1746031746031744,2026-09-29
708705,0.07,10000,0.060000000000000005,16.666666666666664,2026-09-29
708706,0.81,942000,0.75,8.0,2026-09-29
708707,1.2,124000,1.22,-1.639344262295082,2026-09-29
708713,0.17,499000,0.17,0.0,2026-09-29
708715,0.72,668000,0.6599999999999999,9.090909090909092,2026-09-29
708716,4.6,26000,4.02,14.427860696517413,2026-09-29
708718,2.58,50000,2.5100000000000002,2.788844621513944,2026-09-29
708719,1.41,28000,1.3299999999999998,6.015037593984964,2026-09-29
708720,5.25,10000,5.6,-6.25,2026-09-29
708721,2.75,57000,2.12,29.71698113207547,2026-09-29
708722,2.49,156000,1.8000000000000003,38.33333333333332,2026-09-29
708725,0.13,22000,0.1,30.0,2026-09-29
708726,0.21,5000,0.15999999999999998,31.250000000000007,2026-09-29
708727,2.28,141000,2.23,2.2421524663677133,2026-09-29
708729,0.33,50000,0.37,-10.81081081081081,2026-09-29
708730,0.03,100000,0.04,-25.0,2026-09-29
708731,2.62,225000,1.9700000000000002,32.99492385786802,2026-09-29
708733,1.45,814000,1.21,19.834710743801654,2026-09-29
708735,0.3,300000,0.35,-14.285714285714288,2026-09-29
708737,0.24,9000,0.19999999999999998,20.0,2026-09-29
708738,3.15,9000,2.88,9.375000000000002,2026-09-29
708739,1.33,4000,1.29,3.10077519379845,2026-09-29
708740,0.15,1000,0.10999999999999999,36.36363636363637,2026-09-29
708742,0.16,9000,0.22,-27.27272727272727,2026-09-29
708743,3.61,18000,3.4299999999999997,5.247813411078718,2026-09-29
708745,1.44,428000,1.0899999999999999,32.11009174311927,2026-09-29
708755,1.82,294000,1.7000000000000002,7.058823529411764,2026-09-29
708757,1.11,1000,1.01,9.900990099009901,2026-09-29
708758,1.85,4000,1.4200000000000002,30.28169014084507,2026-09-29
708759,0.06,5000,0.08,-25.0,2026-09-29
708764,0.42,509000,0.36,16.666666666666664,2026-09-29
708766,0.45,11000,0.41000000000000003,9.75609756097561,2026-09-29
708769,0.23,1841000,0.23,0.0,2026-09-29
708770,0.26,2000,0.31,-16.12903225806452,2026-09-29
708771,0.41,2000,0.42,-2.3809523809523814,2026-09-29
708773,2.26,35000,1.6599999999999997,36.14457831325302,2026-09-29
708774,0.38,10000,0.41000000000000003,-7.317073170731707,2026-09-29
708775,0.21,16000,0.19999999999999998,5.0,2026-09-29
708777,2.85,3000,2.99,-4.682274247491639,2026-09-29
708779,1.47,627000,1.28,14.84375,2026-09-29
708781,0.14,208000,0.33,-57.57575757575757,2026-09-29
708784,4.15,41000,4.36,-4.816513761467889,2026-09-29
708789,2.15,5000,2.19,-1.8264840182648405,2026-09-29
708790,2.36,2000,2.46,-4.065040650406504,2026-09-29
708793,1.82,27000,1.75,4.0,2026-09-29
708794,0.19,855000,0.12,58.333333333333336,2026-09-29
708798,1.98,174000,1.93,2.590673575129534,2026-09-29
708799,2.11,6000,2.1599999999999997,-2.3148148148148153,2026-09-29
708800,3.7,17000,3.6900000000000004,0.27100271002710025,2026-09-29
708801,4.44,10000,4.220000000000001,5.213270142180094,2026-09-29
708804,4.65,18000,3.0200000000000005,53.97350993377482,2026-09-29
708807,3.59,14000,3.67,-2.17983651226158,2026-09-29
708810,2.02,6000,2.14,-5.6074766355140175,2026-09-29
708812,1.0,459000,0.79,26.582278481012654,2026-09-29
708814,0.81,117000,0.89,-8.98876404494382,2026-09-29
708815,0.66,571000,0.74,-10.81081081081081,2026-09-29
708816,2.53,135000,2.05,23.414634146341466,2026-09-29
708827,0.28,36000,0.29000000000000004,-3.4482758620689653,2026-09-29
708829,5.1,3000,4.75,7.368421052631578,2026-09-29
708831,0.51,50000,0.52,-1.9230769230769231,2026-09-29
708840,1.94,4000,1.8699999999999999,3.7433155080213907,2026-09-29
708841,0.93,43000,0.8600000000000001,8.139534883720929,2026-09-29
708842,3.62,43000,3.62,0.0,2026-09-29
708843,1.1,44000,1.1500000000000001,-4.3478260869565215,2026-09-29
708846,0.92,213000,0.8300000000000001,10.843373493975902,2026-09-29
708847,1.7,4271000,1.52,11.842105263157894,2026-09-29
708852,0.78,10000,0.77,1.2987012987012987,2026-09-29
708854,2.4,927000,2.36,1.694915254237288,2026-09-29
708855,2.62,1000,2.67,-1.8726591760299627,2026-09-29
708856,0.99,20000,0.86,15.116279069767444,2026-09-29
708858,0.87,225000,0.9,-3.3333333333333335,2026-09-29
708859,0.82,18000,0.87,-5.74712643678161,2026-09-29
708860,0.25,30000,0.28,-10.714285714285712,2026-09-29
708867,2.82,217000,2.42,16.528925619834713,2026-09-29
708868,2.18,662000,1.9300000000000002,12.953367875647666,2026-09-29
708869,0.91,32000,0.88,3.4090909090909087,2026-09-29
708870,1.54,1654000,1.51,1.9867549668874174,2026-09-29
708871,0.38,1000,0.4,-5.0,2026-09-29
708872,1.34,48000,1.35,-0.7407407407407407,2026-09-29
708875,0.4,255000,0.39,2.564102564102564,2026-09-29
708878,3.37,98000,3.2,5.3125,2026-09-29
708880,1.9,13000,1.72,10.465116279069766,2026-09-29
708886,1.54,52000,1.55,-0.6451612903225806,2026-09-29
708888,2.51,51000,1.5199999999999998,65.13157894736842,2026-09-29
708889,1.38,1333000,1.4,-1.4285714285714286,2026-09-29
708892,0.68,19000,0.5900000000000001,15.254237288135592,2026-09-29
708893,2.2,501000,1.9000000000000001,15.789473684210526,2026-09-29
708894,3.55,3000,3.48,2.0114942528735638,2026-09-29
708896,0.08,227000,0.08,0.0,2026-09-29
708897,4.8,56000,4.1499999999999995,15.662650602409641,2026-09-29
708899,0.19,10000,0.2,-5.0,2026-09-29
708902,0.69,41000,0.69,0.0,2026-09-29
708903,0.59,684000,0.58,1.724137931034483,2026-09-29
708904,0.66,616000,0.5700000000000001,15.789473684210522,2026-09-29
708905,0.6,143000,0.54,11.11111111111111,2026-09-29
708906,0.54,1000,0.48000000000000004,12.499999999999998,2026-09-29
708907,0.28,10000,0.34,-17.64705882352941,2026-09-29
708913,1.66,2099000,1.6199999999999999,2.469135802469136,2026-09-29
708914,0.9,198000,0.86,4.651162790697675,2026-09-29
708915,0.83,297000,0.8899999999999999,-6.741573033707865,2026-09-29
708916,0.32,411000,0.28,14.285714285714285,2026-09-29
708917,0.42,15000,0.43,-2.3255813953488373,2026-09-29
708918,0.99,28000,0.95,4.210526315789474,2026-09-29
708919,0.68,459000,0.7100000000000001,-4.225352112676055,2026-09-29
708920,0.59,170000,0.6,-1.6666666666666667,2026-09-29
708921,1.12,382000,1.1700000000000002,-4.2735042735042725,2026-09-29
708922,0.84,29000,0.86,-2.3255813953488373,2026-09-29
708927,0.39,14000,0.4,-2.5,2026-09-29
708929,0.8,10000,0.75,6.666666666666667,2026-09-29
708930,0.3,33000,0.29,3.448275862068966,2026-09-29
708935,0.77,235000,0.6900000000000001,11.594202898550723,2026-09-29
708936,0.29,499000,0.3,-3.3333333333333335,2026-09-29
708939,0.33,18000,0.29000000000000004,13.793103448275861,2026-09-29
708940,1.76,30000,1.71,2.9239766081871346,2026-09-29
708941,0.85,46000,0.69,23.188405797101453,2026-09-29
708942,0.87,30000,0.86,1.1627906976744187,2026-09-29
708945,0.39,1095000,0.4,-2.5,2026-09-29
708946,0.82,285000,0.83,-1.2048192771084338,2026-09-29
708948,1.89,44000,1.74,8.620689655172413,2026-09-29
708949,1.52,151000,1.41,7.801418439716312,2026-09-29
708951,1.1,10000,1.04,5.769230769230769,2026-09-29
708952,0.51,25000,0.5,2.0,2026-09-29
708956,1.48,10000,1.38,7.246376811594205,2026-09-29
708957,1.22,73000,0.9199999999999999,32.608695652173914,2026-09-29
708959,2.92,91000,1.97,48.223350253807105,2026-09-29
708960,3.82,28000,2.82,35.46099290780142,2026-09-29
708963,0.64,52000,0.66,-3.0303030303030303,2026-09-29
708970,0.79,65000,0.8300000000000001,-4.8192771084337345,2026-09-29
708971,0.52,176000,0.43000000000000005,20.93023255813953,2026-09-29
708973,0.91,733000,0.91,0.0,2026-09-29
708979,0.54,1000,0.54,0.0,2026-09-29
708980,0.57,125000,0.6,-5.0,2026-09-29
708982,0.56,1000,0.53,5.660377358490566,2026-09-29
708988,0.53,30000,0.52,1.9230769230769231,2026-09-29
708989,0.61,300000,0.63,-3.1746031746031744,2026-09-29
708992,0.69,647000,0.69,0.0,2026-09-29
708994,0.25,35000,0.26,-3.8461538461538463,2026-09-29
708995,0.24,55000,0.19999999999999998,20.0,2026-09-29
708998,0.71,21000,0.6699999999999999,5.970149253731344,2026-09-29
708999,1.49,21000,1.83,-18.579234972677597,2026-09-29
709001,0.28,100000,0.25,12.0,2026-09-29
709002,0.42,10000,0.31999999999999995,31.250000000000007,2026-09-29
709003,2.46,1000,2.09,17.703349282296653,2026-09-29
709004,1.99,89000,1.65,20.60606060606061,2026-09-29
709005,1.09,158000,1.0,9.0,2026-09-29
709010,0.5,5000,0.51,-1.9607843137254901,2026-09-29
709012,1.98,19000,2.44,-18.852459016393443,2026-09-29
709016,0.35,20000,0.33999999999999997,2.9411764705882355,2026-09-29
709017,0.72,100000,0.64,12.5,2026-09-29
709020,0.34,532000,0.37,-8.108108108108109,2026-09-29
709024,0.71,57000,0.5599999999999999,26.785714285714285,2026-09-29
709028,0.5,10000,0.53,-5.660377358490566,2026-09-29
709032,2.35,282000,2.12,10.849056603773585,2026-09-29
709034,2.14,24000,2.0300000000000002,5.41871921182266,2026-09-29
709040,3.27,11000,2.83,15.547703180212014,2026-09-29
709041,0.91,157000,0.74,22.972972972972975,2026-09-29
709046,1.25,1000,1.15,8.695652173913045,2026-09-29
709047,0.76,549000,0.64,18.75,2026-09-29
709049,0.74,109000,0.72,2.777777777777778,2026-09-29
709052,0.18,1018000,0.13,38.46153846153847,2026-09-29
709057,0.5,35000,0.47,6.382978723404255,2026-09-29
709058,0.32,1000,0.3,6.666666666666667,2026-09-29
709060,0.63,3000,0.66,-4.545454545454545,2026-09-29
709061,0.46,98000,0.44,4.545454545454546,2026-09-29
709065,0.36,723000,0.32999999999999996,9.090909090909092,2026-09-29
709066,0.5,354000,0.52,-3.8461538461538463,2026-09-29
709067,0.61,11000,0.57,7.017543859649124,2026-09-29
709068,0.24,105000,0.21,14.285714285714285,2026-09-29
709069,0.28,60000,0.25,12.0,2026-09-29
709075,0.3,5000,0.31,-3.225806451612903,2026-09-29
709076,0.77,2000,0.73,5.479452054794521,2026-09-29
709079,0.66,3000,0.61,8.196721311475411,2026-09-29
709083,1.03,86000,0.97,6.185567010309279,2026-09-29
709086,0.73,536000,0.69,5.797101449275363,2026-09-29
709089,4.49,7000,4.55,-1.3186813186813187,2026-09-29
709090,0.37,80000,0.21,76.1904761904762,2026-09-29
709094,2.06,91000,2.16,-4.62962962962963,2026-09-29
709097,22.4,1000,26.5,-15.471698113207546,2026-09-29
709098,0.18,2000,0.24,-25.0,2026-09-29
709099,0.4,103000,0.38,5.263157894736842,2026-09-29
709100,0.72,560000,0.6599999999999999,9.090909090909092,2026-09-29
709103,1.97,1226000,1.54,27.92207792207792,2026-09-29
709104,0.13,16000,0.14,-7.142857142857142,2026-09-29
709107,0.18,1098000,0.13999999999999999,28.571428571428577,2026-09-29
709109,1.42,250000,1.38,2.8985507246376816,2026-09-29
709110,0.21,100000,0.19,10.526315789473683,2026-09-29
709113,0.1,60000,0.18,-44.44444444444445,2026-09-29
709126,1.55,5000,1.4000000000000001,10.714285714285712,2026-09-29
709127,0.49,198000,0.5,-2.0,2026-09-29
709128,0.39,146000,0.44,-11.363636363636365,2026-09-29
709130,2.98,1000,2.4,24.166666666666668,2026-09-29
709131,2.37,380000,1.9200000000000002,23.4375,2026-09-29
709133,0.34,10000,0.36000000000000004,-5.555555555555555,2026-09-29
709135,0.14,40000,0.14,0.0,2026-09-29
709136,0.15,182000,0.22,-31.818181818181824,2026-09-29
709137,0.42,95000,0.43,-2.3255813953488373,2026-09-29
709139,0.67,53000,0.6100000000000001,9.83606557377049,2026-09-29
709147,0.75,281000,0.73,2.7397260273972606,2026-09-29
709151,0.46,1484000,0.42000000000000004,9.523809523809524,2026-09-29
709152,0.34,2000,0.31000000000000005,9.677419354838708,2026-09-29
709153,0.23,10000,0.22,4.545454545454546,2026-09-29
709154,0.36,138000,0.36,0.0,2026-09-29
709155,0.5,69000,0.5700000000000001,-12.280701754385964,2026-09-29
709158,0.7,71000,0.6799999999999999,2.9411764705882355,2026-09-29
709159,0.62,91000,0.61,1.639344262295082,2026-09-29
709161,0.18,185000,0.24,-25.0,2026-09-29
709166,0.32,22000,0.34,-5.88235294117647,2026-09-29
709167,0.28,20000,0.28,0.0,2026-09-29
709168,0.3,51000,0.32,-6.25,2026-09-29
709171,0.58,1000,0.57,1.754385964912281,2026-09-29
709172,1.04,100000,1.06,-1.8867924528301887,2026-09-29
709173,1.13,50000,1.13,0.0,2026-09-29
709175,0.3,102000,0.29,3.448275862068966,2026-09-29
709181,0.37,10000,0.33,12.121212121212121,2026-09-29
709182,0.25,720000,0.21,19.04761904761905,2026-09-29
709186,2.11,1000,1.48,42.567567567567565,2026-09-29
709188,0.19,150000,0.36,-47.22222222222223,2026-09-29
709191,1.87,753000,1.7200000000000002,8.720930232558139,2026-09-29
709192,0.69,37000,0.74,-6.756756756756757,2026-09-29
709193,0.08,7000,0.09,-11.111111111111112,2026-09-29
709195,0.2,350000,0.17,17.64705882352941,2026-09-29
709200,0.87,61000,0.88,-1.1363636363636365,2026-09-29
709201,1.09,1000,1.1300000000000001,-3.5398230088495577,2026-09-29
709202,1.02,18000,1.05,-2.857142857142857,2026-09-29
709203,0.86,240000,0.8099999999999999,6.17283950617284,2026-09-29
709204,0.96,60000,0.9099999999999999,5.494505494505495,2026-09-29
709205,1.18,108000,1.0799999999999998,9.259259259259261,2026-09-29
709206,0.69,232000,0.6299999999999999,9.523809523809526,2026-09-29
709208,0.2,298000,0.18000000000000002,11.11111111111111,2026-09-29
709211,1.05,96000,1.06,-0.9433962264150944,2026-09-29
709212,0.85,39000,0.83,2.4096385542168677,2026-09-29
709218,0.17,30000,0.14,21.428571428571423,2026-09-29
709220,0.46,2000,0.48000000000000004,-4.166666666666666,2026-09-29
709222,1.52,10000,1.32,15.151515151515152,2026-09-29
709237,0.72,29000,0.64,12.5,2026-09-29
709238,0.51,15000,0.53,-3.7735849056603774,2026-09-29
709241,0.47,299000,0.47,0.0,2026-09-29
709244,0.83,28000,0.96,-13.541666666666668,2026-09-29
709246,0.25,70000,0.24,4.166666666666667,2026-09-29
709248,1.43,162000,1.5499999999999998,-7.741935483870968,2026-09-29
709249,0.53,194000,0.56,-5.357142857142856,2026-09-29
709250,0.61,164000,0.64,-4.6875,2026-09-29
709252,1.33,33000,1.05,26.666666666666668,2026-09-29
709253,1.61,27000,1.34,20.149253731343283,2026-09-29
709254,2.2,25000,2.3000000000000003,-4.3478260869565215,2026-09-29
709258,5.9,5000,5.8500000000000005,0.8547008547008547,2026-09-29
709259,0.56,100000,0.4600000000000001,21.739130434782606,2026-09-29
709261,0.07,20000,0.09000000000000001,-22.22222222222222,2026-09-29
709262,1.2,1144000,1.13,6.194690265486727,2026-09-29
709264,1.03,39000,1.1600000000000001,-11.206896551724137,2026-09-29
709268,0.44,11000,0.43,2.3255813953488373,2026-09-29
709269,0.2,10000,0.14,42.85714285714285,2026-09-29
709271,0.64,221000,0.62,3.225806451612903,2026-09-29
709273,0.48,163000,0.38,26.31578947368421,2026-09-29
709275,0.38,2000,0.36,5.555555555555556,2026-09-29
709280,2.21,10000,2.2,0.45454545454545453,2026-09-29
709281,0.62,42000,0.59,5.084745762711865,2026-09-29
709282,1.29,81000,1.11,16.216216216216214,2026-09-29
709283,1.2,11000,0.99,21.21212121212121,2026-09-29
709284,0.55,171000,0.45000000000000007,22.22222222222222,2026-09-29
709285,0.43,156000,0.35,22.857142857142858,2026-09-29
709287,0.2,175000,0.24000000000000002,-16.666666666666664,2026-09-29
709291,0.29,2000,0.3,-3.3333333333333335,2026-09-29
709294,0.65,3000,0.62,4.838709677419355,2026-09-29
709296,0.88,79000,0.71,23.94366197183099,2026-09-29
709297,0.78,183000,0.77,1.2987012987012987,2026-09-29
709298,2.24,263000,1.5400000000000003,45.45454545454544,2026-09-29
709299,2.62,6000,2.48,5.645161290322581,2026-09-29
709307,1.47,833000,1.45,1.3793103448275863,2026-09-29
709308,0.62,366000,0.6,3.3333333333333335,2026-09-29
709311,0.9,34000,0.89,1.1235955056179776,2026-09-29
709314,2.53,5000,3.1999999999999997,-20.937500000000004,2026-09-29
709320,0.45,56000,0.47000000000000003,-4.25531914893617,2026-09-29
709322,0.5,496000,0.51,-1.9607843137254901,2026-09-29
709323,0.36,549000,0.33999999999999997,5.882352941176471,2026-09-29
709328,1.14,915000,1.14,0.0,2026-09-29
709333,1.19,1000,0.99,20.202020202020204,2026-09-29
709341,0.98,20000,0.9199999999999999,6.521739130434782,2026-09-29
709346,0.15,100000,0.15,0.0,2026-09-29
709354,0.71,52000,0.6599999999999999,7.575757575757577,2026-09-29
709355,0.35,1000,0.36,-2.777777777777778,2026-09-29
709362,0.3,2000,0.3,0.0,2026-09-29
709366,0.85,120000,0.84,1.1904761904761907,2026-09-29
709367,0.16,230000,0.16,0.0,2026-09-29
709368,0.33,304000,0.33,0.0,2026-09-29
709369,0.08,250000,0.08,0.0,2026-09-29
709377,2.54,1000,2.74,-7.2992700729927,2026-09-29
709382,0.46,5000,0.49,-6.122448979591836,2026-09-29
709388,0.73,1000,0.69,5.797101449275363,2026-09-29
709389,0.33,136000,0.33,0.0,2026-09-29
709390,0.39,10000,0.41000000000000003,-4.878048780487805,2026-09-29
709398,0.35,70000,0.38999999999999996,-10.256410256410257,2026-09-29
709400,0.73,41000,0.7,4.285714285714286,2026-09-29
709403,0.34,19000,0.34,0.0,2026-09-29
709405,0.17,68000,0.19,-10.526315789473683,2026-09-29
709409,1.42,60000,1.14,24.561403508771935,2026-09-29
709413,0.79,157000,0.8,-1.25,2026-09-29
709416,1.44,56000,1.43,0.6993006993006994,2026-09-29
709418,0.84,38000,0.82,2.4390243902439024,2026-09-29
709419,0.8,11000,0.79,1.2658227848101267,2026-09-29
709421,2.83,39000,2.94,-3.741496598639456,2026-09-29
709424,0.1,1000,0.09000000000000001,11.11111111111111,2026-09-29
709434,0.4,280000,0.41000000000000003,-2.4390243902439024,2026-09-29
709438,0.59,32000,0.61,-3.278688524590164,2026-09-29
709439,2.37,23000,2.5300000000000002,-6.324110671936759,2026-09-29
709441,0.88,40000,0.84,4.761904761904763,2026-09-29
709443,0.21,113000,0.19999999999999998,5.0,2026-09-29
709444,0.81,150000,0.42000000000000004,92.85714285714285,2026-09-29
709445,0.04,50000,0.04,0.0,2026-09-29
709448,5.0,10000,5.8,-13.793103448275861,2026-09-29
709452,0.3,639000,0.3,0.0,2026-09-29
709453,0.35,1000,0.33999999999999997,2.9411764705882355,2026-09-29
709456,0.78,11000,0.76,2.631578947368421,2026-09-29
709458,0.83,129000,0.8899999999999999,-6.741573033707865,2026-09-29
709459,1.14,9000,1.14,0.0,2026-09-29
709462,0.97,188000,0.94,3.1914893617021276,2026-09-29
709466,0.18,100000,0.19,-5.263157894736842,2026-09-29
709469,0.28,136000,0.28,0.0,2026-09-29
709471,0.66,616000,0.64,3.125,2026-09-29
709472,0.36,1499000,0.41,-12.195121951219514,2026-09-29
709474,1.34,187000,1.37,-2.1897810218978098,2026-09-29
709475,0.09,53000,0.09,0.0,2026-09-29
709478,1.21,63000,1.0899999999999999,11.009174311926607,2026-09-29
709481,0.86,17000,0.89,-3.3707865168539324,2026-09-29
709491,0.34,1822000,0.34,0.0,2026-09-29
709494,0.09,28000,0.09,0.0,2026-09-29
709497,0.96,2000,0.98,-2.0408163265306123,2026-09-29
709498,0.07,7000,0.07,0.0,2026-09-29
709499,0.13,414000,0.29000000000000004,-55.172413793103445,2026-09-29
709500,1.17,43000,1.16,0.8620689655172415,2026-09-29
709501,0.07,10000,0.08,-12.5,2026-09-29
709502,0.16,1000,0.16,0.0,2026-09-29
709512,0.75,179000,0.76,-1.3157894736842104,2026-09-29
709517,0.04,70000,0.06,-33.333333333333336,2026-09-29
709518,0.63,662000,0.63,0.0,2026-09-29
709519,0.3,80000,0.25,20.0,2026-09-29
709527,0.54,25000,0.42000000000000004,28.57142857142857,2026-09-29
709529,0.08,50000,0.08,0.0,2026-09-29
709530,1.5,215000,1.46,2.7397260273972606,2026-09-29
709532,0.38,858000,0.39,-2.564102564102564,2026-09-29
709535,2.07,27000,2.3899999999999997,-13.389121338912135,2026-09-29
709537,1.72,41000,1.96,-12.244897959183673,2026-09-29
709539,0.67,621000,0.64,4.6875,2026-09-29
709540,0.89,135000,0.75,18.666666666666668,2026-09-29
709541,0.77,58000,0.62,24.193548387096772,2026-09-29
709542,0.58,1000,0.58,0.0,2026-09-29
709546,0.5,210000,0.53,-5.660377358490566,2026-09-29
709547,0.7,75000,0.69,1.4492753623188408,2026-09-29
709550,0.62,152000,0.6799999999999999,-8.823529411764707,2026-09-29
709552,1.0,45000,0.9299999999999999,7.526881720430109,2026-09-29
709555,0.15,30000,0.18,-16.666666666666664,2026-09-29
709556,0.48,1105000,0.35,37.142857142857146,2026-09-29
709559,0.12,400000,0.09999999999999999,20.0,2026-09-29
709561,0.24,150000,0.24,0.0,2026-09-29
709562,1.36,273000,1.32,3.0303030303030303,2026-09-29
709568,0.14,30000,0.15000000000000002,-6.666666666666665,2026-09-29
709571,1.63,15000,1.8499999999999999,-11.891891891891893,2026-09-29
709572,1.51,70000,1.99,-24.120603015075375,2026-09-29
709579,1.72,4000,1.7,1.1764705882352942,2026-09-29
709580,1.14,5000,0.9999999999999999,14.000000000000004,2026-09-29
709581,0.79,1000,0.72,9.722222222222223,2026-09-29
709583,1.29,228000,1.26,2.380952380952381,2026-09-29
709586,0.86,1436000,0.86,0.0,2026-09-29
709587,1.01,40000,0.94,7.446808510638299,2026-09-29
709589,0.34,30000,0.33,3.0303030303030303,2026-09-29
709592,0.77,99000,0.76,1.3157894736842104,2026-09-29
709597,0.39,90000,0.30000000000000004,29.999999999999993,2026-09-29
709599,1.28,19000,1.42,-9.859154929577466,2026-09-29
709600,1.29,62000,1.29,0.0,2026-09-29
709601,1.1,42000,0.9700000000000001,13.402061855670103,2026-09-29
709602,1.3,289000,1.1300000000000001,15.044247787610617,2026-09-29
709603,0.78,5000,0.74,5.405405405405405,2026-09-29
709605,0.76,330000,0.8,-5.0,2026-09-29
709608,0.33,30000,0.36,-8.333333333333332,2026-09-29
709610,0.41,50000,0.41,0.0,2026-09-29
709611,2.4,119000,2.7399999999999998,-12.408759124087593,2026-09-29
709613,0.83,6000,0.83,0.0,2026-09-29
709614,1.58,376000,1.84,-14.130434782608695,2026-09-29
709615,0.16,195000,0.16,0.0,2026-09-29
709617,1.55,90000,1.6500000000000001,-6.0606060606060606,2026-09-29
709618,1.41,556000,1.7599999999999998,-19.886363636363637,2026-09-29
709619,0.82,79000,0.84,-2.3809523809523814,2026-09-29
709622,0.38,592000,0.36,5.555555555555556,2026-09-29
709624,1.72,662000,2.27,-24.229074889867842,2026-09-29
709628,1.04,1910000,1.29,-19.37984496124031,2026-09-29
709629,0.26,10000,0.26,0.0,2026-09-29
709630,0.28,2280000,0.24000000000000002,16.666666666666664,2026-09-29
709631,0.34,20000,0.35000000000000003,-2.857142857142857,2026-09-29
709635,4.36,30000,5.1000000000000005,-14.509803921568626,2026-09-29
709636,0.33,60000,0.36,-8.333333333333332,2026-09-29
709638,0.22,227000,0.22,0.0,2026-09-29
709639,0.25,5000,0.19,31.57894736842105,2026-09-29
709640,0.6,40000,0.57,5.2631578947368425,2026-09-29
709642,0.47,25000,0.45999999999999996,2.173913043478261,2026-09-29
709644,0.15,50000,0.16,-6.25,2026-09-29
709648,0.2,300000,0.22,-9.090909090909092,2026-09-29
709652,0.45,230000,0.49,-8.16326530612245,2026-09-29
709654,0.34,140000,0.23000000000000004,47.82608695652173,2026-09-29
709658,1.13,24000,1.19,-5.042016806722689,2026-09-29
709659,1.48,43000,1.57,-5.732484076433121,2026-09-29
709664,0.2,20000,0.22,-9.090909090909092,2026-09-29
709665,1.59,149000,1.52,4.605263157894737,2026-09-29
709669,0.4,496000,0.38,5.263157894736842,2026-09-29
709675,0.14,15000,0.14,0.0,2026-09-29
709680,1.47,241000,1.52,-3.289473684210526,2026-09-29
709681,1.4,29000,1.41,-0.7092198581560284,2026-09-29
709682,1.17,41000,1.29,-9.30232558139535,2026-09-29
709688,0.91,17000,0.93,-2.150537634408602,2026-09-29
709691,0.45,130000,0.49,-8.16326530612245,2026-09-29
709695,0.21,60000,0.19,10.526315789473683,2026-09-29
709696,0.55,48000,0.5,10.0,2026-09-29
709699,0.14,100000,0.15000000000000002,-6.666666666666665,2026-09-29
709700,0.11,20000,0.12,-8.333333333333334,2026-09-29
709706,0.56,10000,0.5900000000000001,-5.084745762711863,2026-09-29
709709,0.3,1000,0.25,20.0,2026-09-29
709710,1.26,755000,1.19,5.882352941176471,2026-09-29
709711,0.95,10000,0.94,1.0638297872340428,2026-09-29
709712,0.52,80000,0.56,-7.142857142857142,2026-09-29
709717,0.77,74000,0.81,-4.938271604938271,2026-09-29
709718,0.53,90000,0.5700000000000001,-7.017543859649122,2026-09-29
709719,0.68,59000,0.54,25.925925925925924,2026-09-29
709723,1.81,79000,1.73,4.624277456647399,2026-09-29
709724,1.19,104000,1.1199999999999999,6.250000000000002,2026-09-29
709730,1.34,922000,1.3900000000000001,-3.597122302158273,2026-09-29
709731,1.18,124000,1.14,3.508771929824562,2026-09-29
709732,1.37,43000,1.28,7.03125,2026-09-29
709736,0.64,41000,0.64,0.0,2026-09-29
709740,0.16,339000,0.15,6.666666666666667,2026-09-29
709746,0.25,861000,0.27,-7.4074074074074066,2026-09-29
709747,1.25,106000,1.13,10.619469026548673,2026-09-29
709748,0.14,400000,0.16,-12.5,2026-09-29
709749,0.11,1000,0.1,10.0,2026-09-29
709751,0.47,1000,0.48,-2.0833333333333335,2026-09-29
709753,0.28,15000,0.27,3.7037037037037033,2026-09-29
709754,0.25,50000,0.28,-10.714285714285712,2026-09-29
709758,0.65,12000,0.66,-1.5151515151515151,2026-09-29
709759,0.54,30000,0.55,-1.8181818181818181,2026-09-29
709761,0.4,4000,0.76,-47.368421052631575,2026-09-29
709762,0.37,15000,0.4,-7.5,2026-09-29
709769,0.31,100000,0.3,3.3333333333333335,2026-09-29
709770,0.62,16000,0.6,3.3333333333333335,2026-09-29
709771,0.61,181000,0.6,1.6666666666666667,2026-09-29
709772,0.59,37000,0.6,-1.6666666666666667,2026-09-29
709777,0.62,1358000,0.61,1.639344262295082,2026-09-29
709779,1.14,10000,1.18,-3.389830508474576,2026-09-29
709781,0.36,177000,0.36,0.0,2026-09-29
709782,0.88,546000,0.78,12.820512820512823,2026-09-29
709783,0.26,142000,0.27,-3.7037037037037033,2026-09-29
709784,0.27,100000,0.30000000000000004,-9.999999999999998,2026-09-29
709788,0.28,245000,0.30000000000000004,-6.666666666666665,2026-09-29
709789,1.0,2000,1.04,-3.8461538461538463,2026-09-29
709790,0.26,73000,0.23,13.043478260869565,2026-09-29
709791,0.92,43000,0.9500000000000001,-3.157894736842105,2026-09-29
709792,6.8,1000,5.8,17.24137931034483,2026-09-29
709793,0.58,11000,0.45999999999999996,26.08695652173913,2026-09-29
709794,0.06,903000,0.06,0.0,2026-09-29
709796,0.11,80000,0.12,-8.333333333333334,2026-09-29
709801,0.07,250000,0.09000000000000001,-22.22222222222222,2026-09-29
709802,0.1,10000,0.1,0.0,2026-09-29
709804,0.26,200000,0.23,13.043478260869565,2026-09-29
709806,0.43,50000,0.36,19.444444444444446,2026-09-29
709807,1.08,1000,1.0,8.0,2026-09-29
709809,0.63,178000,0.6,5.0,2026-09-29
709810,2.18,11000,2.18,0.0,2026-09-29
709811,0.88,89000,0.9,-2.2222222222222223,2026-09-29
709818,0.2,85000,0.22,-9.090909090909092,2026-09-29
709821,0.67,10000,0.67,0.0,2026-09-29
709822,0.72,20000,0.75,-4.0,2026-09-29
709824,2.17,177000,2.02,7.425742574257425,2026-09-29
709825,1.47,820000,1.69,-13.017751479289942,2026-09-29
709828,0.53,106000,0.47000000000000003,12.76595744680851,2026-09-29
709829,0.4,50000,0.4,0.0,2026-09-29
709833,0.45,332000,0.45,0.0,2026-09-29
709835,0.6,3000,0.59,1.694915254237288,2026-09-29
709838,0.65,2000,0.45,44.44444444444445,2026-09-29
709847,0.99,103000,0.88,12.5,2026-09-29
709852,2.23,12000,2.36,-5.508474576271187,2026-09-29
709853,0.15,2000,0.15,0.0,2026-09-29
709855,0.33,382000,0.34,-2.941176470588235,2026-09-29
709858,0.7,207000,0.6599999999999999,6.060606060606061,2026-09-29
709861,0.34,87000,0.29000000000000004,17.241379310344826,2026-09-29
709868,0.34,40000,0.35000000000000003,-2.857142857142857,2026-09-29
709870,1.55,1490000,1.4000000000000001,10.714285714285712,2026-09-29
709871,0.22,5000,0.19,15.789473684210526,2026-09-29
709872,0.1,50000,0.09000000000000001,11.11111111111111,2026-09-29
709873,4.52,7000,4.5,0.4444444444444444,2026-09-29
709875,1.2,102000,1.1199999999999999,7.142857142857144,2026-09-29
709879,1.67,18000,1.66,0.6024096385542169,2026-09-29
709885,0.33,677000,0.26,26.923076923076927,2026-09-29
709890,0.54,240000,0.56,-3.571428571428571,2026-09-29
709893,0.93,341000,0.8500000000000001,9.411764705882353,2026-09-29
709895,0.58,4000,0.5599999999999999,3.571428571428572,2026-09-29
709896,0.9,757000,0.87,3.4482758620689653,2026-09-29
709905,0.16,422000,0.17,-5.88235294117647,2026-09-29
709906,0.25,203000,0.27,-7.4074074074074066,2026-09-29
709909,0.33,20000,0.34,-2.941176470588235,2026-09-29
709910,0.42,4000,0.44,-4.545454545454546,2026-09-29
709911,0.59,153000,0.57,3.508771929824562,2026-09-29
709912,0.34,10000,0.35000000000000003,-2.857142857142857,2026-09-29
709915,0.77,246000,0.78,-1.282051282051282,2026-09-29
709916,1.11,65000,1.09,1.8348623853211006,2026-09-29
709919,1.45,2000,1.51,-3.9735099337748347,2026-09-29
709922,0.18,250000,0.19,-5.263157894736842,2026-09-29
709928,1.04,197000,1.1500000000000001,-9.565217391304346,2026-09-29
709929,1.66,456000,1.8399999999999999,-9.782608695652174,2026-09-29
709931,0.42,128000,0.44999999999999996,-6.666666666666667,2026-09-29
709934,1.37,10000,1.4200000000000002,-3.5211267605633805,2026-09-29
709935,2.35,5000,2.42,-2.892561983471075,2026-09-29
709937,1.75,429000,1.77,-1.1299435028248588,2026-09-29
709941,0.15,100000,0.15,0.0,2026-09-29
709958,0.29,90000,0.38,-23.684210526315788,2026-09-29
709962,0.57,411000,0.5199999999999999,9.615384615384617,2026-09-29
709967,0.98,623000,0.97,1.0309278350515463,2026-09-29
709972,3.44,33000,3.54,-2.824858757062147,2026-09-29
709973,0.56,60000,0.4700000000000001,19.148936170212764,2026-09-29
709974,1.5,56000,1.25,20.0,2026-09-29
709976,1.1,15000,0.9500000000000001,15.789473684210526,2026-09-29
709977,0.37,448000,0.35,5.714285714285714,2026-09-29
709978,0.79,98000,0.73,8.21917808219178,2026-09-29
709980,1.69,120000,2.05,-17.5609756097561,2026-09-29
709985,0.49,20000,0.45999999999999996,6.521739130434782,2026-09-29
709989,0.41,10000,0.38999999999999996,5.128205128205129,2026-09-29
709992,0.32,10000,0.32,0.0,2026-09-29
709993,0.84,6000,0.84,0.0,2026-09-29
709995,0.21,36000,0.22,-4.545454545454546,2026-09-29
709997,0.28,25000,0.28,0.0,2026-09-29
709998,0.88,699000,0.84,4.761904761904763,2026-09-29
710000,6.95,1000,7.0,-0.7142857142857143,2026-09-29
710006,0.71,78000,0.6699999999999999,5.970149253731344,2026-09-29
710014,0.89,684000,0.85,4.705882352941177,2026-09-29
710018,0.31,141000,0.31,0.0,2026-09-29
710019,0.16,33000,0.17,-5.88235294117647,2026-09-29
710023,1.03,551000,1.02,0.9803921568627451,2026-09-29
710024,0.8,3278000,0.79,1.2658227848101267,2026-09-29
710025,0.37,207000,0.37,0.0,2026-09-29
710030,0.25,50000,0.25,0.0,2026-09-29
710031,0.79,75000,0.79,0.0,2026-09-29
710034,1.58,55000,1.46,8.21917808219178,2026-09-29
710037,2.23,101000,1.92,16.145833333333336,2026-09-29
710038,0.5,71000,0.59,-15.254237288135593,2026-09-29
710042,0.56,12000,0.5800000000000001,-3.4482758620689653,2026-09-29
710047,0.93,43000,0.8700000000000001,6.89655172413793,2026-09-29
710057,0.74,200000,0.6699999999999999,10.447761194029853,2026-09-29
710060,1.9,1000,2.06,-7.766990291262135,2026-09-29
710067,0.55,2497000,0.48000000000000004,14.583333333333334,2026-09-29
710068,1.26,40000,1.38,-8.695652173913043,2026-09-29
710069,1.19,153000,1.3499999999999999,-11.851851851851853,2026-09-29
710070,1.0,459000,1.13,-11.504424778761063,2026-09-29
710071,0.73,417000,0.72,1.388888888888889,2026-09-29
710073,1.93,1000,2.1,-8.095238095238095,2026-09-29
710074,1.71,70000,1.92,-10.9375,2026-09-29
710075,1.06,65000,0.8800000000000001,20.45454545454545,2026-09-29
710076,0.78,127000,0.7000000000000001,11.428571428571429,2026-09-29
710079,0.68,67000,0.6100000000000001,11.475409836065573,2026-09-29
710080,2.01,199000,2.1799999999999997,-7.7981651376146806,2026-09-29
710081,0.32,12000,0.36,-11.111111111111112,2026-09-29
710083,2.92,79000,3.13,-6.7092651757188495,2026-09-29
710085,0.7,62000,0.75,-6.666666666666667,2026-09-29
710086,0.59,1317000,0.5599999999999999,5.357142857142858,2026-09-29
710088,0.34,94000,0.34,0.0,2026-09-29
710097,1.1,21000,1.25,-12.0,2026-09-29
710098,1.09,405000,1.1400000000000001,-4.385964912280701,2026-09-29
710100,0.89,295000,0.93,-4.301075268817204,2026-09-29
710102,3.38,12000,3.44,-1.744186046511628,2026-09-29
710109,1.53,448000,1.31,16.793893129770993,2026-09-29
710111,2.19,34000,2.33,-6.008583690987125,2026-09-29
710119,0.27,6000,0.30000000000000004,-9.999999999999998,2026-09-29
710120,0.07,30000,0.060000000000000005,16.666666666666664,2026-09-29
710124,0.79,8000,0.72,9.722222222222223,2026-09-29
710127,0.21,235000,0.18,16.666666666666664,2026-09-29
710132,1.08,30000,0.9900000000000001,9.09090909090909,2026-09-29
710133,0.9,285000,0.85,5.882352941176471,2026-09-29
710135,1.66,141000,1.5999999999999999,3.75,2026-09-29
710136,0.1,170000,0.11,-9.090909090909092,2026-09-29
710137,0.25,29000,0.36,-30.555555555555557,2026-09-29
710138,0.65,132000,0.62,4.838709677419355,2026-09-29
710139,0.36,5000,0.32999999999999996,9.090909090909092,2026-09-29
710141,0.34,168000,0.33,3.0303030303030303,2026-09-29
710143,0.93,21000,0.9500000000000001,-2.1052631578947367,2026-09-29
710145,0.46,752000,0.35000000000000003,31.428571428571427,2026-09-29
710146,0.6,40000,0.6,0.0,2026-09-29
710148,1.17,14000,1.1099999999999999,5.405405405405405,2026-09-29
710149,0.87,132000,0.8,8.75,2026-09-29
710150,0.58,15000,0.5499999999999999,5.454545454545455,2026-09-29
710153,1.28,122000,1.1,16.36363636363636,2026-09-29
710156,1.06,160000,1.1,-3.6363636363636362,2026-09-29
710158,0.74,340000,0.78,-5.128205128205128,2026-09-29
710160,0.8,64000,0.74,8.108108108108109,2026-09-29
710161,0.41,44000,0.41,0.0,2026-09-29
710162,0.36,30000,0.35,2.857142857142857,2026-09-29
710165,0.73,188000,0.7,4.285714285714286,2026-09-29
710168,0.39,200000,0.4,-2.5,2026-09-29
710169,0.48,275000,0.36,33.33333333333333,2026-09-29
710181,0.35,21000,0.31999999999999995,9.375000000000002,2026-09-29
710183,0.15,5000,0.15,0.0,2026-09-29
710187,0.94,80000,0.8799999999999999,6.818181818181819,2026-09-29
710188,0.66,344000,0.67,-1.4925373134328357,2026-09-29
710192,0.24,969000,0.24,0.0,2026-09-29
710194,1.23,651000,1.3599999999999999,-9.558823529411766,2026-09-29
710197,0.31,345000,0.35,-11.428571428571429,2026-09-29
710198,0.39,1974000,0.39,0.0,2026-09-29
710200,1.31,22000,1.29,1.550387596899225,2026-09-29
710202,0.42,19000,0.44,-4.545454545454546,2026-09-29
710203,0.42,1000,0.38,10.526315789473683,2026-09-29
710211,0.34,90000,0.37,-8.108108108108109,2026-09-29
710216,0.51,8000,0.47000000000000003,8.51063829787234,2026-09-29
710218,0.89,11000,0.86,3.488372093023256,2026-09-29
710220,0.96,94000,0.84,14.285714285714285,2026-09-29
710228,1.07,26000,1.05,1.9047619047619047,2026-09-29
710235,7.3,3000,7.5,-2.666666666666667,2026-09-29
710237,0.65,26000,0.66,-1.5151515151515151,2026-09-29
710245,1.66,500000,1.51,9.933774834437086,2026-09-29
710247,0.37,5000,0.36,2.777777777777778,2026-09-29
710251,1.0,3000,1.16,-13.793103448275865,2026-09-29
710252,0.73,5000,0.85,-14.117647058823529,2026-09-29
710253,0.7,95000,0.6699999999999999,4.477611940298508,2026-09-29
710254,1.1,484000,1.05,4.761904761904762,2026-09-29
710258,0.37,50000,0.39,-5.128205128205128,2026-09-29
710262,3.48,2000,2.91,19.58762886597938,2026-09-29
710263,0.07,100000,0.08,-12.5,2026-09-29
710264,0.23,10000,0.19,21.052631578947366,2026-09-29
710265,0.13,5483000,0.13,0.0,2026-09-29
710267,0.55,90000,0.5700000000000001,-3.508771929824561,2026-09-29
710268,0.24,30000,0.25,-4.0,2026-09-29
710269,1.36,553000,1.1700000000000002,16.23931623931624,2026-09-29
710272,0.84,22000,0.82,2.4390243902439024,2026-09-29
710277,0.14,14000,0.16,-12.5,2026-09-29
710279,0.23,1000,0.28,-17.857142857142858,2026-09-29
710282,0.29,10000,0.32999999999999996,-12.121212121212123,2026-09-29
710286,0.36,333000,0.33999999999999997,5.882352941176471,2026-09-29
710288,0.35,33000,0.29,20.689655172413794,2026-09-29
710290,0.5,124000,0.5,0.0,2026-09-29
710291,0.36,24000,0.29,24.13793103448276,2026-09-29
710294,0.94,420000,0.8999999999999999,4.4444444444444455,2026-09-29
710297,1.88,1547000,1.7399999999999998,8.045977011494255,2026-09-29
710302,1.26,82000,1.1,14.545454545454545,2026-09-29
710303,0.76,10000,0.79,-3.797468354430379,2026-09-29
710304,0.13,1000,0.13,0.0,2026-09-29
710310,0.3,120000,0.29,3.448275862068966,2026-09-29
710314,0.26,14000,0.23,13.043478260869565,2026-09-29
710317,1.35,8000,1.27,6.299212598425196,2026-09-29
710319,0.57,43000,0.57,0.0,2026-09-29
710322,0.19,46000,0.17,11.76470588235294,2026-09-29
710333,0.79,5000,0.79,0.0,2026-09-29
710336,1.61,66000,1.4600000000000002,10.273972602739724,2026-09-29
710340,1.46,2436000,1.44,1.388888888888889,2026-09-29
710341,1.19,40000,0.94,26.595744680851062,2026-09-29
710342,3.12,5000,3.0500000000000003,2.2950819672131146,2026-09-29
710350,1.26,409000,1.02,23.52941176470588,2026-09-29
710351,1.95,125000,2.21,-11.764705882352942,2026-09-29
710354,1.08,106000,1.08,0.0,2026-09-29
710356,0.39,5000,0.37,5.405405405405405,2026-09-29
710358,2.05,3000,2.1399999999999997,-4.205607476635515,2026-09-29
710360,0.39,1000,0.41000000000000003,-4.878048780487805,2026-09-29
710366,1.26,836000,1.09,15.59633027522936,2026-09-29
710368,1.41,25000,1.3499999999999999,4.444444444444445,2026-09-29
710369,1.29,64000,1.27,1.574803149606299,2026-09-29
710370,2.64,49000,2.56,3.125,2026-09-29
710374,0.55,2000,0.5700000000000001,-3.508771929824561,2026-09-29
710375,2.05,71000,2.1399999999999997,-4.205607476635515,2026-09-29
710376,0.34,123000,0.28,21.428571428571423,2026-09-29
710377,5.8,4000,4.6,26.08695652173913,2026-09-29
710381,0.34,50000,0.33,3.0303030303030303,2026-09-29
710385,0.38,447000,0.37,2.7027027027027026,2026-09-29
710386,1.32,425000,1.35,-2.222222222222222,2026-09-29
710388,2.68,24000,2.3600000000000003,13.559322033898303,2026-09-29
710389,2.9,29000,2.9099999999999997,-0.34364261168384885,2026-09-29
710390,2.84,25000,2.8699999999999997,-1.0452961672473868,2026-09-29
710391,2.52,107000,2.5100000000000002,0.398406374501992,2026-09-29
710392,0.25,50000,0.2,25.0,2026-09-29
710395,0.67,1437000,0.6100000000000001,9.83606557377049,2026-09-29
710396,0.2,9000,0.16,25.0,2026-09-29
710398,0.69,301000,0.6399999999999999,7.812500000000002,2026-09-29
710399,1.19,17000,1.0699999999999998,11.214953271028039,2026-09-29
710406,0.59,37000,0.61,-3.278688524590164,2026-09-29
710410,2.54,35000,2.7,-5.925925925925926,2026-09-29
710412,3.97,366000,4.180000000000001,-5.0239234449760755,2026-09-29
710416,3.41,15000,2.5300000000000002,34.78260869565217,2026-09-29
710419,0.48,74000,0.47,2.1276595744680855,2026-09-29
710420,0.27,416000,0.27,0.0,2026-09-29
710426,1.64,10000,1.71,-4.093567251461989,2026-09-29
710427,0.42,100000,0.41,2.4390243902439024,2026-09-29
710431,1.4,39000,1.49,-6.040268456375839,2026-09-29
710432,0.44,20000,0.4,10.0,2026-09-29
710433,0.33,205000,0.30000000000000004,9.999999999999998,2026-09-29
710434,0.37,202000,0.35,5.714285714285714,2026-09-29
710438,0.39,1433000,0.39,0.0,2026-09-29
710441,1.64,139000,1.5699999999999998,4.4585987261146505,2026-09-29
710443,0.71,288000,0.72,-1.388888888888889,2026-09-29
710445,0.95,349000,0.97,-2.0618556701030926,2026-09-29
710450,0.47,150000,0.5,-6.0,2026-09-29
710454,0.69,10000,0.72,-4.166666666666666,2026-09-29
710455,0.95,8000,1.01,-5.9405940594059405,2026-09-29
710456,1.11,391000,0.9600000000000001,15.624999999999996,2026-09-29
710457,0.65,52000,0.67,-2.9850746268656714,2026-09-29
710467,0.45,100000,0.47000000000000003,-4.25531914893617,2026-09-29
710477,0.71,87000,0.63,12.698412698412698,2026-09-29
710480,2.24,2000,1.6300000000000003,37.42331288343557,2026-09-29
710481,0.63,114000,0.64,-1.5625,2026-09-29
710482,1.2,1126000,1.2,0.0,2026-09-29
710483,1.07,329000,1.06,0.9433962264150944,2026-09-29
710484,1.19,2519000,1.18,0.847457627118644,2026-09-29
710485,0.33,499000,0.35000000000000003,-5.714285714285714,2026-09-29
710488,0.9,2000,0.88,2.272727272727273,2026-09-29
710491,0.57,10000,0.59,-3.389830508474576,2026-09-29
710494,0.08,50000,0.09,-11.111111111111112,2026-09-29
710498,0.16,50000,0.18,-11.111111111111112,2026-09-29
710500,0.79,2658000,0.77,2.5974025974025974,2026-09-29
710502,0.67,9000,0.66,1.5151515151515151,2026-09-29
710506,0.55,363000,0.5700000000000001,-3.508771929824561,2026-09-29
710508,0.35,32000,0.35,0.0,2026-09-29
710510,2.6,1000,2.18,19.266055045871557,2026-09-29
710511,0.55,10000,0.5800000000000001,-5.1724137931034475,2026-09-29
710513,0.36,2000,0.32,12.5,2026-09-29
710520,0.51,759000,0.48,6.25,2026-09-29
710526,0.51,2000,0.49,4.081632653061225,2026-09-29
710529,0.64,19000,0.66,-3.0303030303030303,2026-09-29
710532,0.95,25000,0.9199999999999999,3.260869565217391,2026-09-29
710533,0.38,3000,0.41000000000000003,-7.317073170731707,2026-09-29
710539,0.88,11000,0.9,-2.2222222222222223,2026-09-29
710541,1.21,41000,1.22,-0.819672131147541,2026-09-29
710544,0.45,35000,0.47000000000000003,-4.25531914893617,2026-09-29
710545,5.2,1000,3.84,35.41666666666667,2026-09-29
710546,1.73,265000,1.69,2.366863905325444,2026-09-29
710547,0.61,249000,0.61,0.0,2026-09-29
710548,0.49,2000,0.49,0.0,2026-09-29
710551,0.49,722000,0.45999999999999996,6.521739130434782,2026-09-29
710553,0.45,541000,0.46,-2.1739130434782608,2026-09-29
710558,0.9,27000,0.89,1.1235955056179776,2026-09-29
710559,0.73,180000,0.72,1.388888888888889,2026-09-29
710566,1.31,282000,1.26,3.968253968253969,2026-09-29
710567,0.53,166000,0.55,-3.6363636363636362,2026-09-29
710568,0.96,36000,0.99,-3.0303030303030303,2026-09-29
710569,0.8,173000,0.74,8.108108108108109,2026-09-29
710573,2.85,10000,2.85,0.0,2026-09-29
710574,2.51,4000,2.8699999999999997,-12.543554006968641,2026-09-29
710575,3.48,12000,3.48,0.0,2026-09-29
710580,0.41,255000,0.37,10.81081081081081,2026-09-29
710581,0.3,263000,0.3,0.0,2026-09-29
710582,0.62,267000,0.64,-3.125,2026-09-29
710584,1.08,190000,1.1400000000000001,-5.263157894736841,2026-09-29
710586,0.72,1143000,0.73,-1.3698630136986303,2026-09-29
710587,0.86,2534000,0.85,1.1764705882352942,2026-09-29
710590,0.69,150000,0.6799999999999999,1.4705882352941178,2026-09-29
710591,0.48,20000,0.45999999999999996,4.347826086956522,2026-09-29
710592,1.05,361000,0.93,12.903225806451612,2026-09-29
710594,0.99,39000,1.03,-3.8834951456310676,2026-09-29
710597,1.39,71000,1.2999999999999998,6.923076923076923,2026-09-29
710598,1.13,269000,1.0799999999999998,4.629629629629631,2026-09-29
710599,0.4,20000,0.41000000000000003,-2.4390243902439024,2026-09-29
710601,0.31,92000,0.31,0.0,2026-09-29
710603,0.46,76000,0.47000000000000003,-2.127659574468085,2026-09-29
710604,0.55,434000,0.56,-1.7857142857142856,2026-09-29
710605,0.11,50000,0.11,0.0,2026-09-29
710606,2.52,88000,1.62,55.55555555555556,2026-09-29
710607,0.14,50000,0.15000000000000002,-6.666666666666665,2026-09-29
710608,0.7,388000,0.7,0.0,2026-09-29
710611,1.51,20000,1.45,4.137931034482759,2026-09-29
710613,0.48,442000,0.43,11.627906976744187,2026-09-29
710614,0.67,257000,0.63,6.349206349206349,2026-09-29
710617,0.86,28000,0.74,16.216216216216218,2026-09-29
710619,0.64,136000,0.54,18.51851851851852,2026-09-29
710622,0.53,191000,0.41000000000000003,29.268292682926827,2026-09-29
710623,0.63,711000,0.6,5.0,2026-09-29
710630,0.81,628000,0.8,1.25,2026-09-29
710631,0.71,933000,0.7,1.4285714285714286,2026-09-29
710632,0.24,1957000,0.27,-11.11111111111111,2026-09-29
710636,0.68,8000,0.6000000000000001,13.33333333333333,2026-09-29
710638,0.56,28000,0.5700000000000001,-1.7543859649122806,2026-09-29
710640,0.27,143000,0.24000000000000002,12.499999999999998,2026-09-29
710643,0.25,153000,0.26,-3.8461538461538463,2026-09-29
710644,0.56,3000,0.56,0.0,2026-09-29
710646,1.0,5000,0.98,2.0408163265306123,2026-09-29
710648,0.9,20000,0.8,12.5,2026-09-29
710649,0.88,156000,0.78,12.820512820512823,2026-09-29
710650,0.59,331000,0.57,3.508771929824562,2026-09-29
710651,1.09,59000,0.9600000000000001,13.541666666666666,2026-09-29
710653,0.17,80000,0.22000000000000003,-22.727272727272727,2026-09-29
710654,0.74,213000,0.73,1.3698630136986303,2026-09-29
710655,11.1,1000,10.1,9.900990099009901,2026-09-29
710659,0.54,410000,0.53,1.8867924528301887,2026-09-29
710664,0.88,499000,0.79,11.39240506329114,2026-09-29
710666,0.63,1248000,0.51,23.52941176470588,2026-09-29
710667,0.65,651000,0.66,-1.5151515151515151,2026-09-29
710668,0.77,2000,0.75,2.666666666666667,2026-09-29
710670,0.62,111000,0.53,16.9811320754717,2026-09-29
710676,0.2,410000,0.22,-9.090909090909092,2026-09-29
710679,0.38,38000,0.38,0.0,2026-09-29
710680,0.22,3000,0.23,-4.3478260869565215,2026-09-29
710683,0.5,5000,0.48,4.166666666666667,2026-09-29
710685,0.8,716000,0.73,9.589041095890412,2026-09-29
710687,4.7,193000,3.58,31.28491620111732,2026-09-29
710688,0.28,735000,0.31000000000000005,-9.677419354838708,2026-09-29
710690,0.17,2000,0.19,-10.526315789473683,2026-09-29
710691,0.67,40000,0.66,1.5151515151515151,2026-09-29
710693,0.47,205000,0.36,30.555555555555557,2026-09-29
710694,0.41,31000,0.37,10.81081081081081,2026-09-29
710699,0.52,99000,0.5700000000000001,-8.771929824561402,2026-09-29
710700,0.5,1028000,0.55,-9.090909090909092,2026-09-29
710702,0.71,26000,0.6699999999999999,5.970149253731344,2026-09-29
710703,0.95,398000,0.9199999999999999,3.260869565217391,2026-09-29
710705,0.49,4413000,0.4,22.499999999999996,2026-09-29
710707,0.64,114000,0.55,16.36363636363636,2026-09-29
710713,0.65,50000,0.65,0.0,2026-09-29
710716,0.26,57000,0.28,-7.142857142857142,2026-09-29
710718,0.36,68000,0.35,2.857142857142857,2026-09-29
710719,0.59,2000,0.64,-7.8125,2026-09-29
710728,0.36,238000,0.35,2.857142857142857,2026-09-29
710729,0.42,588000,0.32999999999999996,27.272727272727277,2026-09-29
710730,3.56,12000,2.95,20.677966101694913,2026-09-29
710731,0.29,73000,0.29,0.0,2026-09-29
710736,2.07,3000,1.8599999999999999,11.29032258064516,2026-09-29
710739,0.98,8000,0.9099999999999999,7.692307692307694,2026-09-29
710743,1.09,110000,1.07,1.8691588785046727,2026-09-29
710748,0.48,55000,0.47,2.1276595744680855,2026-09-29
710750,0.18,350000,0.19,-5.263157894736842,2026-09-29
710751,0.82,55000,0.87,-5.74712643678161,2026-09-29
710752,0.35,27000,0.38,-7.894736842105263,2026-09-29
710753,0.72,611000,0.69,4.3478260869565215,2026-09-29
710754,0.91,127000,0.97,-6.185567010309279,2026-09-29
710761,0.46,496000,0.43000000000000005,6.97674418604651,2026-09-29
710766,0.28,9052000,0.28,0.0,2026-09-29
710768,0.84,80000,0.94,-10.638297872340427,2026-09-29
710770,0.95,556000,0.95,0.0,2026-09-29
710772,0.34,1000,0.35000000000000003,-2.857142857142857,2026-09-29
710776,0.31,22000,0.28,10.714285714285712,2026-09-29
710785,0.57,526000,0.61,-6.557377049180328,2026-09-29
710786,1.07,195000,1.1300000000000001,-5.309734513274336,2026-09-29
710788,0.48,5000,0.51,-5.88235294117647,2026-09-29
710792,0.67,442000,0.62,8.06451612903226,2026-09-29
710793,0.33,158000,0.30000000000000004,9.999999999999998,2026-09-29
710794,0.78,101000,0.75,4.0,2026-09-29
710798,0.4,1171000,0.38,5.263157894736842,2026-09-29
710799,0.35,505000,0.38,-7.894736842105263,2026-09-29
710800,2.79,14000,2.4,16.25,2026-09-29
710801,0.56,462000,0.5800000000000001,-3.4482758620689653,2026-09-29
710805,1.92,410000,1.8399999999999999,4.347826086956522,2026-09-29
710806,1.16,134000,1.02,13.725490196078432,2026-09-29
710807,1.14,268000,0.7799999999999999,46.15384615384615,2026-09-29
710808,1.29,575000,1.18,9.322033898305085,2026-09-29
710809,1.14,244000,1.21,-5.78512396694215,2026-09-29
710815,0.3,417000,0.29,3.448275862068966,2026-09-29
710816,1.71,342000,1.72,-0.5813953488372093,2026-09-29
710817,0.67,172000,0.7200000000000001,-6.944444444444444,2026-09-29
710818,0.56,5000,0.56,0.0,2026-09-29
710822,1.1,20000,1.1800000000000002,-6.779661016949151,2026-09-29
710823,0.33,10000,0.32,3.125,2026-09-29
710824,1.04,255000,0.98,6.122448979591836,2026-09-29
710826,0.32,1336000,0.36,-11.111111111111112,2026-09-29
710827,2.91,3000,2.89,0.6920415224913495,2026-09-29
710828,0.49,595000,0.48,2.0833333333333335,2026-09-29
710830,0.39,263000,0.38,2.631578947368421,2026-09-29
710831,1.13,623000,1.13,0.0,2026-09-29
710832,0.57,13000,0.57,0.0,2026-09-29
710833,0.57,31000,0.5599999999999999,1.785714285714286,2026-09-29
710837,0.92,529000,0.98,-6.122448979591836,2026-09-29
710838,0.75,1599000,0.8200000000000001,-8.536585365853659,2026-09-29
710840,0.18,100000,0.19,-5.263157894736842,2026-09-29
710843,2.49,35000,2.4600000000000004,1.219512195121951,2026-09-29
710847,0.61,28000,0.58,5.172413793103448,2026-09-29
710848,0.44,108000,0.42,4.761904761904763,2026-09-29
710849,0.5,132000,0.45,11.111111111111112,2026-09-29
710852,0.69,1472000,0.57,21.05263157894737,2026-09-29
710858,0.56,154000,0.52,7.6923076923076925,2026-09-29
710859,0.32,5000,0.3,6.666666666666667,2026-09-29
710860,0.31,2000,0.35,-11.428571428571429,2026-09-29
710870,0.86,20000,0.82,4.878048780487805,2026-09-29
710871,0.24,366000,0.22,9.090909090909092,2026-09-29
710873,0.3,1543000,0.32,-6.25,2026-09-29
710875,0.59,25000,0.58,1.724137931034483,2026-09-29
710876,0.79,108000,0.76,3.9473684210526314,2026-09-29
710877,1.29,77000,1.33,-3.007518796992481,2026-09-29
710879,3.5,5000,3.54,-1.1299435028248588,2026-09-29
710881,0.21,3000,0.22,-4.545454545454546,2026-09-29
710883,0.44,12000,0.44,0.0,2026-09-29
710885,0.64,27000,0.66,-3.0303030303030303,2026-09-29
710887,2.52,161000,2.5100000000000002,0.398406374501992,2026-09-29
710888,1.6,2000,1.8,-11.111111111111112,2026-09-29
710891,0.49,5000,0.47,4.255319148936171,2026-09-29
710892,9.15,4000,10.8,-15.277777777777777,2026-09-29
710893,1.28,423000,1.27,0.7874015748031495,2026-09-29
710894,1.19,923000,1.15,3.4782608695652173,2026-09-29
710896,0.46,137000,0.39,17.94871794871795,2026-09-29
710897,0.77,22000,0.73,5.479452054794521,2026-09-29
710898,0.45,870000,0.46,-2.1739130434782608,2026-09-29
710899,0.85,18000,0.89,-4.49438202247191,2026-09-29
710900,1.01,212000,0.96,5.208333333333334,2026-09-29
710905,0.61,337000,0.61,0.0,2026-09-29
710907,0.36,67000,0.38,-5.263157894736842,2026-09-29
710908,4.03,94000,4.82,-16.390041493775932,2026-09-29
710910,0.97,75000,1.03,-5.825242718446601,2026-09-29
710913,0.22,240000,0.23,-4.3478260869565215,2026-09-29
710915,0.54,50000,0.5700000000000001,-5.263157894736841,2026-09-29
710920,0.35,30000,0.32999999999999996,6.060606060606061,2026-09-29
710921,0.31,1157000,0.33999999999999997,-8.823529411764707,2026-09-29
710922,0.53,10000,0.63,-15.873015873015875,2026-09-29
710923,0.85,20000,0.86,-1.1627906976744187,2026-09-29
710932,1.52,32000,1.46,4.10958904109589,2026-09-29
710936,1.19,89000,1.17,1.7094017094017095,2026-09-29
710945,0.48,97000,0.47,2.1276595744680855,2026-09-29
710946,0.54,5000,0.52,3.8461538461538463,2026-09-29
710953,1.53,15000,1.37,11.678832116788321,2026-09-29
710958,0.33,10000,0.32,3.125,2026-09-29
710961,1.2,649000,1.19,0.8403361344537816,2026-09-29
710962,1.1,625000,1.08,1.8518518518518516,2026-09-29
710966,0.28,11000,0.27,3.7037037037037033,2026-09-29
710969,1.13,7000,1.1199999999999999,0.892857142857143,2026-09-29
710970,0.94,25000,0.8899999999999999,5.617977528089889,2026-09-29
710971,0.47,471000,0.47,0.0,2026-09-29
710972,0.66,140000,0.66,0.0,2026-09-29
710979,1.91,356000,1.46,30.82191780821918,2026-09-29
710984,0.91,50000,0.74,22.972972972972975,2026-09-29
710985,1.52,98000,1.42,7.042253521126761,2026-09-29
710987,0.43,3000,0.39,10.256410256410255,2026-09-29
710989,0.45,352000,0.47000000000000003,-4.25531914893617,2026-09-29
710991,1.57,22000,1.71,-8.187134502923978,2026-09-29
710993,0.81,31000,0.8700000000000001,-6.89655172413793,2026-09-29
710994,0.73,80000,0.78,-6.4102564102564115,2026-09-29
710996,0.54,1000,0.53,1.8867924528301887,2026-09-29
710997,0.44,10000,0.45,-2.2222222222222223,2026-09-29
711002,1.01,13000,0.87,16.09195402298851,2026-09-29
711004,0.7,86000,0.48,45.833333333333336,2026-09-29
711012,0.42,826000,0.44,-4.545454545454546,2026-09-29
711013,0.69,288000,0.69,0.0,2026-09-29
711015,0.38,343000,0.37,2.7027027027027026,2026-09-29
711016,1.33,100000,1.34,-0.7462686567164178,2026-09-29
711020,1.38,12000,1.3399999999999999,2.985074626865672,2026-09-29
711022,0.68,27000,0.6900000000000001,-1.4492753623188404,2026-09-29
711023,0.95,555000,0.95,0.0,2026-09-29
711025,0.47,7000,0.42,11.904761904761905,2026-09-29
711027,0.45,53000,0.45,0.0,2026-09-29
711028,0.53,120000,0.53,0.0,2026-09-29
711029,1.23,241000,1.22,0.819672131147541,2026-09-29
711030,1.23,45000,1.25,-1.6,2026-09-29
711032,0.16,10000,0.17,-5.88235294117647,2026-09-29
711034,0.21,3000,0.21,0.0,2026-09-29
711042,0.88,182000,0.72,22.222222222222225,2026-09-29
711044,0.36,19000,0.37,-2.7027027027027026,2026-09-29
711046,1.2,14000,0.8999999999999999,33.333333333333336,2026-09-29
711047,4.23,1000,3.2300000000000004,30.95975232198142,2026-09-29
711051,0.26,10000,0.25,4.0,2026-09-29
711053,0.6,30000,0.54,11.11111111111111,2026-09-29
711054,1.47,21000,1.38,6.521739130434782,2026-09-29
711057,0.88,6000,0.73,20.54794520547945,2026-09-29
711061,0.87,105000,0.82,6.097560975609757,2026-09-29
711063,3.42,12000,3.35,2.0895522388059704,2026-09-29
711064,5.75,324000,5.6,2.678571428571429,2026-09-29
711065,0.49,7000,0.5,-2.0,2026-09-29
711066,0.58,260000,0.57,1.754385964912281,2026-09-29
711067,0.29,58000,0.24,20.833333333333336,2026-09-29
711071,0.78,760000,0.8200000000000001,-4.878048780487805,2026-09-29
711072,0.46,6000,0.44,4.545454545454546,2026-09-29
711073,0.41,70000,0.42,-2.3809523809523814,2026-09-29
711078,0.75,1000,0.69,8.695652173913043,2026-09-29
711079,0.59,37000,0.6,-1.6666666666666667,2026-09-29
711083,0.98,489000,0.8099999999999999,20.98765432098766,2026-09-29
711084,0.61,22000,0.58,5.172413793103448,2026-09-29
711085,6.5,10000,6.0,8.333333333333332,2026-09-29
711087,3.9,123000,3.83,1.8276762402088773,2026-09-29
711088,0.4,1583000,0.39,2.564102564102564,2026-09-29
711089,1.5,203000,1.37,9.48905109489051,2026-09-29
711091,2.3,1000,1.7999999999999998,27.77777777777778,2026-09-29
711092,1.59,1000,1.54,3.246753246753247,2026-09-29
711093,0.91,191000,0.9400000000000001,-3.1914893617021276,2026-09-29
711096,0.87,153000,0.76,14.473684210526317,2026-09-29
711097,0.72,100000,0.72,0.0,2026-09-29
711098,0.41,40000,0.38999999999999996,5.128205128205129,2026-09-29
711102,0.54,1000,0.53,1.8867924528301887,2026-09-29
711103,0.58,77000,0.5299999999999999,9.433962264150946,2026-09-29
711104,0.49,23000,0.47,4.255319148936171,2026-09-29
711110,0.84,20000,0.83,1.2048192771084338,2026-09-29
711111,0.66,227000,0.67,-1.4925373134328357,2026-09-29
711116,1.42,1202000,1.27,11.811023622047244,2026-09-29
711118,0.62,171000,0.63,-1.5873015873015872,2026-09-29
711119,0.6,402000,0.61,-1.639344262295082,2026-09-29
711121,0.67,87000,0.68,-1.4705882352941175,2026-09-29
711122,1.17,167000,1.15,1.7391304347826086,2026-09-29
711123,0.83,20000,0.86,-3.488372093023256,2026-09-29
711124,0.78,536000,0.77,1.2987012987012987,2026-09-29
711125,1.12,4000,1.08,3.7037037037037033,2026-09-29
711126,3.32,42000,2.59,28.185328185328185,2026-09-29
711129,0.97,25000,1.0,-3.0,2026-09-29
711130,0.4,15000,0.4,0.0,2026-09-29
711131,1.4,74000,1.44,-2.777777777777778,2026-09-29
711138,1.26,356000,1.37,-8.02919708029197,2026-09-29
711139,1.21,446000,1.3,-6.9230769230769225,2026-09-29
711140,1.78,20000,1.75,1.7142857142857144,2026-09-29
711144,0.2,8000,0.22,-9.090909090909092,2026-09-29
711147,0.43,370000,0.45,-4.444444444444445,2026-09-29
711150,0.82,2000,0.7799999999999999,5.128205128205129,2026-09-29
711152,2.03,15000,1.9699999999999998,3.0456852791878175,2026-09-29
711153,2.53,7000,2.7199999999999998,-6.985294117647059,2026-09-29
711156,1.45,541000,1.0,45.0,2026-09-29
711158,1.13,3000,1.16,-2.586206896551724,2026-09-29
711160,1.38,123000,1.3299999999999998,3.759398496240602,2026-09-29
711162,1.86,133000,1.83,1.6393442622950818,2026-09-29
711163,2.93,131000,2.91,0.6872852233676976,2026-09-29
711172,0.83,95000,0.86,-3.488372093023256,2026-09-29
711174,1.07,61000,1.1,-2.7272727272727266,2026-09-29
711176,1.69,1000,1.49,13.422818791946309,2026-09-29
711177,1.72,57000,1.75,-1.7142857142857144,2026-09-29
711179,0.63,164000,0.58,8.620689655172415,2026-09-29
711190,0.45,98000,0.42000000000000004,7.142857142857142,2026-09-29
711192,0.9,132000,0.88,2.272727272727273,2026-09-29
711193,0.54,53000,0.54,0.0,2026-09-29
711194,0.36,110000,0.36,0.0,2026-09-29
711195,0.4,271000,0.4,0.0,2026-09-29
711206,0.61,15000,0.63,-3.1746031746031744,2026-09-29
711207,0.61,492000,0.65,-6.153846153846153,2026-09-29
711209,0.37,2002000,0.38,-2.631578947368421,2026-09-29
711212,0.54,70000,0.55,-1.8181818181818181,2026-09-29
711217,0.82,299000,0.84,-2.3809523809523814,2026-09-29
711218,1.04,529000,0.99,5.050505050505051,2026-09-29
711219,1.49,213000,1.65,-9.696969696969699,2026-09-29
711220,1.32,207000,1.37,-3.64963503649635,2026-09-29
711222,2.7,116000,2.14,26.16822429906542,2026-09-29
711223,3.74,124000,4.04,-7.425742574257425,2026-09-29
711228,0.28,65000,0.29000000000000004,-3.4482758620689653,2026-09-29
711230,0.3,8000,0.27999999999999997,7.142857142857144,2026-09-29
711231,0.65,1369000,0.62,4.838709677419355,2026-09-29
711236,3.48,89000,2.64,31.818181818181817,2026-09-29
711237,0.58,70000,0.57,1.754385964912281,2026-09-29
711238,0.56,10000,0.52,7.6923076923076925,2026-09-29
711245,0.32,80000,0.29000000000000004,10.344827586206895,2026-09-29
711248,6.85,3000,7.5,-8.666666666666668,2026-09-29
711249,1.72,5000,1.58,8.860759493670885,2026-09-29
711252,4.97,20000,4.18,18.89952153110048,2026-09-29
711254,0.62,10000,0.9,-31.11111111111111,2026-09-29
711255,0.78,11000,0.6000000000000001,29.999999999999993,2026-09-29
711256,0.45,51000,0.46,-2.1739130434782608,2026-09-29
711261,0.71,152000,0.6799999999999999,4.411764705882353,2026-09-29
711262,0.38,56000,0.38,0.0,2026-09-29
711263,0.72,56000,0.7,2.857142857142857,2026-09-29
711264,1.09,296000,1.05,3.8095238095238093,2026-09-29
711267,0.6,2000,0.64,-6.25,2026-09-29
711270,0.47,149000,0.38999999999999996,20.512820512820515,2026-09-29
711271,0.35,35000,0.45999999999999996,-23.91304347826087,2026-09-29
711272,0.96,95000,0.99,-3.0303030303030303,2026-09-29
711275,0.75,106000,0.64,17.1875,2026-09-29
711276,0.96,157000,0.9099999999999999,5.494505494505495,2026-09-29
711278,0.75,344000,0.64,17.1875,2026-09-29
711281,0.48,225000,0.45999999999999996,4.347826086956522,2026-09-29
711286,0.29,54000,0.33999999999999997,-14.70588235294118,2026-09-29
711287,2.07,32000,2.0999999999999996,-1.4285714285714286,2026-09-29
711288,1.55,302000,1.57,-1.2738853503184713,2026-09-29
711289,1.34,150000,1.3800000000000001,-2.8985507246376807,2026-09-29
711292,1.4,75000,1.46,-4.10958904109589,2026-09-29
711293,1.56,180000,1.6,-2.5,2026-09-29
711294,1.67,47000,1.5999999999999999,4.375000000000001,2026-09-29
711295,1.71,584000,1.75,-2.2857142857142856,2026-09-29
711296,0.37,5000,0.39,-5.128205128205128,2026-09-29
711298,0.56,10000,0.54,3.7037037037037033,2026-09-29
711299,0.46,60000,0.44,4.545454545454546,2026-09-29
711300,1.28,284000,1.76,-27.27272727272727,2026-09-29
711301,1.15,169000,0.8499999999999999,35.294117647058826,2026-09-29
711303,1.86,15000,1.9100000000000001,-2.6178010471204187,2026-09-29
711305,3.5,1000,3.84,-8.854166666666668,2026-09-29
711308,0.93,198000,0.93,0.0,2026-09-29
711309,0.83,48000,0.82,1.2195121951219512,2026-09-29
711310,1.07,110000,1.03,3.8834951456310676,2026-09-29
711312,1.49,78000,1.46,2.054794520547945,2026-09-29
711314,1.26,46000,1.06,18.867924528301888,2026-09-29
711323,1.49,36000,1.55,-3.8709677419354835,2026-09-29
711325,1.76,25000,1.7,3.5294117647058822,2026-09-29
711327,0.58,129000,0.62,-6.451612903225806,2026-09-29
711328,2.19,119000,3.2800000000000002,-33.23170731707317,2026-09-29
711329,4.66,15000,3.83,21.6710182767624,2026-09-29
711330,1.38,32000,1.39,-0.7194244604316548,2026-09-29
711331,1.15,491000,1.18,-2.5423728813559325,2026-09-29
711332,0.77,1724000,0.66,16.666666666666664,2026-09-29
711334,1.25,48000,1.27,-1.574803149606299,2026-09-29
711336,1.13,189000,1.0599999999999998,6.603773584905662,2026-09-29
711338,0.79,56000,0.65,21.53846153846154,2026-09-29
711339,1.05,63000,0.88,19.31818181818182,2026-09-29
711341,0.94,3000,1.03,-8.737864077669903,2026-09-29
711344,0.74,68000,0.75,-1.3333333333333335,2026-09-29
711347,1.47,156000,1.55,-5.161290322580645,2026-09-29
711348,1.38,50000,1.41,-2.127659574468085,2026-09-29
711359,0.97,149000,0.8999999999999999,7.7777777777777795,2026-09-29
711361,3.61,94000,3.7199999999999998,-2.956989247311828,2026-09-29
711366,0.53,10000,0.5,6.0,2026-09-29
711372,1.66,65000,1.67,-0.5988023952095809,2026-09-29
711374,0.68,50000,0.7000000000000001,-2.857142857142857,2026-09-29
711380,0.71,2000,0.74,-4.054054054054054,2026-09-29
711385,1.58,139000,1.3,21.53846153846154,2026-09-29
711389,1.4,23000,1.43,-2.097902097902098,2026-09-29
711390,1.17,87000,1.17,0.0,2026-09-29
711392,0.37,58000,0.37,0.0,2026-09-29
711393,0.48,273000,0.48,0.0,2026-09-29
711394,0.93,556000,0.9400000000000001,-1.0638297872340425,2026-09-29
711395,0.95,289000,0.97,-2.0618556701030926,2026-09-29
711396,0.84,197000,0.83,1.2048192771084338,2026-09-29
711403,1.72,10000,1.67,2.9940119760479047,2026-09-29
711409,0.72,14000,0.74,-2.7027027027027026,2026-09-29
711411,1.12,421000,1.07,4.672897196261682,2026-09-29
711413,0.42,2000,0.41,2.4390243902439024,2026-09-29
711414,1.84,9000,1.84,0.0,2026-09-29
711415,0.57,30000,0.58,-1.724137931034483,2026-09-29
711417,0.77,180000,0.74,4.054054054054054,2026-09-29
711419,0.45,1652000,0.49,-8.16326530612245,2026-09-29
711427,0.19,1209000,0.18,5.555555555555556,2026-09-29
711428,1.33,186000,1.11,19.819819819819816,2026-09-29
711430,1.2,451000,1.1099999999999999,8.108108108108109,2026-09-29
711433,1.0,133000,0.99,1.0101010101010102,2026-09-29
711435,0.24,100000,0.22999999999999998,4.347826086956522,2026-09-29
711436,0.54,20000,0.52,3.8461538461538463,2026-09-29
711438,0.66,329000,0.56,17.857142857142858,2026-09-29
711439,1.73,109000,1.69,2.366863905325444,2026-09-29
711444,0.57,946000,0.5399999999999999,5.555555555555556,2026-09-29
711448,0.44,1000,0.43,2.3255813953488373,2026-09-29
711450,0.51,58000,0.52,-1.9230769230769231,2026-09-29
711451,0.41,95000,0.38,7.894736842105263,2026-09-29
711452,0.37,103000,0.4,-7.5,2026-09-29
711454,0.57,76000,0.57,0.0,2026-09-29
711455,0.79,50000,0.76,3.9473684210526314,2026-09-29
711457,0.49,10000,0.51,-3.9215686274509802,2026-09-29
711458,3.74,100000,3.25,15.076923076923077,2026-09-29
711461,0.63,20000,0.62,1.6129032258064515,2026-09-29
711462,0.58,126000,0.51,13.725490196078432,2026-09-29
711463,0.6,23000,0.59,1.694915254237288,2026-09-29
711466,0.43,2000,0.44,-2.272727272727273,2026-09-29
711470,0.34,498000,0.34,0.0,2026-09-29
711471,0.66,11000,0.62,6.451612903225806,2026-09-29
711472,0.55,20000,0.54,1.8518518518518516,2026-09-29
711474,0.77,84000,0.77,0.0,2026-09-29
711477,1.14,21000,1.24,-8.06451612903226,2026-09-29
711480,0.45,267000,0.32,40.625,2026-09-29
711482,1.27,95000,1.27,0.0,2026-09-29
711484,0.77,356000,0.62,24.193548387096772,2026-09-29
711485,1.17,422000,1.0999999999999999,6.363636363636364,2026-09-29
711488,1.24,163000,1.1099999999999999,11.711711711711713,2026-09-29
711489,0.92,12000,0.8600000000000001,6.97674418604651,2026-09-29
711492,1.35,56000,1.28,5.468750000000001,2026-09-29
711493,2.06,24000,1.83,12.568306010928962,2026-09-29
711495,1.3,11000,1.09,19.266055045871557,2026-09-29
711497,1.23,57000,0.88,39.77272727272727,2026-09-29
711498,1.53,20000,1.54,-0.6493506493506493,2026-09-29
711499,0.55,10000,0.51,7.8431372549019605,2026-09-29
711501,1.43,95000,1.45,-1.3793103448275863,2026-09-29
711502,2.1,12000,1.99,5.527638190954774,2026-09-29
711503,4.14,10000,4.27,-3.044496487119438,2026-09-29
711505,1.35,17000,1.26,7.142857142857142,2026-09-29
711506,2.71,1000,2.76,-1.8115942028985512,2026-09-29
711507,1.96,17000,2.09,-6.220095693779905,2026-09-29
711511,1.84,37000,1.78,3.3707865168539324,2026-09-29
711515,0.8,385000,0.77,3.896103896103896,2026-09-29
711516,0.57,152000,0.5499999999999999,3.6363636363636367,2026-09-29
711517,3.46,204000,4.21,-17.81472684085511,2026-09-29
711524,0.95,3263000,0.7799999999999999,21.7948717948718,2026-09-29
711526,2.45,73000,2.4200000000000004,1.239669421487603,2026-09-29
711527,1.01,5000,1.02,-0.9803921568627451,2026-09-29
711528,1.04,24000,0.97,7.216494845360826,2026-09-29
711530,1.94,6000,1.75,10.857142857142858,2026-09-29
711531,0.44,299000,0.44,0.0,2026-09-29
711532,0.56,366000,0.54,3.7037037037037033,2026-09-29
711533,0.41,207000,0.39999999999999997,2.5,2026-09-29
711534,0.52,14000,0.5900000000000001,-11.864406779661016,2026-09-29
711536,1.25,100000,1.33,-6.015037593984962,2026-09-29
711539,1.11,107000,1.1300000000000001,-1.7699115044247788,2026-09-29
711543,2.31,23000,2.11,9.47867298578199,2026-09-29
711548,1.16,201000,1.1099999999999999,4.504504504504505,2026-09-29
711549,0.63,405000,0.7,-10.000000000000002,2026-09-29
711550,4.05,85000,3.96,2.272727272727273,2026-09-29
711551,1.08,61000,1.1300000000000001,-4.424778761061947,2026-09-29
711552,5.3,7000,4.92,7.723577235772358,2026-09-29
711553,2.04,15000,1.86,9.67741935483871,2026-09-29
711554,1.85,20000,1.81,2.209944751381215,2026-09-29
711556,1.04,12000,1.03,0.9708737864077669,2026-09-29
711558,1.67,2203000,1.75,-4.571428571428571,2026-09-29
711562,1.31,50000,1.22,7.377049180327869,2026-09-29
711563,1.42,48000,1.3199999999999998,7.575757575757577,2026-09-29
711567,1.49,340000,1.29,15.503875968992247,2026-09-29
711568,2.13,85000,1.98,7.575757575757576,2026-09-29
711571,2.7,28000,2.79,-3.225806451612903,2026-09-29
711572,0.41,3000,0.31999999999999995,28.125000000000007,2026-09-29
711573,1.5,1067000,1.49,0.6711409395973155,2026-09-29
711575,0.85,1081000,0.88,-3.4090909090909087,2026-09-29
711576,3.16,5000,2.93,7.849829351535837,2026-09-29
711577,2.07,14000,2.07,0.0,2026-09-29
711580,1.76,8000,1.79,-1.675977653631285,2026-09-29
711581,1.26,93000,1.25,0.8,2026-09-29
711582,0.3,5000,0.31,-3.225806451612903,2026-09-29
711587,0.46,235000,0.5,-8.0,2026-09-29
711591,2.23,36000,2.31,-3.463203463203463,2026-09-29
711596,1.41,6000,1.5999999999999999,-11.875,2026-09-29
711597,0.54,6000,0.54,0.0,2026-09-29
711599,0.53,79000,0.54,-1.8518518518518516,2026-09-29
711601,0.52,551000,0.51,1.9607843137254901,2026-09-29
711602,1.01,10000,1.02,-0.9803921568627451,2026-09-29
711603,0.96,110000,0.96,0.0,2026-09-29
711605,0.45,2000,0.41000000000000003,9.75609756097561,2026-09-29
711606,3.1,175000,2.83,9.540636042402827,2026-09-29
711607,1.5,259000,1.57,-4.4585987261146505,2026-09-29
711609,1.19,81000,1.19,0.0,2026-09-29
711610,2.03,616000,1.9099999999999997,6.2827225130890065,2026-09-29
711611,1.85,6000,2.3600000000000003,-21.610169491525422,2026-09-29
711613,1.72,63000,1.37,25.54744525547445,2026-09-29
711614,1.49,75000,1.3599999999999999,9.558823529411766,2026-09-29
711615,0.74,162000,0.73,1.3698630136986303,2026-09-29
711617,2.82,92000,2.77,1.8050541516245486,2026-09-29
711619,0.76,716000,0.78,-2.564102564102564,2026-09-29
711620,0.51,33000,0.45,13.333333333333334,2026-09-29
711621,1.71,24000,1.48,15.54054054054054,2026-09-29
711622,0.86,22000,0.73,17.808219178082194,2026-09-29
711623,0.7,944000,0.52,34.61538461538461,2026-09-29
711624,1.83,149000,1.9000000000000001,-3.68421052631579,2026-09-29
711625,0.73,330000,0.69,5.797101449275363,2026-09-29
711626,1.59,4000,1.48,7.4324324324324325,2026-09-29
711627,1.54,500000,1.51,1.9867549668874174,2026-09-29
711630,5.15,112000,4.62,11.471861471861471,2026-09-29
711631,3.23,1551000,2.98,8.389261744966444,2026-09-29
711633,4.53,105000,4.53,0.0,2026-09-29
711634,2.83,10000,2.75,2.909090909090909,2026-09-29
711635,1.17,224000,0.9999999999999999,17.000000000000004,2026-09-29
711636,2.98,168000,2.87,3.8327526132404177,2026-09-29
711637,0.6,70000,0.58,3.448275862068966,2026-09-29
711641,1.13,50000,1.17,-3.418803418803419,2026-09-29
711644,1.3,667000,1.22,6.557377049180328,2026-09-29
711645,0.79,44000,0.66,19.696969696969695,2026-09-29
711647,1.03,328000,1.02,0.9803921568627451,2026-09-29
711648,0.47,92000,0.47,0.0,2026-09-29
711651,1.64,188000,1.6099999999999999,1.8633540372670807,2026-09-29
711652,1.27,58000,1.2,5.833333333333334,2026-09-29
711653,1.18,25000,1.24,-4.838709677419355,2026-09-29
711654,0.97,339000,0.9099999999999999,6.593406593406594,2026-09-29
711655,0.95,369000,0.9099999999999999,4.395604395604396,2026-09-29
711656,1.22,641000,1.0899999999999999,11.926605504587158,2026-09-29
711657,1.25,673000,1.13,10.619469026548673,2026-09-29
711661,1.28,566000,1.24,3.225806451612903,2026-09-29
711662,6.0,1000,5.55,8.108108108108109,2026-09-29
711666,0.49,121000,0.4,22.499999999999996,2026-09-29
711667,0.78,100000,0.76,2.631578947368421,2026-09-29
711668,0.84,27000,0.83,1.2048192771084338,2026-09-29
711671,3.44,21000,3.26,5.521472392638037,2026-09-29
711674,1.77,14000,2.21,-19.90950226244344,2026-09-29
711676,2.05,20000,1.9,7.894736842105263,2026-09-29
711679,1.11,703000,1.03,7.766990291262135,2026-09-29
711680,1.21,16000,1.22,-0.819672131147541,2026-09-29
711687,0.8,1970000,0.6100000000000001,31.147540983606554,2026-09-29
711688,0.52,50000,0.49,6.122448979591836,2026-09-29
711689,1.1,5000,1.09,0.9174311926605503,2026-09-29
711691,1.29,218000,1.28,0.78125,2026-09-29
711692,0.67,4000,0.66,1.5151515151515151,2026-09-29
711693,1.42,14000,1.25,13.600000000000001,2026-09-29
711694,0.68,613000,0.53,28.30188679245283,2026-09-29
711695,0.42,892000,0.36,16.666666666666664,2026-09-29
711696,1.18,10000,1.3299999999999998,-11.278195488721805,2026-09-29
711698,1.08,581000,1.06,1.8867924528301887,2026-09-29
711699,1.26,71000,1.22,3.278688524590164,2026-09-29
711700,0.96,138000,0.9199999999999999,4.347826086956522,2026-09-29
711701,1.09,13000,1.1300000000000001,-3.5398230088495577,2026-09-29
711702,1.08,2000,1.29,-16.279069767441857,2026-09-29
711703,1.96,27000,1.95,0.5128205128205128,2026-09-29
711711,1.11,990000,1.2100000000000002,-8.264462809917354,2026-09-29
711712,2.89,225000,2.9,-0.3448275862068966,2026-09-29
711714,1.41,757000,1.24,13.70967741935484,2026-09-29
711715,2.09,19000,2.1399999999999997,-2.3364485981308416,2026-09-29
711716,1.39,54000,1.38,0.7246376811594204,2026-09-29
711718,2.42,380000,2.62,-7.633587786259542,2026-09-29
711719,5.15,61000,6.15,-16.260162601626014,2026-09-29
711723,0.52,213000,0.53,-1.8867924528301887,2026-09-29
711725,1.79,750000,1.6400000000000001,9.146341463414632,2026-09-29
711727,0.72,384000,0.6799999999999999,5.882352941176471,2026-09-29
711730,1.24,106000,1.13,9.734513274336285,2026-09-29
711735,0.95,145000,0.9099999999999999,4.395604395604396,2026-09-29
711737,1.16,2513000,1.0899999999999999,6.422018348623855,2026-09-29
711738,0.41,200000,0.41,0.0,2026-09-29
711740,0.48,148000,0.48,0.0,2026-09-29
711744,0.61,106000,0.71,-14.084507042253522,2026-09-29
711748,0.97,250000,0.8999999999999999,7.7777777777777795,2026-09-29
711750,5.6,173000,6.05,-7.43801652892562,2026-09-29
711751,5.95,30000,5.95,0.0,2026-09-29
711756,2.0,2000,2.07,-3.381642512077295,2026-09-29
711757,1.24,61000,1.13,9.734513274336285,2026-09-29
711764,0.68,10000,0.68,0.0,2026-09-29
711765,0.62,36000,0.65,-4.615384615384615,2026-09-29
711766,0.83,1000,0.7799999999999999,6.4102564102564115,2026-09-29
711767,0.66,44000,0.67,-1.4925373134328357,2026-09-29
711769,4.97,4000,5.25,-5.333333333333334,2026-09-29
711772,0.79,287000,0.74,6.756756756756757,2026-09-29
711774,0.26,100000,0.27,-3.7037037037037033,2026-09-29
711777,1.32,350000,1.23,7.317073170731707,2026-09-29
711782,0.55,49000,0.56,-1.7857142857142856,2026-09-29
711783,2.41,76000,2.1,14.761904761904763,2026-09-29
711784,0.58,11000,0.49,18.367346938775512,2026-09-29
711785,0.32,88000,0.28,14.285714285714285,2026-09-29
711786,1.15,2000,1.46,-21.232876712328768,2026-09-29
711787,2.13,34000,2.19,-2.73972602739726,2026-09-29
711792,0.49,136000,0.53,-7.547169811320755,2026-09-29
711794,1.0,32000,0.95,5.2631578947368425,2026-09-29
711796,0.6,600000,0.63,-4.761904761904762,2026-09-29
711797,0.8,10000,0.8200000000000001,-2.4390243902439024,2026-09-29
711807,1.14,1000,1.13,0.8849557522123895,2026-09-29
711808,0.7,20000,0.7,0.0,2026-09-29
711809,0.53,70000,0.54,-1.8518518518518516,2026-09-29
711810,0.44,5000,0.44,0.0,2026-09-29
711812,0.58,99000,0.6399999999999999,-9.375000000000002,2026-09-29
711813,1.11,346000,0.9600000000000001,15.624999999999996,2026-09-29
711815,1.5,110000,1.61,-6.832298136645962,2026-09-29
711816,1.87,234000,1.9700000000000002,-5.0761421319796955,2026-09-29
711818,0.33,378000,0.33,0.0,2026-09-29
711821,0.4,293000,0.43000000000000005,-6.97674418604651,2026-09-29
711823,0.44,54000,0.41000000000000003,7.317073170731707,2026-09-29
711829,0.88,209000,0.74,18.91891891891892,2026-09-29
711832,1.63,15000,1.5099999999999998,7.9470198675496695,2026-09-29
711833,1.44,497000,1.38,4.3478260869565215,2026-09-29
711834,0.67,6000,0.6900000000000001,-2.8985507246376807,2026-09-29
711836,4.95,2000,3.9000000000000004,26.923076923076923,2026-09-29
711852,0.63,26000,0.6,5.0,2026-09-29
711853,0.51,10000,0.49,4.081632653061225,2026-09-29
711854,0.44,946000,0.42,4.761904761904763,2026-09-29
711855,0.73,586000,0.61,19.672131147540984,2026-09-29
711856,1.53,130000,1.59,-3.7735849056603774,2026-09-29
711857,0.84,573000,0.75,12.0,2026-09-29
711859,1.39,198000,1.3199999999999998,5.303030303030304,2026-09-29
711860,1.47,285000,1.51,-2.6490066225165565,2026-09-29
711861,0.86,10000,0.6699999999999999,28.358208955223883,2026-09-29
711864,1.75,18000,1.96,-10.714285714285714,2026-09-29
711865,0.77,26000,0.78,-1.282051282051282,2026-09-29
711869,1.12,83000,1.1700000000000002,-4.2735042735042725,2026-09-29
711870,1.59,331000,1.26,26.190476190476193,2026-09-29
711871,0.71,38000,0.6399999999999999,10.937500000000004,2026-09-29
711872,1.06,76000,0.99,7.070707070707072,2026-09-29
711873,0.78,844000,0.8300000000000001,-6.024096385542169,2026-09-29
711874,1.78,46000,1.55,14.838709677419354,2026-09-29
711875,0.93,10000,0.9,3.3333333333333335,2026-09-29
711879,0.69,299000,0.73,-5.479452054794521,2026-09-29
711880,3.03,106000,3.21,-5.607476635514018,2026-09-29
711883,3.64,114000,3.33,9.30930930930931,2026-09-29
711887,1.02,50000,1.05,-2.857142857142857,2026-09-29
711888,2.12,94000,1.8,17.77777777777778,2026-09-29
711889,0.73,14000,0.73,0.0,2026-09-29
711890,0.64,3000,0.6,6.666666666666667,2026-09-29
711891,0.87,11000,0.87,0.0,2026-09-29
711892,0.63,21000,0.55,14.545454545454545,2026-09-29
711893,0.76,70000,0.65,16.92307692307692,2026-09-29
711894,0.63,8000,0.66,-4.545454545454545,2026-09-29
711897,0.5,53000,0.53,-5.660377358490566,2026-09-29
711899,1.18,313000,1.13,4.424778761061948,2026-09-29
711900,0.79,160000,0.8500000000000001,-7.058823529411764,2026-09-29
711902,1.01,12000,0.8200000000000001,23.17073170731707,2026-09-29
711903,1.04,98000,0.8600000000000001,20.93023255813953,2026-09-29
711906,1.3,143000,1.22,6.557377049180328,2026-09-29
711907,1.85,219000,1.6300000000000001,13.496932515337424,2026-09-29
711908,0.61,30000,0.52,17.307692307692307,2026-09-29
711909,1.53,2000,1.59,-3.7735849056603774,2026-09-29
711912,1.55,42000,1.59,-2.5157232704402515,2026-09-29
711914,1.49,5000,1.43,4.195804195804196,2026-09-29
711916,2.77,73000,2.79,-0.7168458781362007,2026-09-29
711918,3.66,185000,3.66,0.0,2026-09-29
711920,2.09,29000,1.9999999999999998,4.500000000000001,2026-09-29
711921,0.94,255000,0.9199999999999999,2.173913043478261,2026-09-29
711923,1.85,175000,1.6700000000000002,10.778443113772454,2026-09-29
711925,0.53,1124000,0.45,17.77777777777778,2026-09-29
711927,1.41,27000,1.4,0.7142857142857143,2026-09-29
711929,1.37,177000,1.3800000000000001,-0.7246376811594202,2026-09-29
711930,1.42,17000,1.3699999999999999,3.649635036496351,2026-09-29
711931,1.79,2043000,1.58,13.291139240506327,2026-09-29
711932,0.92,112000,0.8300000000000001,10.843373493975902,2026-09-29
711934,1.33,31000,1.32,0.7575757575757576,2026-09-29
711935,1.09,339000,0.8800000000000001,23.86363636363636,2026-09-29
711936,0.77,10000,0.7,10.000000000000002,2026-09-29
711937,1.73,90000,1.55,11.61290322580645,2026-09-29
711938,0.68,350000,0.63,7.936507936507938,2026-09-29
711940,5.8,5000,4.89,18.609406952965237,2026-09-29
711941,1.97,47000,2.04,-3.431372549019608,2026-09-29
711942,0.85,258000,0.75,13.333333333333334,2026-09-29
711945,1.03,269000,0.92,11.956521739130434,2026-09-29
711947,1.12,642000,1.1300000000000001,-0.8849557522123894,2026-09-29
711949,0.92,20000,0.9600000000000001,-4.166666666666666,2026-09-29
711960,2.58,25000,2.65,-2.6415094339622645,2026-09-29
711967,2.55,567000,2.4499999999999997,4.081632653061225,2026-09-29
711969,0.87,230000,0.91,-4.395604395604395,2026-09-29
711971,2.1,18000,2.11,-0.47393364928909953,2026-09-29
711975,3.94,2000,4.17,-5.5155875299760195,2026-09-29
711976,1.12,306000,0.8700000000000001,28.735632183908045,2026-09-29
711977,0.9,30000,0.86,4.651162790697675,2026-09-29
711979,1.89,48000,1.8399999999999999,2.717391304347826,2026-09-29
711980,1.45,189000,1.42,2.112676056338028,2026-09-29
711981,1.06,35000,1.11,-4.504504504504505,2026-09-29
711982,1.74,95000,1.95,-10.769230769230768,2026-09-29
711984,2.29,14000,2.9,-21.03448275862069,2026-09-29
711986,1.13,660000,1.0799999999999998,4.629629629629631,2026-09-29
711987,1.86,30000,1.84,1.0869565217391304,2026-09-29
711988,2.07,70000,2.07,0.0,2026-09-29
711989,1.28,10000,1.25,2.4,2026-09-29
711994,1.32,307000,1.06,24.528301886792452,2026-09-29
711995,1.12,646000,1.08,3.7037037037037033,2026-09-29
711997,3.25,57000,3.46,-6.069364161849711,2026-09-29
711998,1.25,200000,1.28,-2.34375,2026-09-29
712002,1.95,10000,1.95,0.0,2026-09-29
712003,1.3,185000,1.36,-4.411764705882352,2026-09-29
712007,2.56,183000,2.5100000000000002,1.9920318725099602,2026-09-29
712011,4.6,3000,4.96,-7.258064516129031,2026-09-29
712012,0.66,31000,0.65,1.5384615384615383,2026-09-29
712013,1.06,10000,1.02,3.9215686274509802,2026-09-29
712016,1.6,2000,1.54,3.896103896103896,2026-09-29
712020,2.2,16000,2.1,4.761904761904762,2026-09-29
712021,1.29,12000,1.21,6.6115702479338845,2026-09-29
712022,2.28,17000,1.7199999999999998,32.55813953488373,2026-09-29
712025,1.16,410000,1.16,0.0,2026-09-29
712027,1.52,164000,1.49,2.013422818791946,2026-09-29
712028,1.18,663000,1.15,2.608695652173913,2026-09-29
712029,0.79,720000,0.77,2.5974025974025974,2026-09-29
712030,2.05,106000,1.7299999999999998,18.497109826589597,2026-09-29
712031,1.84,203000,1.6,15.0,2026-09-29
712032,1.89,70000,1.67,13.17365269461078,2026-09-29
712033,1.92,153000,1.7,12.941176470588237,2026-09-29
712034,2.17,14000,2.1999999999999997,-1.3636363636363638,2026-09-29
712035,2.56,5000,2.61,-1.9157088122605366,2026-09-29
712036,1.5,63000,1.52,-1.3157894736842104,2026-09-29
712038,0.95,219000,0.96,-1.0416666666666667,2026-09-29
712039,1.09,445000,1.1400000000000001,-4.385964912280701,2026-09-29
712041,1.5,159000,1.31,14.50381679389313,2026-09-29
712042,1.05,15000,0.9400000000000001,11.702127659574467,2026-09-29
712045,0.9,12000,0.8400000000000001,7.142857142857142,2026-09-29
712046,2.55,48000,2.3699999999999997,7.59493670886076,2026-09-29
712048,1.18,5000,1.17,0.8547008547008548,2026-09-29
712049,0.81,47000,0.8,1.25,2026-09-29
712053,1.29,20000,1.3,-0.7692307692307692,2026-09-29
712054,1.12,152000,1.1300000000000001,-0.8849557522123894,2026-09-29
712055,1.6,95000,1.62,-1.2345679012345678,2026-09-29
712057,7.25,16000,8.75,-17.142857142857142,2026-09-29
712058,2.34,6000,2.42,-3.3057851239669422,2026-09-29
712062,1.97,3000,2.01,-1.9900497512437814,2026-09-29
712063,0.71,181000,0.76,-6.578947368421052,2026-09-29
712064,0.62,263000,0.64,-3.125,2026-09-29
712066,5.0,2000,5.05,-0.9900990099009901,2026-09-29
712067,2.54,15000,2.81,-9.608540925266905,2026-09-29
712068,3.49,93000,3.27,6.727828746177369,2026-09-29
712072,1.63,60000,1.66,-1.8072289156626504,2026-09-29
712073,2.32,192000,1.9999999999999998,16.000000000000004,2026-09-29
712075,0.85,107000,0.72,18.055555555555557,2026-09-29
712076,1.78,269000,1.67,6.58682634730539,2026-09-29
712077,1.26,229000,1.16,8.620689655172415,2026-09-29
712080,0.84,111000,0.77,9.090909090909092,2026-09-29
712083,2.61,184000,2.33,12.01716738197425,2026-09-29
712084,3.56,10000,3.38,5.325443786982249,2026-09-29
712085,2.02,444000,2.07,-2.415458937198068,2026-09-29
712086,1.53,234000,1.33,15.037593984962406,2026-09-29
712087,2.1,77000,1.7400000000000002,20.68965517241379,2026-09-29
712088,2.35,358000,1.98,18.68686868686869,2026-09-29
712089,1.98,159000,1.74,13.793103448275861,2026-09-29
712094,2.79,79000,2.44,14.344262295081966,2026-09-29
712095,1.75,69000,1.76,-0.5681818181818182,2026-09-29
712103,3.57,194000,3.69,-3.2520325203252027,2026-09-29
712104,1.54,136000,1.48,4.054054054054054,2026-09-29
712108,1.34,191000,1.23,8.94308943089431,2026-09-29
712109,0.9,99000,0.89,1.1235955056179776,2026-09-29
712112,1.15,50000,1.0999999999999999,4.545454545454546,2026-09-29
712113,0.89,229000,0.74,20.27027027027027,2026-09-29
712114,0.8,326000,0.6900000000000001,15.942028985507244,2026-09-29
712116,0.82,249000,0.7699999999999999,6.493506493506494,2026-09-29
712117,0.84,129000,0.76,10.526315789473683,2026-09-29
712118,1.1,102000,1.11,-0.9009009009009009,2026-09-29
712119,0.9,59000,0.8300000000000001,8.433734939759036,2026-09-29
712120,1.05,30000,0.8700000000000001,20.68965517241379,2026-09-29
712122,0.74,20000,0.7,5.714285714285714,2026-09-29
712126,1.93,2000,1.8299999999999998,5.464480874316941,2026-09-29
712130,1.45,1000,1.22,18.852459016393443,2026-09-29
712131,2.41,114000,1.9800000000000002,21.717171717171716,2026-09-29
712133,1.61,118000,1.55,3.8709677419354835,2026-09-29
712134,1.55,374000,1.1600000000000001,33.620689655172406,2026-09-29
712136,3.02,20000,2.68,12.686567164179104,2026-09-29
712138,0.74,48000,0.75,-1.3333333333333335,2026-09-29
712139,2.17,30000,2.33,-6.866952789699571,2026-09-29
712141,1.43,44000,1.2,19.166666666666668,2026-09-29
712142,1.3,101000,1.27,2.3622047244094486,2026-09-29
712144,1.09,88000,1.08,0.9259259259259258,2026-09-29
712148,2.88,25000,2.9099999999999997,-1.0309278350515465,2026-09-29
712151,1.18,145000,1.23,-4.065040650406504,2026-09-29
712152,2.61,110000,2.1999999999999997,18.636363636363637,2026-09-29
712153,2.98,767000,2.75,8.363636363636363,2026-09-29
712154,1.43,187000,1.44,-0.6944444444444445,2026-09-29
712155,3.49,20000,3.49,0.0,2026-09-29
712156,1.3,52000,1.56,-16.666666666666664,2026-09-29
712157,3.94,33000,3.96,-0.5050505050505051,2026-09-29
712159,8.45,6000,9.75,-13.333333333333334,2026-09-29
712160,2.32,279000,2.27,2.2026431718061676,2026-09-29
712161,1.08,117000,1.08,0.0,2026-09-29
712162,1.85,2000,1.4300000000000002,29.370629370629363,2026-09-29
712165,7.6,6000,9.0,-15.555555555555555,2026-09-29
712167,1.2,168000,1.3399999999999999,-10.447761194029853,2026-09-29
712168,1.08,54000,1.1600000000000001,-6.896551724137931,2026-09-29
712171,0.52,1000,0.54,-3.7037037037037033,2026-09-29
712172,0.81,24000,1.03,-21.35922330097087,2026-09-29
712174,2.02,95000,1.93,4.66321243523316,2026-09-29
712175,1.97,82000,1.94,1.5463917525773196,2026-09-29
712181,0.93,499000,0.8600000000000001,8.139534883720929,2026-09-29
712182,1.08,530000,0.9800000000000001,10.204081632653061,2026-09-29
712183,1.31,113000,1.1600000000000001,12.93103448275862,2026-09-29
712184,1.44,63000,1.43,0.6993006993006994,2026-09-29
712187,1.32,485000,0.99,33.333333333333336,2026-09-29
712189,1.19,39000,1.16,2.586206896551724,2026-09-29
712190,2.1,24000,1.83,14.754098360655737,2026-09-29
712192,0.93,40000,0.9400000000000001,-1.0638297872340425,2026-09-29
712195,1.65,42000,1.6099999999999999,2.4844720496894412,2026-09-29
712197,2.2,291000,1.6300000000000003,34.96932515337423,2026-09-29
712198,2.53,42000,1.96,29.081632653061224,2026-09-29
712199,2.0,250000,1.62,23.456790123456788,2026-09-29
712200,2.3,1835000,1.92,19.791666666666668,2026-09-29
712201,0.8,180000,0.75,6.666666666666667,2026-09-29
712202,1.2,46000,0.96,25.0,2026-09-29
712203,2.21,169000,1.71,29.239766081871345,2026-09-29
712205,0.92,152000,0.9600000000000001,-4.166666666666666,2026-09-29
712206,1.38,163000,1.7799999999999998,-22.471910112359556,2026-09-29
712208,0.72,55000,0.54,33.33333333333333,2026-09-29
712209,1.7,78000,1.3699999999999999,24.087591240875916,2026-09-29
712210,0.58,9000,0.6,-3.3333333333333335,2026-09-29
712211,1.85,25000,1.84,0.5434782608695652,2026-09-29
712212,1.06,111000,0.99,7.070707070707072,2026-09-29
712214,0.94,2000,0.95,-1.0526315789473686,2026-09-29
712218,1.29,513000,0.98,31.63265306122449,2026-09-29
712220,1.76,320000,1.52,15.789473684210526,2026-09-29
712228,3.34,5000,3.2199999999999998,3.7267080745341614,2026-09-29
712230,0.85,65000,0.87,-2.2988505747126435,2026-09-29
712232,0.9,6000,0.89,1.1235955056179776,2026-09-29
712234,0.98,232000,0.82,19.51219512195122,2026-09-29
712235,1.1,5000,0.9100000000000001,20.879120879120876,2026-09-29
712236,0.9,85000,0.86,4.651162790697675,2026-09-29
712239,1.87,160000,1.79,4.4692737430167595,2026-09-29
712241,0.89,394000,0.81,9.876543209876543,2026-09-29
712243,0.93,406000,0.9800000000000001,-5.1020408163265305,2026-09-29
712245,0.81,12000,0.8,1.25,2026-09-29
712246,1.3,20000,1.3800000000000001,-5.797101449275361,2026-09-29
712249,1.18,43000,1.13,4.424778761061948,2026-09-29
712251,1.41,176000,1.18,19.491525423728813,2026-09-29
712252,1.9,335000,1.5799999999999998,20.253164556962027,2026-09-29
712253,3.53,2000,3.6599999999999997,-3.5519125683060113,2026-09-29
712255,4.22,19000,4.67,-9.635974304068522,2026-09-29
712257,0.78,270000,0.72,8.333333333333332,2026-09-29
712258,1.24,214000,1.2,3.3333333333333335,2026-09-29
712260,0.66,2502000,0.68,-2.941176470588235,2026-09-29
712261,0.66,2495000,0.68,-2.941176470588235,2026-09-29
712265,1.18,1900000,0.8699999999999999,35.63218390804598,2026-09-29
712266,0.98,412000,0.85,15.294117647058824,2026-09-29
712267,0.78,114000,0.67,16.417910447761194,2026-09-29
712268,0.72,751000,0.64,12.5,2026-09-29
712270,0.94,75000,0.84,11.904761904761905,2026-09-29
712271,1.06,483000,0.9,17.77777777777778,2026-09-29
712272,1.97,643000,2.05,-3.9024390243902447,2026-09-29
712273,1.85,56000,1.9500000000000002,-5.128205128205128,2026-09-29
712274,1.79,517000,1.34,33.582089552238806,2026-09-29
712277,0.95,50000,0.76,25.0,2026-09-29
712280,2.33,500000,2.18,6.880733944954128,2026-09-29
712281,1.83,158000,1.74,5.172413793103448,2026-09-29
712284,1.48,789000,1.3699999999999999,8.029197080291972,2026-09-29
712286,0.9,66000,0.8300000000000001,8.433734939759036,2026-09-29
712291,3.06,60000,3.58,-14.52513966480447,2026-09-29
712295,1.14,177000,0.9899999999999999,15.151515151515152,2026-09-29
712296,0.65,170000,0.5800000000000001,12.068965517241379,2026-09-29
712297,0.65,620000,0.62,4.838709677419355,2026-09-29
712298,1.13,97000,1.17,-3.418803418803419,2026-09-29
712299,0.99,1000,0.95,4.210526315789474,2026-09-29
712300,3.29,10000,2.64,24.62121212121212,2026-09-29
712301,1.02,341000,1.01,0.9900990099009901,2026-09-29
712303,0.9,536000,0.8400000000000001,7.142857142857142,2026-09-29
712305,0.92,73000,0.8,15.0,2026-09-29
712306,1.1,126000,1.1700000000000002,-5.982905982905982,2026-09-29
712307,1.14,92000,1.24,-8.06451612903226,2026-09-29
712308,1.23,50000,1.25,-1.6,2026-09-29
712309,1.38,65000,1.38,0.0,2026-09-29
712310,1.9,9000,1.8599999999999999,2.1505376344086025,2026-09-29
712312,1.89,157000,1.75,8.0,2026-09-29
712313,1.48,155000,1.21,22.314049586776864,2026-09-29
712314,0.57,350000,0.51,11.76470588235294,2026-09-29
712315,1.08,43000,1.03,4.854368932038835,2026-09-29
712316,0.45,15000,0.47000000000000003,-4.25531914893617,2026-09-29
712317,0.66,38000,0.7000000000000001,-5.714285714285714,2026-09-29
712318,0.86,276000,0.86,0.0,2026-09-29
712319,2.18,485000,2.41,-9.54356846473029,2026-09-29
712320,1.14,389000,1.1199999999999999,1.785714285714286,2026-09-29
712321,0.81,218000,0.8200000000000001,-1.2195121951219512,2026-09-29
712325,0.73,10000,0.74,-1.3513513513513513,2026-09-29
712326,1.03,297000,1.03,0.0,2026-09-29
712328,1.24,177000,1.2,3.3333333333333335,2026-09-29
712329,2.14,28000,2.21,-3.1674208144796387,2026-09-29
712331,1.4,43000,1.45,-3.4482758620689653,2026-09-29
712332,0.45,6000,0.48,-6.25,2026-09-29
712336,1.19,80000,1.01,17.82178217821782,2026-09-29
712337,0.57,17000,0.5299999999999999,7.547169811320756,2026-09-29
712338,1.52,3000,1.51,0.6622516556291391,2026-09-29
712341,1.41,138000,1.15,22.608695652173914,2026-09-29
712342,1.49,40000,1.3,14.615384615384617,2026-09-29
712345,1.12,99000,1.0,12.0,2026-09-29
712346,1.45,113000,1.16,25.0,2026-09-29
712347,2.93,57000,2.5900000000000003,13.127413127413126,2026-09-29
712348,0.61,59000,0.65,-6.153846153846153,2026-09-29
712349,2.45,530000,2.43,0.8230452674897119,2026-09-29
712350,0.96,10000,0.96,0.0,2026-09-29
712352,1.36,29000,1.31,3.816793893129771,2026-09-29
712353,0.96,120000,0.86,11.627906976744187,2026-09-29
712354,2.08,53000,1.6600000000000001,25.301204819277107,2026-09-29
712356,1.58,18000,1.6400000000000001,-3.6585365853658534,2026-09-29
712357,1.19,34000,1.03,15.53398058252427,2026-09-29
712358,0.72,20000,0.74,-2.7027027027027026,2026-09-29
712359,0.48,158000,0.44999999999999996,6.666666666666667,2026-09-29
712360,1.78,6000,1.85,-3.783783783783784,2026-09-29
712361,1.29,46000,1.7,-24.11764705882353,2026-09-29
712363,0.82,2000,0.6499999999999999,26.15384615384616,2026-09-29
712365,1.4,6000,1.3499999999999999,3.703703703703704,2026-09-29
712366,1.35,400000,1.26,7.142857142857142,2026-09-29
712369,0.65,28000,0.64,1.5625,2026-09-29
712370,2.1,106000,2.2800000000000002,-7.894736842105261,2026-09-29
712371,1.05,67000,1.1300000000000001,-7.079646017699115,2026-09-29
712374,2.21,440000,2.2,0.45454545454545453,2026-09-29
712380,0.42,499000,0.33999999999999997,23.529411764705884,2026-09-29
712381,1.22,640000,1.16,5.172413793103448,2026-09-29
712383,1.07,11000,1.05,1.9047619047619047,2026-09-29
712384,0.79,92000,0.8,-1.25,2026-09-29
712386,1.22,1369000,1.26,-3.1746031746031744,2026-09-29
712387,0.9,4000,0.96,-6.25,2026-09-29
712390,1.7,71000,1.7,0.0,2026-09-29
712391,1.87,21000,1.58,18.354430379746834,2026-09-29
712392,1.4,60000,1.14,22.80701754385965,2026-09-29
712394,1.19,60000,1.2,-0.8333333333333334,2026-09-29
712397,1.58,179000,1.46,8.21917808219178,2026-09-29
712398,1.22,85000,1.17,4.273504273504274,2026-09-29
712406,1.15,141000,1.22,-5.7377049180327875,2026-09-29
712409,3.1,6000,3.66,-15.300546448087433,2026-09-29
712411,0.92,122000,0.8200000000000001,12.195121951219512,2026-09-29
712414,1.34,46000,1.11,20.72072072072072,2026-09-29
712415,0.78,302000,0.71,9.859154929577466,2026-09-29
712416,0.69,30000,0.59,16.949152542372882,2026-09-29
712421,1.98,243000,2.32,-14.655172413793105,2026-09-29
712424,0.83,678000,0.73,13.698630136986303,2026-09-29
712425,2.09,92000,2.13,-1.8779342723004695,2026-09-29
712426,0.48,62000,0.48,0.0,2026-09-29
712427,0.52,50000,0.53,-1.8867924528301887,2026-09-29
712428,0.51,50000,0.52,-1.9230769230769231,2026-09-29
712429,1.34,288000,1.61,-16.77018633540373,2026-09-29
712430,1.29,65000,1.22,5.7377049180327875,2026-09-29
712433,0.7,81000,0.7,0.0,2026-09-29
712436,0.73,1000,0.72,1.388888888888889,2026-09-29
712437,2.54,211000,3.0,-15.333333333333336,2026-09-29
712438,1.67,20000,1.63,2.4539877300613497,2026-09-29
712439,1.71,22000,1.76,-2.8409090909090913,2026-09-29
712440,0.59,41000,0.61,-3.278688524590164,2026-09-29
712441,1.27,38000,1.31,-3.0534351145038165,2026-09-29
712443,0.48,78000,0.5,-4.0,2026-09-29
712444,0.48,159000,0.47,2.1276595744680855,2026-09-29
712445,0.4,284000,0.41000000000000003,-2.4390243902439024,2026-09-29
712446,1.06,1000,1.09,-2.7522935779816513,2026-09-29
712447,0.79,1688000,0.8400000000000001,-5.952380952380952,2026-09-29
712448,0.47,376000,0.48,-2.0833333333333335,2026-09-29
712449,0.76,1000,0.77,-1.2987012987012987,2026-09-29
712451,1.18,345000,1.29,-8.527131782945736,2026-09-29
712452,2.31,510000,1.77,30.508474576271187,2026-09-29
712454,3.49,1000,3.5300000000000002,-1.1331444759206797,2026-09-29
712455,1.8,13000,1.71,5.263157894736842,2026-09-29
712456,0.67,22000,0.62,8.06451612903226,2026-09-29
712457,3.85,2000,3.74,2.941176470588235,2026-09-29
712458,2.48,31000,2.68,-7.462686567164178,2026-09-29
712461,1.48,59000,1.24,19.35483870967742,2026-09-29
712463,0.99,119000,0.86,15.116279069767444,2026-09-29
712464,1.27,606000,1.12,13.392857142857142,2026-09-29
712467,1.65,75000,1.69,-2.366863905325444,2026-09-29
712469,1.39,10000,1.2799999999999998,8.593750000000002,2026-09-29
712474,1.01,610000,0.94,7.446808510638299,2026-09-29
712477,1.85,13000,1.7200000000000002,7.55813953488372,2026-09-29
712481,1.66,28000,1.68,-1.1904761904761907,2026-09-29
712482,1.17,196000,1.27,-7.874015748031496,2026-09-29
712483,1.1,17000,1.05,4.761904761904762,2026-09-29
712484,1.05,66000,1.08,-2.7777777777777777,2026-09-29
712485,1.13,371000,1.15,-1.7391304347826086,2026-09-29
712486,1.01,30000,1.02,-0.9803921568627451,2026-09-29
712489,0.33,906000,0.33,0.0,2026-09-29
712490,1.8,392000,1.77,1.694915254237288,2026-09-29
712491,1.57,300000,1.62,-3.0864197530864197,2026-09-29
712492,2.42,70000,2.41,0.4149377593360996,2026-09-29
712493,2.72,14000,2.66,2.2556390977443606,2026-09-29
712494,1.38,796000,1.3699999999999999,0.7299270072992702,2026-09-29
712495,1.81,185000,1.84,-1.6304347826086956,2026-09-29
712496,0.62,20000,0.62,0.0,2026-09-29
712497,0.84,345000,0.6699999999999999,25.373134328358216,2026-09-29
712498,0.46,263000,0.48000000000000004,-4.166666666666666,2026-09-29
712501,1.04,678000,1.1,-5.454545454545453,2026-09-29
712502,1.03,58000,1.08,-4.62962962962963,2026-09-29
712503,2.12,180000,2.41,-12.033195020746886,2026-09-29
712506,3.91,3000,3.89,0.5141388174807198,2026-09-29
712508,2.12,40000,2.33,-9.012875536480685,2026-09-29
712512,1.03,258000,0.88,17.045454545454543,2026-09-29
712514,0.61,48000,0.62,-1.6129032258064515,2026-09-29
712516,0.66,628000,0.6000000000000001,9.999999999999998,2026-09-29
712517,1.42,84000,1.47,-3.4013605442176873,2026-09-29
712518,2.44,69000,2.43,0.4115226337448559,2026-09-29
712522,3.34,624000,3.44,-2.906976744186047,2026-09-29
712523,1.43,479000,1.3699999999999999,4.37956204379562,2026-09-29
712525,3.53,35000,4.13,-14.527845036319611,2026-09-29
712527,0.56,774000,0.53,5.660377358490566,2026-09-29
712528,0.64,1783000,0.6,6.666666666666667,2026-09-29
712529,0.66,22000,0.6900000000000001,-4.347826086956521,2026-09-29
712530,2.17,25000,1.75,24.0,2026-09-29
712532,2.03,196000,1.67,21.55688622754491,2026-09-29
712533,1.19,50000,1.19,0.0,2026-09-29
712534,3.57,284000,2.8099999999999996,27.046263345195733,2026-09-29
712535,1.79,645000,1.67,7.18562874251497,2026-09-29
712538,2.1,399000,1.85,13.513513513513512,2026-09-29
712539,2.38,1826000,2.5,-4.8,2026-09-29
712540,3.25,210000,3.43,-5.247813411078717,2026-09-29
712543,1.55,10000,1.52,1.9736842105263157,2026-09-29
712545,1.78,307000,1.67,6.58682634730539,2026-09-29
712547,0.45,147000,0.47000000000000003,-4.25531914893617,2026-09-29
712548,0.93,504000,0.8600000000000001,8.139534883720929,2026-09-29
712549,1.49,148000,1.42,4.929577464788733,2026-09-29
712550,1.19,71000,1.13,5.3097345132743365,2026-09-29
712551,3.82,51000,3.78,1.0582010582010584,2026-09-29
712552,0.82,556000,0.7899999999999999,3.79746835443038,2026-09-29
712553,0.8,215000,0.63,26.984126984126988,2026-09-29
712555,2.05,620000,2.3499999999999996,-12.765957446808512,2026-09-29
712556,1.8,30000,2.05,-12.195121951219514,2026-09-29
712558,1.98,357000,2.32,-14.655172413793105,2026-09-29
712560,1.18,2539000,1.1199999999999999,5.357142857142858,2026-09-29
712561,0.92,128000,0.8500000000000001,8.235294117647058,2026-09-29
712562,0.94,223000,1.0,-6.0,2026-09-29
712563,0.81,5000,0.8500000000000001,-4.705882352941177,2026-09-29
712565,0.86,784000,0.88,-2.272727272727273,2026-09-29
712566,1.1,41000,1.1400000000000001,-3.508771929824561,2026-09-29
712567,1.35,505000,1.27,6.299212598425196,2026-09-29
712568,2.94,12000,2.92,0.6849315068493151,2026-09-29
712570,3.12,32000,3.42,-8.771929824561402,2026-09-29
712571,0.72,42000,0.73,-1.3698630136986303,2026-09-29
712572,2.63,1323000,2.71,-2.9520295202952034,2026-09-29
712573,2.91,134000,3.04,-4.276315789473684,2026-09-29
712574,3.04,80000,3.18,-4.402515723270441,2026-09-29
712575,3.32,7000,3.46,-4.046242774566474,2026-09-29
712577,0.76,132000,0.74,2.7027027027027026,2026-09-29
712579,1.2,25000,1.03,16.50485436893204,2026-09-29
712581,1.33,17000,1.34,-0.7462686567164178,2026-09-29
712582,2.69,3000,2.2399999999999998,20.08928571428572,2026-09-29
712586,1.96,229000,2.07,-5.314009661835749,2026-09-29
712587,1.85,28000,1.9500000000000002,-5.128205128205128,2026-09-29
712588,1.97,103000,2.08,-5.288461538461538,2026-09-29
712589,1.95,5000,1.99,-2.0100502512562812,2026-09-29
712591,1.75,93000,1.53,14.37908496732026,2026-09-29
712595,0.84,139000,0.77,9.090909090909092,2026-09-29
712597,2.57,6000,2.52,1.9841269841269844,2026-09-29
712598,1.38,169000,1.42,-2.8169014084507045,2026-09-29
712599,1.65,167000,1.76,-6.25,2026-09-29
712600,2.02,40000,2.1,-3.8095238095238093,2026-09-29
712601,0.93,64000,0.81,14.814814814814813,2026-09-29
712602,0.83,3000,0.86,-3.488372093023256,2026-09-29
712605,1.23,29000,1.25,-1.6,2026-09-29
712606,1.56,410000,1.46,6.849315068493151,2026-09-29
712608,2.17,47000,1.99,9.045226130653267,2026-09-29
712609,1.89,54000,1.77,6.779661016949152,2026-09-29
712610,1.76,68000,1.72,2.3255813953488373,2026-09-29
712611,2.18,41000,2.0300000000000002,7.389162561576354,2026-09-29
712612,2.62,15000,2.5100000000000002,4.382470119521912,2026-09-29
712613,2.91,31000,2.74,6.204379562043796,2026-09-29
712614,1.57,10000,1.6800000000000002,-6.547619047619047,2026-09-29
712615,1.25,15000,1.31,-4.580152671755725,2026-09-29
712618,1.13,8000,1.17,-3.418803418803419,2026-09-29
712620,0.8,153000,0.73,9.589041095890412,2026-09-29
712621,0.52,26000,0.52,0.0,2026-09-29
712622,2.56,40000,2.63,-2.661596958174905,2026-09-29
712623,3.2,5000,3.3400000000000003,-4.191616766467066,2026-09-29
712626,1.5,9000,1.48,1.3513513513513513,2026-09-29
712628,2.21,193000,2.13,3.755868544600939,2026-09-29
712629,0.75,41000,0.78,-3.846153846153846,2026-09-29
712631,2.64,20000,2.29,15.283842794759824,2026-09-29
712632,5.65,1000,4.45,26.96629213483146,2026-09-29
712633,1.9,56000,1.93,-1.5544041450777202,2026-09-29
712634,0.63,192000,0.66,-4.545454545454545,2026-09-29
712637,3.9,21000,4.13,-5.5690072639225185,2026-09-29
712638,2.5,100000,2.38,5.042016806722689,2026-09-29
712641,3.23,7000,3.33,-3.003003003003003,2026-09-29
712642,2.05,321000,2.38,-13.865546218487395,2026-09-29
712643,1.12,28000,1.04,7.6923076923076925,2026-09-29
712644,1.38,40000,1.19,15.96638655462185,2026-09-29
712647,2.03,92000,1.9799999999999998,2.5252525252525255,2026-09-29
712649,0.54,205000,0.54,0.0,2026-09-29
712650,0.43,463000,0.43,0.0,2026-09-29
712651,0.65,177000,0.71,-8.450704225352112,2026-09-29
712653,3.13,23000,2.75,13.818181818181818,2026-09-29
712654,1.76,282000,1.52,15.789473684210526,2026-09-29
712655,0.37,103000,0.36,2.777777777777778,2026-09-29
712656,0.78,957000,0.73,6.849315068493151,2026-09-29
712657,0.57,152000,0.57,0.0,2026-09-29
712658,0.99,185000,1.02,-2.941176470588235,2026-09-29
712659,1.32,418000,1.37,-3.64963503649635,2026-09-29
712660,1.17,121000,1.22,-4.0983606557377055,2026-09-29
712662,0.97,282000,0.86,12.790697674418606,2026-09-29
712664,1.08,45000,1.08,0.0,2026-09-29
712667,1.42,60000,1.16,22.413793103448278,2026-09-29
712668,1.0,1494000,0.9299999999999999,7.526881720430109,2026-09-29
712669,1.44,56000,1.27,13.385826771653544,2026-09-29
712671,1.52,187000,1.45,4.8275862068965525,2026-09-29
712675,3.35,20000,3.73,-10.187667560321715,2026-09-29
712677,1.23,172000,0.94,30.851063829787233,2026-09-29
712683,0.85,269000,0.9,-5.555555555555556,2026-09-29
712684,0.52,796000,0.54,-3.7037037037037033,2026-09-29
712685,0.65,430000,0.6900000000000001,-5.797101449275361,2026-09-29
712687,0.6,388000,0.61,-1.639344262295082,2026-09-29
712689,1.1,122000,1.06,3.7735849056603774,2026-09-29
712690,1.1,553000,1.04,5.769230769230769,2026-09-29
712691,1.11,801000,1.1,0.9090909090909091,2026-09-29
712692,0.85,26000,0.86,-1.1627906976744187,2026-09-29
712693,0.38,54000,0.41000000000000003,-7.317073170731707,2026-09-29
712694,0.6,150000,0.63,-4.761904761904762,2026-09-29
712695,1.02,123000,1.1,-7.2727272727272725,2026-09-29
712696,1.65,28000,1.5899999999999999,3.7735849056603774,2026-09-29
712700,0.82,24000,0.8799999999999999,-6.818181818181819,2026-09-29
712701,1.21,39000,1.29,-6.2015503875969,2026-09-29
712702,0.88,467000,0.83,6.024096385542169,2026-09-29
712704,0.97,199000,0.8099999999999999,19.75308641975309,2026-09-29
712707,1.33,112000,1.28,3.90625,2026-09-29
712708,0.85,438000,0.7999999999999999,6.250000000000002,2026-09-29
712710,0.54,10000,0.5700000000000001,-5.263157894736841,2026-09-29
712711,1.36,485000,1.23,10.569105691056912,2026-09-29
712712,1.54,257000,1.67,-7.784431137724551,2026-09-29
712713,2.4,340000,2.33,3.0042918454935625,2026-09-29
712714,0.67,10000,0.62,8.06451612903226,2026-09-29
712715,1.29,75000,0.97,32.98969072164948,2026-09-29
712716,0.95,207000,0.96,-1.0416666666666667,2026-09-29
712717,0.45,20000,0.54,-16.666666666666664,2026-09-29
712718,0.36,10000,0.35,2.857142857142857,2026-09-29
712719,2.24,88000,2.2600000000000002,-0.8849557522123894,2026-09-29
712720,0.86,60000,0.88,-2.272727272727273,2026-09-29
712721,0.58,127000,0.6,-3.3333333333333335,2026-09-29
712724,0.6,58000,0.61,-1.639344262295082,2026-09-29
712726,0.7,154000,0.6799999999999999,2.9411764705882355,2026-09-29
712728,2.31,2000,2.49,-7.228915662650602,2026-09-29
712729,2.18,141000,2.37,-8.0168776371308,2026-09-29
712731,0.83,31000,0.9299999999999999,-10.752688172043012,2026-09-29
712732,1.22,7000,1.27,-3.937007874015748,2026-09-29
712734,0.95,108000,0.84,13.095238095238097,2026-09-29
712737,1.42,200000,1.2999999999999998,9.230769230769232,2026-09-29
712743,1.14,787000,1.0899999999999999,4.587155963302753,2026-09-29
712744,1.18,13000,1.16,1.724137931034483,2026-09-29
712745,2.28,294000,2.13,7.042253521126761,2026-09-29
712746,2.79,142000,2.02,38.11881188118812,2026-09-29
712748,1.48,566000,1.29,14.728682170542633,2026-09-29
712752,2.28,173000,2.4299999999999997,-6.17283950617284,2026-09-29
712753,3.5,258000,3.68,-4.891304347826086,2026-09-29
712754,0.9,76000,0.9500000000000001,-5.263157894736842,2026-09-29
712755,0.55,64000,0.47000000000000003,17.02127659574468,2026-09-29
712756,2.76,44000,2.5999999999999996,6.153846153846155,2026-09-29
712758,0.66,64000,0.67,-1.4925373134328357,2026-09-29
712759,3.22,30000,4.0200000000000005,-19.90049751243781,2026-09-29
712760,2.1,105000,2.0300000000000002,3.4482758620689653,2026-09-29
712762,0.81,25000,0.7200000000000001,12.499999999999998,2026-09-29
712763,2.42,179000,2.28,6.140350877192984,2026-09-29
712768,0.8,1000,0.8500000000000001,-5.88235294117647,2026-09-29
712770,1.66,50000,1.8599999999999999,-10.752688172043012,2026-09-29
712772,0.38,217000,0.41000000000000003,-7.317073170731707,2026-09-29
712773,0.52,1001000,0.45,15.555555555555555,2026-09-29
712774,0.72,766000,0.6499999999999999,10.769230769230772,2026-09-29
712775,0.45,5000,0.4,12.5,2026-09-29
712776,0.9,815000,0.8300000000000001,8.433734939759036,2026-09-29
712777,0.86,360000,0.88,-2.272727272727273,2026-09-29
712778,0.71,246000,0.6599999999999999,7.575757575757577,2026-09-29
712779,0.83,82000,0.8099999999999999,2.469135802469136,2026-09-29
712780,0.83,1000,0.7799999999999999,6.4102564102564115,2026-09-29
712783,1.18,168000,1.2,-1.6666666666666667,2026-09-29
712786,0.46,20000,0.48000000000000004,-4.166666666666666,2026-09-29
712787,0.77,8000,0.81,-4.938271604938271,2026-09-29
712788,0.77,39000,0.76,1.3157894736842104,2026-09-29
712792,1.06,1250000,0.92,15.217391304347828,2026-09-29
712795,0.96,1035000,0.97,-1.0309278350515463,2026-09-29
712796,0.69,380000,0.6399999999999999,7.812500000000002,2026-09-29
712797,2.87,1000,3.02,-4.966887417218543,2026-09-29
712798,0.86,477000,0.89,-3.3707865168539324,2026-09-29
712799,2.73,87000,2.14,27.570093457943923,2026-09-29
712800,2.45,42000,1.9000000000000001,28.947368421052634,2026-09-29
712802,1.17,280000,1.2999999999999998,-10.000000000000002,2026-09-29
712803,1.21,32000,1.22,-0.819672131147541,2026-09-29
712804,0.98,81000,0.9,8.88888888888889,2026-09-29
712809,0.64,680000,0.6,6.666666666666667,2026-09-29
712810,0.93,775000,0.93,0.0,2026-09-29
712812,0.82,381000,0.86,-4.651162790697675,2026-09-29
712813,0.78,230000,0.68,14.705882352941178,2026-09-29
712814,1.51,29000,1.41,7.092198581560284,2026-09-29
712818,2.48,384000,1.9100000000000001,29.842931937172768,2026-09-29
712819,1.56,613000,1.1500000000000001,35.65217391304347,2026-09-29
712820,1.89,2000,1.45,30.344827586206897,2026-09-29
712821,0.57,107000,0.58,-1.724137931034483,2026-09-29
712822,1.73,230000,1.54,12.337662337662337,2026-09-29
712827,1.85,267000,2.23,-17.040358744394617,2026-09-29
712828,1.33,725000,1.04,27.88461538461538,2026-09-29
712829,1.3,562000,0.99,31.313131313131315,2026-09-29
712830,1.23,349000,0.94,30.851063829787233,2026-09-29
712831,1.26,85000,1.04,21.153846153846153,2026-09-29
712832,1.18,234000,0.96,22.916666666666668,2026-09-29
712833,1.11,449000,1.1400000000000001,-2.6315789473684204,2026-09-29
712834,0.79,621000,0.7100000000000001,11.267605633802816,2026-09-29
712835,1.55,18000,1.5,3.3333333333333335,2026-09-29
712836,1.23,65000,1.15,6.956521739130435,2026-09-29
712838,1.67,11000,1.21,38.01652892561984,2026-09-29
712839,1.25,12000,1.0,25.0,2026-09-29
712841,0.78,2000,0.78,0.0,2026-09-29
712843,1.69,42000,1.56,8.333333333333332,2026-09-29
712844,1.83,26000,1.59,15.09433962264151,2026-09-29
712848,0.99,1989000,0.86,15.116279069767444,2026-09-29
712850,1.04,181000,1.02,1.9607843137254901,2026-09-29
712851,1.25,32000,1.21,3.3057851239669422,2026-09-29
712852,2.26,10000,2.34,-3.418803418803419,2026-09-29
712854,1.14,28000,1.1199999999999999,1.785714285714286,2026-09-29
712856,0.76,115000,0.59,28.8135593220339,2026-09-29
712858,2.49,17000,2.04,22.058823529411764,2026-09-29
712859,2.56,58000,2.2600000000000002,13.27433628318584,2026-09-29
712860,1.04,20000,0.99,5.050505050505051,2026-09-29
712861,1.21,20000,1.16,4.310344827586207,2026-09-29
712863,1.88,80000,1.8299999999999998,2.7322404371584703,2026-09-29
712865,2.56,28000,2.5500000000000003,0.39215686274509803,2026-09-29
712867,0.56,234000,0.6000000000000001,-6.666666666666665,2026-09-29
712869,1.22,108000,1.1199999999999999,8.92857142857143,2026-09-29
712870,2.08,3000,2.08,0.0,2026-09-29
712871,2.13,97000,2.26,-5.7522123893805315,2026-09-29
712872,1.95,216000,1.81,7.734806629834255,2026-09-29
712873,4.35,10000,4.56,-4.605263157894737,2026-09-29
712874,1.57,127000,1.5,4.666666666666667,2026-09-29
712877,1.06,1123000,0.9800000000000001,8.16326530612245,2026-09-29
712879,1.14,518000,0.8699999999999999,31.034482758620697,2026-09-29
712881,2.21,34000,2.03,8.866995073891626,2026-09-29
712882,2.19,203000,1.74,25.862068965517242,2026-09-29
712883,1.1,39000,1.11,-0.9009009009009009,2026-09-29
712884,2.82,25000,3.4,-17.058823529411764,2026-09-29
712886,1.6,65000,1.55,3.225806451612903,2026-09-29
712888,1.27,253000,1.1400000000000001,11.403508771929824,2026-09-29
712889,1.05,87000,1.05,0.0,2026-09-29
712893,1.63,88000,1.5699999999999998,3.8216560509554145,2026-09-29
712895,1.27,74000,1.12,13.392857142857142,2026-09-29
712896,0.78,2000,0.75,4.0,2026-09-29
712898,0.46,30000,0.47000000000000003,-2.127659574468085,2026-09-29
712903,1.01,506000,0.98,3.061224489795918,2026-09-29
712905,0.93,25000,0.8400000000000001,10.714285714285712,2026-09-29
712908,0.43,263000,0.42,2.3809523809523814,2026-09-29
712910,0.57,99000,0.5499999999999999,3.6363636363636367,2026-09-29
712911,0.64,298000,0.59,8.474576271186441,2026-09-29
712914,0.9,104000,0.8,12.5,2026-09-29
712915,0.89,192000,0.81,9.876543209876543,2026-09-29
712916,1.16,201000,1.23,-5.691056910569106,2026-09-29
712920,1.13,407000,1.0399999999999998,8.653846153846155,2026-09-29
712921,0.89,5000,0.88,1.1363636363636365,2026-09-29
712925,0.86,303000,0.85,1.1764705882352942,2026-09-29
712926,1.26,5000,1.46,-13.698630136986303,2026-09-29
712928,1.73,62000,2.01,-13.93034825870647,2026-09-29
712930,2.29,49000,2.6,-11.923076923076922,2026-09-29
712933,0.96,6000,0.9199999999999999,4.347826086956522,2026-09-29
712939,1.62,48000,1.7300000000000002,-6.358381502890173,2026-09-29
712942,1.4,30000,1.3399999999999999,4.477611940298508,2026-09-29
712943,0.8,1096000,0.9,-11.111111111111112,2026-09-29
712944,1.13,71000,0.8699999999999999,29.88505747126437,2026-09-29
712945,1.52,79000,1.48,2.7027027027027026,2026-09-29
712948,1.59,31000,1.4400000000000002,10.416666666666666,2026-09-29
712949,1.32,356000,1.1800000000000002,11.864406779661016,2026-09-29
712953,1.03,35000,1.01,1.9801980198019802,2026-09-29
712954,2.29,18000,2.07,10.628019323671499,2026-09-29
712955,1.88,184000,1.5399999999999998,22.077922077922082,2026-09-29
712956,1.64,330000,1.69,-2.9585798816568047,2026-09-29
712958,0.82,84000,0.71,15.492957746478876,2026-09-29
712959,1.16,256000,1.19,-2.5210084033613445,2026-09-29
712961,1.09,363000,1.1400000000000001,-4.385964912280701,2026-09-29
712963,0.61,119000,0.5,22.0,2026-09-29
712965,2.31,61000,2.74,-15.693430656934304,2026-09-29
712968,2.68,101000,3.0500000000000003,-12.131147540983605,2026-09-29
712969,0.76,33000,0.74,2.7027027027027026,2026-09-29
712974,2.01,101000,2.13,-5.633802816901409,2026-09-29
712976,4.91,24000,5.4,-9.074074074074073,2026-09-29
712977,7.45,2000,8.6,-13.372093023255813,2026-09-29
712982,0.95,144000,0.9199999999999999,3.260869565217391,2026-09-29
712983,1.14,39000,1.0999999999999999,3.6363636363636367,2026-09-29
712984,1.34,69000,1.6600000000000001,-19.277108433734938,2026-09-29
712986,1.61,41000,1.2600000000000002,27.777777777777775,2026-09-29
712987,1.53,10000,1.9,-19.473684210526315,2026-09-29
712988,1.54,47000,1.22,26.229508196721312,2026-09-29
712993,1.85,6000,1.85,0.0,2026-09-29
712996,1.65,429000,1.67,-1.1976047904191618,2026-09-29
712997,2.16,49000,2.12,1.8867924528301887,2026-09-29
712998,2.52,116000,2.25,12.000000000000002,2026-09-29
712999,1.91,388000,1.7999999999999998,6.111111111111112,2026-09-29
713001,0.93,164000,0.9400000000000001,-1.0638297872340425,2026-09-29
713004,1.06,77000,1.0,6.0,2026-09-29
713005,12.1,4000,9.7,24.742268041237114,2026-09-29
713006,1.81,64000,1.75,3.428571428571429,2026-09-29
713010,3.18,30000,4.21,-24.46555819477435,2026-09-29
713011,1.18,1000,1.16,1.724137931034483,2026-09-29
713013,2.06,96000,1.98,4.040404040404041,2026-09-29
713014,2.12,138000,1.7100000000000002,23.9766081871345,2026-09-29
713015,1.48,10000,1.48,0.0,2026-09-29
713016,2.7,80000,2.6900000000000004,0.3717472118959107,2026-09-29
713017,6.25,12000,5.65,10.619469026548671,2026-09-29
713020,1.11,807000,1.1900000000000002,-6.722689075630252,2026-09-29
713023,1.01,10000,1.02,-0.9803921568627451,2026-09-29
713024,1.39,62000,1.3599999999999999,2.2058823529411766,2026-09-29
713027,1.2,32000,1.15,4.347826086956522,2026-09-29
713029,0.75,39000,0.69,8.695652173913043,2026-09-29
713030,1.62,50000,1.6600000000000001,-2.4096385542168672,2026-09-29
713031,1.85,90000,1.9200000000000002,-3.6458333333333335,2026-09-29
713032,0.62,116000,0.66,-6.0606060606060606,2026-09-29
713033,1.46,10000,1.46,0.0,2026-09-29
713036,1.35,302000,1.4100000000000001,-4.255319148936169,2026-09-29
713037,0.67,633000,0.67,0.0,2026-09-29
713038,2.2,63000,2.4400000000000004,-9.83606557377049,2026-09-29
713039,1.21,6000,1.5899999999999999,-23.899371069182394,2026-09-29
713040,0.94,32000,0.9099999999999999,3.296703296703297,2026-09-29
713044,2.74,154000,2.6500000000000004,3.396226415094339,2026-09-29
713046,1.08,143000,1.12,-3.571428571428571,2026-09-29
713047,1.21,27000,1.18,2.5423728813559325,2026-09-29
713049,1.35,4000,1.32,2.2727272727272725,2026-09-29
713052,1.83,30000,1.6500000000000001,10.909090909090907,2026-09-29
713053,1.97,78000,1.6099999999999999,22.36024844720497,2026-09-29
713055,1.83,49000,1.87,-2.13903743315508,2026-09-29
713056,2.65,50000,2.59,2.3166023166023164,2026-09-29
713061,0.98,26000,0.97,1.0309278350515463,2026-09-29
713062,0.97,52000,1.0,-3.0,2026-09-29
713064,2.55,98000,2.07,23.18840579710145,2026-09-29
713065,2.64,35000,2.17,21.658986175115206,2026-09-29
713066,2.09,30000,2.4699999999999998,-15.384615384615385,2026-09-29
713069,3.38,1000,3.46,-2.3121387283236996,2026-09-29
713070,0.44,448000,0.47,-6.382978723404255,2026-09-29
713071,0.8,233000,0.81,-1.2345679012345678,2026-09-29
713073,0.88,25000,0.89,-1.1235955056179776,2026-09-29
713074,0.63,200000,0.81,-22.22222222222222,2026-09-29
713075,0.65,74000,0.7000000000000001,-7.142857142857142,2026-09-29
713077,0.52,57000,0.54,-3.7037037037037033,2026-09-29
713080,7.95,44000,6.5,22.307692307692307,2026-09-29
713082,1.7,167000,1.8199999999999998,-6.593406593406594,2026-09-29
713083,1.94,2000,1.74,11.49425287356322,2026-09-29
713084,1.39,113000,1.2999999999999998,6.923076923076923,2026-09-29
713085,1.08,172000,1.05,2.857142857142857,2026-09-29
713086,6.05,15000,6.5,-6.923076923076923,2026-09-29
713087,4.39,42000,4.6,-4.565217391304348,2026-09-29
713088,0.62,48000,0.62,0.0,2026-09-29
713089,0.9,98000,0.9500000000000001,-5.263157894736842,2026-09-29
713090,1.4,20000,1.4,0.0,2026-09-29
713096,0.76,1390000,0.72,5.555555555555556,2026-09-29
713098,2.4,251000,2.42,-0.8264462809917356,2026-09-29
713099,0.78,46000,0.81,-3.7037037037037033,2026-09-29
713100,0.87,1000,0.82,6.097560975609757,2026-09-29
713102,1.54,4000,1.59,-3.1446540880503147,2026-09-29
713103,1.94,109000,1.78,8.98876404494382,2026-09-29
713104,1.97,61000,2.0,-1.5,2026-09-29
713107,1.07,5000,1.0,7.000000000000001,2026-09-29
713108,0.76,46000,0.73,4.10958904109589,2026-09-29
713109,0.67,221000,0.67,0.0,2026-09-29
713111,0.42,10000,0.42,0.0,2026-09-29
713113,1.21,149000,1.2,0.8333333333333334,2026-09-29
713114,0.57,20000,0.57,0.0,2026-09-29
713116,0.52,157000,0.46,13.043478260869565,2026-09-29
713118,0.79,56000,0.77,2.5974025974025974,2026-09-29
713120,1.54,10000,1.52,1.3157894736842104,2026-09-29
713121,0.64,71000,0.7,-8.571428571428571,2026-09-29
713122,2.81,13000,2.91,-3.436426116838488,2026-09-29
713123,1.81,102000,1.36,33.088235294117645,2026-09-29
713125,3.64,24000,3.7800000000000002,-3.7037037037037033,2026-09-29
713126,1.72,29000,1.64,4.878048780487805,2026-09-29
713129,3.14,1642000,3.0300000000000002,3.63036303630363,2026-09-29
713130,1.99,757000,1.73,15.028901734104046,2026-09-29
713131,0.37,32000,0.36,2.777777777777778,2026-09-29
713132,1.65,133000,1.42,16.19718309859155,2026-09-29
713133,1.3,16000,1.31,-0.7633587786259541,2026-09-29
713135,4.1,27000,4.26,-3.755868544600939,2026-09-29
713137,4.35,56000,4.06,7.142857142857142,2026-09-29
713138,1.38,210000,1.5599999999999998,-11.538461538461538,2026-09-29
713139,1.22,658000,1.18,3.389830508474576,2026-09-29
713140,1.12,566000,1.02,9.803921568627452,2026-09-29
713141,0.79,416000,0.7000000000000001,12.857142857142856,2026-09-29
713142,1.46,293000,1.3599999999999999,7.35294117647059,2026-09-29
713144,1.42,63000,1.41,0.7092198581560284,2026-09-29
713148,2.3,46000,2.1799999999999997,5.5045871559633035,2026-09-29
713149,1.96,9000,1.91,2.617801047120419,2026-09-29
713150,3.1,215000,2.7800000000000002,11.510791366906474,2026-09-29
713151,1.48,54000,1.33,11.278195488721805,2026-09-29
713152,1.93,84000,1.56,23.717948717948715,2026-09-29
713156,3.17,194000,2.9899999999999998,6.0200668896321075,2026-09-29
713157,1.13,125000,0.8599999999999999,31.39534883720931,2026-09-29
713159,4.59,55000,4.79,-4.175365344467641,2026-09-29
713160,4.2,139000,3.7300000000000004,12.600536193029487,2026-09-29
713165,1.34,4000,1.3800000000000001,-2.8985507246376807,2026-09-29
713166,0.9,43000,0.86,4.651162790697675,2026-09-29
713168,0.78,509000,0.73,6.849315068493151,2026-09-29
713169,0.97,156000,0.98,-1.0204081632653061,2026-09-29
713170,0.99,15000,1.04,-4.807692307692308,2026-09-29
713171,0.82,50000,0.7999999999999999,2.5,2026-09-29
713172,0.66,266000,0.66,0.0,2026-09-29
713173,0.92,41000,0.91,1.0989010989010988,2026-09-29
713178,1.09,8000,1.09,0.0,2026-09-29
713179,0.9,10000,0.8200000000000001,9.75609756097561,2026-09-29
713180,0.67,730000,0.66,1.5151515151515151,2026-09-29
713182,2.21,1000,2.17,1.8433179723502304,2026-09-29
713185,1.21,139000,1.18,2.5423728813559325,2026-09-29
713186,0.91,112000,0.89,2.247191011235955,2026-09-29
713189,1.17,100000,1.0999999999999999,6.363636363636364,2026-09-29
713190,0.7,136000,0.6799999999999999,2.9411764705882355,2026-09-29
713191,0.67,22000,0.65,3.0769230769230766,2026-09-29
713193,0.5,821000,0.49,2.0408163265306123,2026-09-29
713194,0.55,207000,0.55,0.0,2026-09-29
713197,1.16,538000,1.16,0.0,2026-09-29
713198,1.16,317000,1.14,1.754385964912281,2026-09-29
713199,1.24,95000,1.26,-1.5873015873015872,2026-09-29
713201,0.46,655000,0.46,0.0,2026-09-29
713202,0.56,89000,0.54,3.7037037037037033,2026-09-29
713203,0.45,162000,0.41000000000000003,9.75609756097561,2026-09-29
713204,0.48,10000,0.48,0.0,2026-09-29
713205,0.34,515000,0.33,3.0303030303030303,2026-09-29
713206,0.57,1000,0.5299999999999999,7.547169811320756,2026-09-29
713208,1.03,54000,0.98,5.1020408163265305,2026-09-29
713209,0.84,24000,0.7999999999999999,5.0,2026-09-29
713210,0.86,47000,0.84,2.3809523809523814,2026-09-29
713211,0.8,25000,0.78,2.564102564102564,2026-09-29
713212,0.8,115000,0.79,1.2658227848101267,2026-09-29
713213,1.05,24000,1.03,1.9417475728155338,2026-09-29
713214,1.16,26000,1.18,-1.694915254237288,2026-09-29
713215,1.11,33000,1.11,0.0,2026-09-29
713216,1.43,65000,1.3599999999999999,5.147058823529413,2026-09-29
713219,3.13,80000,3.07,1.954397394136808,2026-09-29
713221,3.15,11000,3.52,-10.511363636363637,2026-09-29
713223,2.2,27000,1.9300000000000002,13.989637305699482,2026-09-29
713224,1.56,49000,1.5,4.0,2026-09-29
713229,0.93,21000,0.88,5.6818181818181825,2026-09-29
713231,0.57,227000,0.5499999999999999,3.6363636363636367,2026-09-29
713232,0.96,272000,0.88,9.090909090909092,2026-09-29
713234,0.92,351000,0.8300000000000001,10.843373493975902,2026-09-29
713236,1.36,30000,1.4400000000000002,-5.555555555555555,2026-09-29
713237,1.08,129000,1.09,-0.9174311926605503,2026-09-29
713238,0.52,100000,0.55,-5.454545454545453,2026-09-29
713240,0.83,356000,0.83,0.0,2026-09-29
713241,0.82,5000,0.7799999999999999,5.128205128205129,2026-09-29
713242,0.47,254000,0.45999999999999996,2.173913043478261,2026-09-29
713243,0.96,445000,0.95,1.0526315789473686,2026-09-29
713244,1.19,425000,1.2,-0.8333333333333334,2026-09-29
713245,1.5,98000,1.6,-6.25,2026-09-29
713246,2.0,5000,2.03,-1.4778325123152711,2026-09-29
713249,4.9,15000,5.7,-14.035087719298245,2026-09-29
713250,2.12,13000,2.23,-4.932735426008969,2026-09-29
713251,1.11,111000,1.1500000000000001,-3.478260869565217,2026-09-29
713252,1.38,12000,1.38,0.0,2026-09-29
713255,3.92,65000,3.6999999999999997,5.9459459459459465,2026-09-29
713256,4.0,123000,3.67,8.99182561307902,2026-09-29
713259,3.19,2007000,3.12,2.2435897435897436,2026-09-29
713260,2.75,149000,2.71,1.4760147601476017,2026-09-29
713262,1.37,10000,1.37,0.0,2026-09-29
713263,3.55,10000,3.48,2.0114942528735638,2026-09-29
713264,0.53,58000,0.53,0.0,2026-09-29
713265,0.6,88000,0.6699999999999999,-10.447761194029853,2026-09-29
713266,1.15,33000,1.2,-4.166666666666667,2026-09-29
713267,1.09,17000,1.11,-1.8018018018018018,2026-09-29
713269,7.85,150000,8.6,-8.720930232558139,2026-09-29
713272,1.33,579000,1.32,0.7575757575757576,2026-09-29
713275,1.19,100000,1.18,0.847457627118644,2026-09-29
713276,0.67,752000,0.66,1.5151515151515151,2026-09-29
713277,1.34,48000,1.35,-0.7407407407407407,2026-09-29
713279,1.27,63000,1.37,-7.2992700729927,2026-09-29
713280,1.49,48000,1.56,-4.487179487179487,2026-09-29
713281,1.89,51000,1.7899999999999998,5.5865921787709505,2026-09-29
713282,1.66,148000,1.68,-1.1904761904761907,2026-09-29
713283,1.09,133000,1.09,0.0,2026-09-29
713284,1.06,38000,1.06,0.0,2026-09-29
713285,2.56,113000,2.79,-8.24372759856631,2026-09-29
713286,2.29,122000,2.34,-2.136752136752137,2026-09-29
713290,1.17,354000,1.16,0.8620689655172415,2026-09-29
713291,0.82,12000,0.7699999999999999,6.493506493506494,2026-09-29
713293,1.41,7000,1.44,-2.083333333333333,2026-09-29
713294,1.4,2105000,1.45,-3.4482758620689653,2026-09-29
713296,3.08,127000,3.52,-12.5,2026-09-29
713297,1.64,42000,1.6099999999999999,1.8633540372670807,2026-09-29
713298,1.01,418000,0.75,34.66666666666667,2026-09-29
713299,1.01,580000,0.92,9.782608695652172,2026-09-29
713301,0.25,499000,0.29,-13.793103448275865,2026-09-29
713302,2.05,242000,1.6199999999999999,26.543209876543212,2026-09-29
713304,0.71,38000,0.74,-4.054054054054054,2026-09-29
713305,2.74,35000,2.95,-7.118644067796609,2026-09-29
713306,1.66,1705000,1.75,-5.142857142857142,2026-09-29
713309,2.38,26000,2.1999999999999997,8.181818181818183,2026-09-29
713310,1.08,42000,1.03,4.854368932038835,2026-09-29
713311,1.45,47000,1.27,14.173228346456693,2026-09-29
713312,3.36,3000,3.82,-12.041884816753928,2026-09-29
713314,4.18,9000,3.88,7.731958762886598,2026-09-29
713315,3.45,87000,3.31,4.229607250755287,2026-09-29
713316,2.53,72000,2.21,14.479638009049776,2026-09-29
713317,1.85,432000,1.73,6.9364161849710975,2026-09-29
713318,1.89,24000,1.8699999999999999,1.0695187165775402,2026-09-29
713319,1.4,101000,1.49,-6.040268456375839,2026-09-29
713320,4.28,26000,4.25,0.7058823529411764,2026-09-29
713321,4.63,9000,4.62,0.21645021645021645,2026-09-29
713324,1.69,551000,1.7,-0.5882352941176471,2026-09-29
713326,1.11,32000,0.9900000000000001,12.12121212121212,2026-09-29
713327,1.25,83000,1.15,8.695652173913045,2026-09-29
713328,1.07,37000,1.03,3.8834951456310676,2026-09-29
713330,2.54,861000,2.64,-3.787878787878788,2026-09-29
713333,17.3,11000,19.6,-11.734693877551019,2026-09-29
713334,1.99,63000,1.92,3.6458333333333335,2026-09-29
713336,0.45,1305000,0.48,-6.25,2026-09-29
713337,0.69,286000,0.69,0.0,2026-09-29
713339,1.33,5000,1.35,-1.4814814814814814,2026-09-29
713340,1.75,89000,1.68,4.166666666666667,2026-09-29
713343,1.4,21000,1.3699999999999999,2.18978102189781,2026-09-29
713344,1.24,752000,1.25,-0.8,2026-09-29
713345,0.92,195000,0.9,2.2222222222222223,2026-09-29
713347,0.69,63000,0.71,-2.8169014084507045,2026-09-29
713352,1.32,118000,1.3,1.5384615384615383,2026-09-29
713353,0.64,28000,0.56,14.285714285714285,2026-09-29
713354,0.45,1576000,0.5700000000000001,-21.052631578947363,2026-09-29
713355,1.14,42000,1.16,-1.724137931034483,2026-09-29
713357,0.52,258000,0.51,1.9607843137254901,2026-09-29
713358,1.32,27000,1.1600000000000001,13.793103448275861,2026-09-29
713359,2.62,1000,2.39,9.623430962343097,2026-09-29
713362,1.12,17000,1.08,3.7037037037037033,2026-09-29
713363,2.45,54000,2.39,2.5104602510460245,2026-09-29
713367,1.25,5000,1.06,17.92452830188679,2026-09-29
713369,0.86,604000,0.73,17.808219178082194,2026-09-29
713370,1.46,61000,1.53,-4.575163398692811,2026-09-29
713371,1.1,34000,1.1400000000000001,-3.508771929824561,2026-09-29
713372,2.22,296000,2.3200000000000003,-4.310344827586206,2026-09-29
713373,1.83,186000,1.98,-7.575757575757576,2026-09-29
713374,3.26,60000,3.4299999999999997,-4.956268221574344,2026-09-29
713375,3.76,83000,3.69,1.8970189701897022,2026-09-29
713377,3.27,332000,3.16,3.481012658227848,2026-09-29
713378,1.32,170000,1.19,10.924369747899162,2026-09-29
713380,0.95,41000,0.82,15.853658536585366,2026-09-29
713381,3.73,129000,3.45,8.115942028985508,2026-09-29
713384,1.24,72000,1.24,0.0,2026-09-29
713385,2.75,10000,2.41,14.107883817427386,2026-09-29
713386,0.55,150000,0.53,3.7735849056603774,2026-09-29
713387,2.18,40000,2.1300000000000003,2.3474178403755865,2026-09-29
713388,0.89,10000,0.89,0.0,2026-09-29
713389,3.48,35000,3.45,0.8695652173913042,2026-09-29
713390,5.25,99000,6.1,-13.934426229508198,2026-09-29
713392,1.54,249000,1.6300000000000001,-5.521472392638036,2026-09-29
713399,0.84,63000,0.85,-1.1764705882352942,2026-09-29
713401,0.83,20000,0.82,1.2195121951219512,2026-09-29
713407,1.54,104000,1.52,1.3157894736842104,2026-09-29
713409,1.79,105000,1.86,-3.763440860215054,2026-09-29
713412,0.58,294000,0.5499999999999999,5.454545454545455,2026-09-29
713413,1.32,899000,1.24,6.451612903225806,2026-09-29
713415,1.18,25000,1.16,1.724137931034483,2026-09-29
713417,1.69,90000,1.9,-11.052631578947368,2026-09-29
713418,0.95,406000,1.03,-7.766990291262135,2026-09-29
713419,0.81,437000,0.74,9.45945945945946,2026-09-29
713420,1.0,10000,0.96,4.166666666666667,2026-09-29
713421,0.91,102000,0.9,1.1111111111111112,2026-09-29
713422,1.57,15000,1.53,2.6143790849673203,2026-09-29
713423,1.54,1070000,1.52,1.3157894736842104,2026-09-29
713424,1.05,371000,1.0,5.0,2026-09-29
713425,0.86,21000,0.87,-1.1494252873563218,2026-09-29
713427,1.26,148000,1.38,-8.695652173913043,2026-09-29
713428,1.53,50000,1.31,16.793893129770993,2026-09-29
713429,0.97,35000,0.96,1.0416666666666667,2026-09-29
713430,1.72,70000,1.74,-1.1494252873563218,2026-09-29
713431,2.58,276000,1.9900000000000002,29.648241206030146,2026-09-29
713434,2.1,171000,2.3000000000000003,-8.695652173913043,2026-09-29
713441,1.03,151000,0.92,11.956521739130434,2026-09-29
713445,1.62,30000,1.6700000000000002,-2.9940119760479043,2026-09-29
713446,2.71,33000,2.13,27.230046948356808,2026-09-29
713451,1.94,70000,2.08,-6.730769230769232,2026-09-29
713452,0.37,30000,0.37,0.0,2026-09-29
713453,2.2,20000,2.2800000000000002,-3.508771929824561,2026-09-29
713455,0.72,77000,0.77,-6.493506493506494,2026-09-29
713458,1.85,440000,2.1100000000000003,-12.322274881516586,2026-09-29
713460,1.51,5000,1.53,-1.3071895424836601,2026-09-29
713461,0.79,71000,0.79,0.0,2026-09-29
713462,2.95,105000,2.77,6.4981949458483745,2026-09-29
713465,0.85,400000,0.79,7.594936708860758,2026-09-29
713467,0.96,771000,0.85,12.941176470588237,2026-09-29
713468,1.29,93000,1.29,0.0,2026-09-29
713469,1.16,51000,1.17,-0.8547008547008548,2026-09-29
713471,1.12,260000,0.7100000000000002,57.74647887323942,2026-09-29
713472,2.11,186000,1.8699999999999999,12.834224598930483,2026-09-29
713473,0.39,20000,0.41000000000000003,-4.878048780487805,2026-09-29
713474,3.02,90000,2.4,25.833333333333336,2026-09-29
713475,1.07,51000,1.1300000000000001,-5.309734513274336,2026-09-29
713477,0.65,25000,0.62,4.838709677419355,2026-09-29
713478,3.87,45000,3.96,-2.272727272727273,2026-09-29
713479,2.78,128000,2.78,0.0,2026-09-29
713480,2.1,324000,2.08,0.9615384615384616,2026-09-29
713481,1.38,20000,1.2999999999999998,6.153846153846155,2026-09-29
713482,1.81,517000,1.9500000000000002,-7.179487179487179,2026-09-29
713483,1.39,55000,1.3599999999999999,2.2058823529411766,2026-09-29
713484,1.23,10000,1.24,-0.8064516129032258,2026-09-29
713486,0.67,179000,0.66,1.5151515151515151,2026-09-29
713487,0.69,410000,0.6199999999999999,11.290322580645165,2026-09-29
713488,0.93,76000,0.89,4.49438202247191,2026-09-29
713490,0.89,16000,0.96,-7.291666666666667,2026-09-29
713491,0.54,10000,0.54,0.0,2026-09-29
713495,0.65,69000,0.62,4.838709677419355,2026-09-29
713496,0.56,163000,0.55,1.8181818181818181,2026-09-29
713497,0.66,12000,0.67,-1.4925373134328357,2026-09-29
713498,0.76,218000,0.74,2.7027027027027026,2026-09-29
713499,1.18,458000,1.0699999999999998,10.280373831775702,2026-09-29
713500,1.11,38000,0.9900000000000001,12.12121212121212,2026-09-29
713501,1.45,34000,1.3599999999999999,6.61764705882353,2026-09-29
713502,0.79,30000,0.68,16.176470588235293,2026-09-29
713503,0.37,357000,0.37,0.0,2026-09-29
713507,1.75,78000,1.28,36.71874999999999,2026-09-29
713508,1.68,148000,1.46,15.068493150684931,2026-09-29
713509,1.05,320000,0.89,17.97752808988764,2026-09-29
713510,1.04,21000,1.05,-0.9523809523809523,2026-09-29
713513,0.89,45000,0.86,3.488372093023256,2026-09-29
713516,0.75,180000,0.74,1.3513513513513513,2026-09-29
713521,0.99,167000,0.99,0.0,2026-09-29
713522,0.85,246000,0.85,0.0,2026-09-29
713527,1.64,37000,1.39,17.98561151079137,2026-09-29
713528,2.8,2288000,2.76,1.4492753623188408,2026-09-29
713529,2.13,11000,2.1,1.4285714285714286,2026-09-29
713530,4.99,45000,5.8500000000000005,-14.700854700854698,2026-09-29
713531,4.24,213000,5.0,-15.2,2026-09-29
713533,1.91,35000,1.48,29.054054054054053,2026-09-29
713534,2.64,29000,2.43,8.641975308641975,2026-09-29
713536,1.6,710000,1.61,-0.6211180124223602,2026-09-29
713539,1.11,34000,1.1500000000000001,-3.478260869565217,2026-09-29
713540,1.12,80000,0.9800000000000001,14.285714285714285,2026-09-29
713541,2.68,9000,2.83,-5.300353356890459,2026-09-29
713543,3.16,28000,3.02,4.635761589403973,2026-09-29
713545,1.9,307000,1.88,1.0638297872340428,2026-09-29
713546,3.87,2000,4.54,-14.757709251101323,2026-09-29
713547,1.37,5000,1.4100000000000001,-2.8368794326241136,2026-09-29
713548,0.68,142000,0.7300000000000001,-6.8493150684931505,2026-09-29
713549,1.95,6000,1.8399999999999999,5.978260869565218,2026-09-29
713551,1.39,43000,1.43,-2.7972027972027975,2026-09-29
713556,0.95,35000,0.96,-1.0416666666666667,2026-09-29
713557,1.5,31000,1.52,-1.3157894736842104,2026-09-29
713558,3.23,95000,3.37,-4.154302670623146,2026-09-29
713559,0.68,3000,0.7200000000000001,-5.555555555555555,2026-09-29
713560,6.2,35000,7.300000000000001,-15.068493150684931,2026-09-29
713561,1.91,10000,1.8299999999999998,4.371584699453552,2026-09-29
713563,2.89,21000,2.41,19.91701244813278,2026-09-29
713564,1.9,48000,1.89,0.5291005291005292,2026-09-29
713567,1.88,138000,2.1,-10.476190476190476,2026-09-29
713568,0.78,10000,0.79,-1.2658227848101267,2026-09-29
713570,1.15,294000,1.3499999999999999,-14.814814814814817,2026-09-29
713571,1.66,12000,1.8599999999999999,-10.752688172043012,2026-09-29
713576,1.53,30000,1.46,4.794520547945206,2026-09-29
713582,1.4,82000,1.2899999999999998,8.527131782945737,2026-09-29
713583,1.12,588000,1.07,4.672897196261682,2026-09-29
713584,0.46,303000,0.49,-6.122448979591836,2026-09-29
713585,0.51,1006000,0.5,2.0,2026-09-29
713586,1.44,63000,1.43,0.6993006993006994,2026-09-29
713588,0.32,2000,0.33,-3.0303030303030303,2026-09-29
713589,1.17,560000,0.94,24.46808510638298,2026-09-29
713590,2.07,87000,2.07,0.0,2026-09-29
713591,1.67,1000,1.65,1.2121212121212124,2026-09-29
713592,1.55,13000,1.55,0.0,2026-09-29
713593,0.96,100000,0.96,0.0,2026-09-29
713594,0.29,232000,0.31,-6.451612903225806,2026-09-29
713598,0.58,350000,0.58,0.0,2026-09-29
713599,0.6,350000,0.61,-1.639344262295082,2026-09-29
713601,1.85,148000,2.2,-15.909090909090907,2026-09-29
713602,2.0,290000,2.35,-14.893617021276595,2026-09-29
713603,2.18,230000,2.49,-12.449799196787147,2026-09-29
713605,0.58,138000,0.5599999999999999,3.571428571428572,2026-09-29
713606,0.53,662000,0.56,-5.357142857142856,2026-09-29
713608,0.54,96000,0.5700000000000001,-5.263157894736841,2026-09-29
713609,0.88,814000,0.69,27.536231884057973,2026-09-29
713610,0.62,158000,0.6,3.3333333333333335,2026-09-29
713612,0.71,538000,0.74,-4.054054054054054,2026-09-29
713613,1.04,584000,0.97,7.216494845360826,2026-09-29
713614,1.13,739000,1.1099999999999999,1.801801801801802,2026-09-29
713615,0.98,1035000,1.05,-6.666666666666667,2026-09-29
713618,2.03,20000,2.09,-2.8708133971291865,2026-09-29
713619,1.34,103000,1.55,-13.548387096774192,2026-09-29
713620,0.81,612000,0.8800000000000001,-7.954545454545454,2026-09-29
713621,0.97,10000,0.98,-1.0204081632653061,2026-09-29
713622,0.75,1439000,0.69,8.695652173913043,2026-09-29
713623,2.5,1000,2.23,12.10762331838565,2026-09-29
713624,0.51,10000,0.52,-1.9230769230769231,2026-09-29
713625,0.62,12000,0.63,-1.5873015873015872,2026-09-29
713628,0.92,143000,0.88,4.545454545454546,2026-09-29
713629,3.75,54000,3.96,-5.303030303030303,2026-09-29
713630,3.32,137000,3.2199999999999998,3.1055900621118013,2026-09-29
713631,2.26,183000,2.19,3.196347031963471,2026-09-29
713632,0.53,50000,0.47000000000000003,12.76595744680851,2026-09-29
713633,1.3,4105000,1.26,3.1746031746031744,2026-09-29
713634,3.74,57000,4.5200000000000005,-17.25663716814159,2026-09-29
713636,1.16,26000,1.01,14.85148514851485,2026-09-29
713638,0.9,41000,0.88,2.272727272727273,2026-09-29
713639,0.92,1000,0.9500000000000001,-3.157894736842105,2026-09-29
713640,0.67,10000,0.68,-1.4705882352941175,2026-09-29
713641,0.95,15000,1.0,-5.0,2026-09-29
713642,0.7,49000,0.7,0.0,2026-09-29
713646,1.4,347000,1.43,-2.097902097902098,2026-09-29
713652,1.35,35000,1.4300000000000002,-5.594405594405593,2026-09-29
713656,2.25,13000,2.14,5.14018691588785,2026-09-29
713657,2.18,58000,2.1,3.8095238095238093,2026-09-29
713658,2.25,11000,2.19,2.73972602739726,2026-09-29
713661,1.94,15000,2.44,-20.491803278688526,2026-09-29
713663,1.69,972000,1.7,-0.5882352941176471,2026-09-29
713664,0.93,2000,0.92,1.0869565217391304,2026-09-29
713665,1.89,15000,1.97,-4.060913705583757,2026-09-29
713667,0.77,39000,0.66,16.666666666666664,2026-09-29
713668,2.18,100000,2.43,-10.288065843621398,2026-09-29
713669,0.44,63000,0.45,-2.2222222222222223,2026-09-29
713670,1.18,143000,1.23,-4.065040650406504,2026-09-29
713671,1.05,375000,1.08,-2.7777777777777777,2026-09-29
713672,0.58,178000,0.5499999999999999,5.454545454545455,2026-09-29
713673,0.61,428000,0.61,0.0,2026-09-29
713674,0.63,177000,0.64,-1.5625,2026-09-29
713675,0.65,521000,0.64,1.5625,2026-09-29
713676,0.57,22000,0.5399999999999999,5.555555555555556,2026-09-29
713677,0.66,269000,0.66,0.0,2026-09-29
713679,0.66,26000,0.72,-8.333333333333332,2026-09-29
713680,0.99,35000,0.97,2.0618556701030926,2026-09-29
713682,0.93,699000,0.91,2.1978021978021975,2026-09-29
713684,1.53,161000,1.51,1.3245033112582782,2026-09-29
713687,0.95,10000,0.84,13.095238095238097,2026-09-29
713688,0.42,157000,0.44999999999999996,-6.666666666666667,2026-09-29
713689,0.45,131000,0.4,12.5,2026-09-29
713690,2.03,64000,2.01,0.9950248756218907,2026-09-29
713691,1.17,52000,1.15,1.7391304347826086,2026-09-29
713692,1.08,104000,1.06,1.8867924528301887,2026-09-29
713694,1.8,10000,1.9100000000000001,-5.7591623036649215,2026-09-29
713696,2.57,354000,2.54,1.1811023622047243,2026-09-29
713697,2.44,23000,2.58,-5.426356589147288,2026-09-29
713698,1.54,29000,1.54,0.0,2026-09-29
713699,2.57,10000,2.38,7.983193277310925,2026-09-29
713700,0.92,30000,0.9400000000000001,-2.127659574468085,2026-09-29
713702,1.01,2000,1.02,-0.9803921568627451,2026-09-29
713703,1.67,5000,1.64,1.8292682926829267,2026-09-29
713705,2.47,122000,2.5100000000000002,-1.593625498007968,2026-09-29
713706,1.77,121000,1.78,-0.5617977528089888,2026-09-29
713708,1.67,60000,1.69,-1.183431952662722,2026-09-29
713710,0.44,255000,0.33999999999999997,29.41176470588236,2026-09-29
713712,3.43,94000,3.71,-7.547169811320756,2026-09-29
713714,2.85,236000,3.47,-17.86743515850144,2026-09-29
713715,1.38,1042000,1.3499999999999999,2.2222222222222223,2026-09-29
713716,1.01,330000,1.01,0.0,2026-09-29
713719,1.23,86000,1.26,-2.380952380952381,2026-09-29
713721,0.97,12000,1.0,-3.0,2026-09-29
713723,1.37,308000,1.37,0.0,2026-09-29
713724,1.79,128000,1.94,-7.731958762886598,2026-09-29
713725,1.44,240000,1.55,-7.096774193548387,2026-09-29
713726,2.12,51000,2.29,-7.423580786026202,2026-09-29
713727,0.9,19000,0.9400000000000001,-4.25531914893617,2026-09-29
713729,0.79,89000,0.7000000000000001,12.857142857142856,2026-09-29
713731,1.92,800000,1.92,0.0,2026-09-29
713733,2.0,28000,2.29,-12.663755458515283,2026-09-29
713735,1.01,20000,1.09,-7.339449541284402,2026-09-29
713737,0.28,98000,0.27,3.7037037037037033,2026-09-29
713738,0.91,770000,0.92,-1.0869565217391304,2026-09-29
713739,0.31,140000,0.27,14.814814814814813,2026-09-29
713740,0.69,628000,0.6799999999999999,1.4705882352941178,2026-09-29
713742,0.66,65000,0.66,0.0,2026-09-29
713746,1.09,1203000,1.1600000000000001,-6.0344827586206895,2026-09-29
713748,2.17,59000,2.17,0.0,2026-09-29
713749,1.43,325000,1.51,-5.298013245033113,2026-09-29
713750,2.2,6000,1.9400000000000002,13.402061855670103,2026-09-29
713753,2.98,1405000,2.41,23.651452282157674,2026-09-29
713754,1.36,23000,1.4600000000000002,-6.8493150684931505,2026-09-29
713755,2.58,95000,2.4,7.5,2026-09-29
713756,1.21,66000,1.05,15.238095238095237,2026-09-29
713757,0.94,63000,0.85,10.588235294117647,2026-09-29
713758,1.75,222000,1.49,17.449664429530202,2026-09-29
713759,1.83,461000,1.6300000000000001,12.269938650306749,2026-09-29
713760,2.47,9000,2.97,-16.835016835016834,2026-09-29
713761,1.42,123000,1.48,-4.054054054054054,2026-09-29
713762,2.2,3000,1.9000000000000001,15.789473684210526,2026-09-29
713763,2.11,322000,2.26,-6.637168141592921,2026-09-29
713764,1.1,152000,1.1700000000000002,-5.982905982905982,2026-09-29
713765,1.78,60000,1.77,0.5649717514124294,2026-09-29
713766,1.43,108000,1.3599999999999999,5.147058823529413,2026-09-29
713770,1.78,360000,1.48,20.27027027027027,2026-09-29
713771,2.46,206000,2.61,-5.747126436781609,2026-09-29
713772,2.83,54000,3.45,-17.971014492753625,2026-09-29
713773,2.67,40000,2.87,-6.968641114982578,2026-09-29
713774,2.57,31000,3.0,-14.333333333333334,2026-09-29
713775,2.53,62000,3.0,-15.666666666666664,2026-09-29
713776,2.6,3000,3.1,-16.129032258064516,2026-09-29
713777,2.88,75000,3.32,-13.253012048192772,2026-09-29
713778,2.81,262000,3.33,-15.615615615615615,2026-09-29
713779,3.19,119000,3.64,-12.362637362637363,2026-09-29
713780,2.83,216000,3.3,-14.242424242424242,2026-09-29
713781,0.67,28000,0.63,6.349206349206349,2026-09-29
713783,0.81,50000,0.79,2.5316455696202533,2026-09-29
713784,2.4,1000,1.77,35.59322033898305,2026-09-29
713785,1.19,65000,1.15,3.4782608695652173,2026-09-29
713787,1.62,40000,1.6400000000000001,-1.2195121951219512,2026-09-29
713788,1.75,739000,1.55,12.903225806451612,2026-09-29
713790,1.59,179000,1.87,-14.973262032085563,2026-09-29
713791,0.62,123000,0.61,1.639344262295082,2026-09-29
713792,0.59,152000,0.53,11.320754716981131,2026-09-29
713793,0.56,1000,0.5700000000000001,-1.7543859649122806,2026-09-29
713794,1.57,39000,1.6300000000000001,-3.680981595092024,2026-09-29
713796,0.68,21000,0.74,-8.108108108108109,2026-09-29
713797,0.98,8000,0.97,1.0309278350515463,2026-09-29
713799,1.6,266000,1.8900000000000001,-15.343915343915343,2026-09-29
713800,1.27,207000,1.49,-14.76510067114094,2026-09-29
713801,1.13,915000,1.3499999999999999,-16.296296296296298,2026-09-29
713802,1.28,373000,1.56,-17.94871794871795,2026-09-29
713803,1.37,704000,1.6,-14.374999999999998,2026-09-29
713804,1.37,504000,1.6300000000000001,-15.950920245398773,2026-09-29
713805,1.01,757000,1.2,-15.833333333333336,2026-09-29
713806,1.19,657000,1.27,-6.299212598425196,2026-09-29
713807,1.05,1115000,1.24,-15.32258064516129,2026-09-29
713809,1.91,9000,2.06,-7.281553398058252,2026-09-29
713810,0.3,16000,0.33999999999999997,-11.764705882352942,2026-09-29
713812,0.71,59000,0.6699999999999999,5.970149253731344,2026-09-29
713813,0.87,11000,0.86,1.1627906976744187,2026-09-29
713814,0.84,14000,0.87,-3.4482758620689653,2026-09-29
713815,1.33,148000,1.25,6.4,2026-09-29
713817,1.25,4000,1.36,-8.088235294117647,2026-09-29
713821,0.46,20000,0.43000000000000005,6.97674418604651,2026-09-29
713822,0.71,1000,0.77,-7.792207792207792,2026-09-29
713823,1.06,883000,1.1400000000000001,-7.017543859649122,2026-09-29
713825,1.65,231000,1.5099999999999998,9.271523178807948,2026-09-29
713826,1.8,72000,1.6600000000000001,8.433734939759036,2026-09-29
713828,1.27,83000,1.48,-14.18918918918919,2026-09-29
713829,1.15,148000,1.3199999999999998,-12.87878787878788,2026-09-29
713830,1.0,365000,1.15,-13.043478260869565,2026-09-29
713832,0.74,10000,0.72,2.777777777777778,2026-09-29
713836,0.76,44000,0.78,-2.564102564102564,2026-09-29
713843,1.04,499000,0.97,7.216494845360826,2026-09-29
713844,0.81,35000,0.8500000000000001,-4.705882352941177,2026-09-29
713845,0.51,40000,0.5800000000000001,-12.068965517241379,2026-09-29
713846,0.95,109000,0.7999999999999999,18.75,2026-09-29
713849,0.9,69000,0.78,15.384615384615383,2026-09-29
713850,0.78,11000,0.77,1.2987012987012987,2026-09-29
713851,1.92,349000,1.69,13.609467455621301,2026-09-29
713852,1.75,105000,1.67,4.790419161676647,2026-09-29
713856,0.86,45000,0.77,11.688311688311687,2026-09-29
713863,1.35,125000,1.3900000000000001,-2.8776978417266186,2026-09-29
713864,0.51,33000,0.53,-3.7735849056603774,2026-09-29
713865,0.76,278000,0.75,1.3333333333333335,2026-09-29
713866,1.6,20000,1.4300000000000002,11.888111888111888,2026-09-29
713867,0.81,60000,0.74,9.45945945945946,2026-09-29
713868,1.8,6000,1.79,0.5586592178770949,2026-09-29
713870,2.31,40000,2.1,10.0,2026-09-29
713873,1.37,47000,1.36,0.7352941176470588,2026-09-29
713875,2.04,211000,1.86,9.67741935483871,2026-09-29
713876,1.59,127000,1.75,-9.142857142857142,2026-09-29
713879,0.73,122000,0.62,17.741935483870968,2026-09-29
713880,1.51,107000,1.59,-5.031446540880503,2026-09-29
713882,1.53,39000,1.57,-2.5477707006369426,2026-09-29
713886,1.66,151000,1.52,9.210526315789474,2026-09-29
713889,0.45,13000,0.42000000000000004,7.142857142857142,2026-09-29
713891,0.51,20000,0.54,-5.555555555555555,2026-09-29
713892,0.76,20000,0.76,0.0,2026-09-29
713893,1.45,80000,1.6199999999999999,-10.49382716049383,2026-09-29
713895,0.53,700000,0.54,-1.8518518518518516,2026-09-29
713897,0.94,5000,0.97,-3.0927835051546393,2026-09-29
713900,0.95,664000,0.95,0.0,2026-09-29
713901,1.68,123000,1.5,12.0,2026-09-29
713902,1.1,17000,1.07,2.8037383177570088,2026-09-29
713904,0.52,500000,0.42000000000000004,23.809523809523807,2026-09-29
713905,0.66,50000,0.68,-2.941176470588235,2026-09-29
713907,1.35,113000,1.33,1.5037593984962405,2026-09-29
713908,1.51,25000,1.6,-5.624999999999999,2026-09-29
713911,2.08,52000,1.99,4.522613065326634,2026-09-29
713915,1.5,1052000,1.6,-6.25,2026-09-29
713916,1.48,341000,1.56,-5.128205128205128,2026-09-29
713917,1.48,146000,1.53,-3.2679738562091507,2026-09-29
713918,1.65,415000,1.65,0.0,2026-09-29
713919,1.76,442000,1.79,-1.675977653631285,2026-09-29
713920,1.0,390000,0.9,11.111111111111112,2026-09-29
713921,2.36,15000,2.62,-9.923664122137405,2026-09-29
713923,1.23,46000,1.19,3.3613445378151265,2026-09-29
713924,1.93,10000,1.95,-1.0256410256410255,2026-09-29
713929,1.62,79000,1.29,25.581395348837212,2026-09-29
713930,1.32,61000,1.27,3.937007874015748,2026-09-29
713932,1.0,251000,0.96,4.166666666666667,2026-09-29
713933,0.9,55000,0.76,18.42105263157895,2026-09-29
713934,0.62,385000,0.58,6.896551724137932,2026-09-29
713935,1.27,30000,1.27,0.0,2026-09-29
713936,1.05,228000,1.17,-10.256410256410255,2026-09-29
713937,1.08,264000,1.08,0.0,2026-09-29
713938,1.66,4000,1.5899999999999999,4.402515723270441,2026-09-29
713939,2.59,16000,2.4,7.916666666666668,2026-09-29
713940,1.61,38000,1.6300000000000001,-1.2269938650306746,2026-09-29
713942,1.58,263000,1.75,-9.714285714285715,2026-09-29
713943,0.76,47000,0.78,-2.564102564102564,2026-09-29
713944,0.76,112000,0.68,11.76470588235294,2026-09-29
713949,1.63,24000,1.63,0.0,2026-09-29
713950,0.9,200000,0.86,4.651162790697675,2026-09-29
713952,0.5,434000,0.44,13.636363636363635,2026-09-29
713953,0.69,506000,0.74,-6.756756756756757,2026-09-29
713954,1.46,828000,1.25,16.799999999999997,2026-09-29
713955,1.54,1067000,1.4,10.000000000000002,2026-09-29
713956,1.01,181000,1.01,0.0,2026-09-29
713957,0.83,341000,0.7999999999999999,3.75,2026-09-29
713958,1.16,199000,1.1199999999999999,3.571428571428572,2026-09-29
713960,1.45,460000,1.28,13.28125,2026-09-29
713962,1.89,26000,1.88,0.5319148936170214,2026-09-29
713963,1.24,219000,1.18,5.084745762711865,2026-09-29
713964,0.82,767000,0.83,-1.2048192771084338,2026-09-29
713965,0.82,1017000,0.83,-1.2048192771084338,2026-09-29
713966,1.06,38000,1.07,-0.9345794392523363,2026-09-29
713967,1.2,433000,1.1199999999999999,7.142857142857144,2026-09-29
713968,0.87,126000,0.83,4.819277108433735,2026-09-29
713971,0.78,421000,0.8200000000000001,-4.878048780487805,2026-09-29
713972,1.09,83000,1.12,-2.678571428571428,2026-09-29
713973,0.42,30000,0.39999999999999997,5.0,2026-09-29
713974,0.58,499000,0.57,1.754385964912281,2026-09-29
713975,1.17,180000,1.1199999999999999,4.464285714285715,2026-09-29
713977,0.67,1059000,0.55,21.818181818181813,2026-09-29
713978,1.01,316000,0.78,29.48717948717949,2026-09-29
713979,1.02,79000,1.03,-0.9708737864077669,2026-09-29
713980,0.62,337000,0.65,-4.615384615384615,2026-09-29
713982,1.79,417000,1.69,5.9171597633136095,2026-09-29
713983,0.76,1665000,0.73,4.10958904109589,2026-09-29
713986,0.65,241000,0.5800000000000001,12.068965517241379,2026-09-29
713987,1.67,10000,1.7,-1.7647058823529411,2026-09-29
713988,2.66,69000,2.37,12.236286919831223,2026-09-29
713989,2.5,458000,2.35,6.382978723404255,2026-09-29
713990,1.25,82000,1.16,7.758620689655173,2026-09-29
713992,1.56,16000,1.52,2.631578947368421,2026-09-29
713993,3.14,29000,3.0100000000000002,4.318936877076411,2026-09-29
713994,2.96,1361000,3.03,-2.31023102310231,2026-09-29
713995,2.39,145000,2.35,1.702127659574468,2026-09-29
713997,1.15,31000,1.2799999999999998,-10.156250000000002,2026-09-29
713998,1.28,30000,1.43,-10.48951048951049,2026-09-29
713999,2.33,96000,2.0,16.5,2026-09-29
714000,1.37,119000,1.0100000000000002,35.64356435643564,2026-09-29
714001,1.42,80000,1.43,-0.6993006993006994,2026-09-29
714002,2.17,300000,2.16,0.4629629629629629,2026-09-29
714003,2.36,360000,2.05,15.121951219512198,2026-09-29
714004,2.29,16000,2.09,9.569377990430624,2026-09-29
714006,0.98,72000,1.03,-4.854368932038835,2026-09-29
714008,1.83,9000,1.84,-0.5434782608695652,2026-09-29
714009,2.24,17000,2.0100000000000002,11.44278606965174,2026-09-29
714010,2.46,203000,2.48,-0.8064516129032258,2026-09-29
714011,1.89,176000,1.89,0.0,2026-09-29
714012,0.94,2818000,0.8899999999999999,5.617977528089889,2026-09-29
714013,1.9,161000,1.5899999999999999,19.49685534591195,2026-09-29
714014,2.65,102000,2.69,-1.4869888475836432,2026-09-29
714015,3.07,50000,3.05,0.6557377049180328,2026-09-29
714016,3.96,1000,3.49,13.467048710601718,2026-09-29
714018,1.38,148000,1.3599999999999999,1.4705882352941178,2026-09-29
714019,1.02,226000,0.99,3.0303030303030303,2026-09-29
714020,0.82,90000,0.83,-1.2048192771084338,2026-09-29
714021,1.32,231000,1.26,4.761904761904762,2026-09-29
714022,0.88,345000,0.89,-1.1235955056179776,2026-09-29
714025,1.33,20000,1.36,-2.205882352941176,2026-09-29
714026,0.92,1336000,0.8600000000000001,6.97674418604651,2026-09-29
714027,0.82,315000,0.7699999999999999,6.493506493506494,2026-09-29
714028,1.83,60000,1.79,2.2346368715083798,2026-09-29
714031,1.03,30000,1.0,3.0,2026-09-29
714033,1.46,180000,1.29,13.178294573643413,2026-09-29
714034,1.5,4000,1.32,13.636363636363635,2026-09-29
714037,0.91,214000,0.8400000000000001,8.333333333333332,2026-09-29
714038,1.13,7000,1.0599999999999998,6.603773584905662,2026-09-29
714042,1.49,20000,1.39,7.194244604316548,2026-09-29
714043,1.22,102000,1.33,-8.270676691729323,2026-09-29
714044,2.89,113000,2.44,18.442622950819672,2026-09-29
714045,2.07,69000,1.7499999999999998,18.28571428571429,2026-09-29
714046,1.78,110000,1.52,17.105263157894736,2026-09-29
714047,0.95,28000,0.8999999999999999,5.555555555555556,2026-09-29
714048,1.6,30000,1.48,8.108108108108109,2026-09-29
714052,1.66,90000,1.5699999999999998,5.7324840764331215,2026-09-29
714053,0.6,613000,0.64,-6.25,2026-09-29
714055,0.69,14000,0.71,-2.8169014084507045,2026-09-29
714056,1.14,295000,0.95,20.0,2026-09-29
714057,0.5,899000,0.42,19.04761904761905,2026-09-29
714058,0.87,204000,0.9,-3.3333333333333335,2026-09-29
714059,1.01,107000,1.03,-1.9417475728155338,2026-09-29
714060,1.17,78000,1.19,-1.6806722689075633,2026-09-29
714061,0.75,13000,0.72,4.166666666666666,2026-09-29
714062,0.83,73000,0.82,1.2195121951219512,2026-09-29
714063,4.2,7000,4.26,-1.4084507042253522,2026-09-29
714064,3.85,1000,3.6,6.944444444444445,2026-09-29
714065,4.92,50000,4.57,7.658643326039387,2026-09-29
714066,4.14,120000,4.05,2.2222222222222223,2026-09-29
714067,1.22,12000,1.25,-2.4,2026-09-29
714068,0.63,112000,0.53,18.867924528301888,2026-09-29
714070,1.44,86000,1.46,-1.3698630136986303,2026-09-29
714071,1.53,25000,1.69,-9.467455621301776,2026-09-29
714072,3.28,1000,3.6399999999999997,-9.89010989010989,2026-09-29
714073,2.45,11000,2.9400000000000004,-16.666666666666664,2026-09-29
714074,1.58,107000,1.74,-9.195402298850574,2026-09-29
714075,4.54,10000,4.78,-5.020920502092049,2026-09-29
714077,1.18,92000,0.8999999999999999,31.111111111111118,2026-09-29
714078,0.96,1492000,0.82,17.073170731707318,2026-09-29
714079,1.4,10000,1.3399999999999999,4.477611940298508,2026-09-29
714080,3.33,185000,3.6,-7.5,2026-09-29
714081,3.22,223000,3.39,-5.014749262536873,2026-09-29
714082,3.17,268000,3.3,-3.93939393939394,2026-09-29
714083,2.55,266000,2.46,3.6585365853658534,2026-09-29
714084,2.9,9000,2.81,3.202846975088968,2026-09-29
714085,3.07,9000,3.1199999999999997,-1.6025641025641029,2026-09-29
714086,0.97,352000,0.86,12.790697674418606,2026-09-29
714087,1.09,165000,1.07,1.8691588785046727,2026-09-29
714088,1.28,244000,1.15,11.304347826086957,2026-09-29
714089,0.57,730000,0.44999999999999996,26.666666666666668,2026-09-29
714090,0.67,322000,0.6000000000000001,11.666666666666666,2026-09-29
714091,0.96,159000,0.95,1.0526315789473686,2026-09-29
714092,1.27,93000,1.42,-10.56338028169014,2026-09-29
714093,1.32,294000,1.4100000000000001,-6.382978723404255,2026-09-29
714094,1.5,253000,1.6,-6.25,2026-09-29
714095,1.62,936000,1.7000000000000002,-4.705882352941177,2026-09-29
714096,1.7,210000,1.89,-10.052910052910054,2026-09-29
714097,2.25,55000,2.35,-4.25531914893617,2026-09-29
714098,2.58,12000,3.0300000000000002,-14.85148514851485,2026-09-29
714099,2.62,21000,3.0,-12.666666666666668,2026-09-29
714100,3.47,17000,3.8000000000000003,-8.68421052631579,2026-09-29
714103,2.53,552000,2.55,-0.7843137254901961,2026-09-29
714104,2.13,152000,1.5299999999999998,39.21568627450981,2026-09-29
714105,1.82,38000,1.46,24.65753424657534,2026-09-29
714106,2.05,107000,1.7599999999999998,16.47727272727273,2026-09-29
714107,1.8,43000,1.77,1.694915254237288,2026-09-29
714108,2.36,28000,2.48,-4.838709677419355,2026-09-29
714109,1.26,1293000,1.24,1.6129032258064515,2026-09-29
714110,1.24,2863000,1.22,1.639344262295082,2026-09-29
714111,0.93,656000,0.9,3.3333333333333335,2026-09-29
714112,1.01,982000,1.0,1.0,2026-09-29
714113,0.39,61000,0.36,8.333333333333332,2026-09-29
714114,0.44,44000,0.45,-2.2222222222222223,2026-09-29
714118,0.83,110000,0.84,-1.1904761904761907,2026-09-29
714120,0.59,1515000,0.61,-3.278688524590164,2026-09-29
714121,0.68,44000,0.67,1.4925373134328357,2026-09-29
714122,0.88,79000,0.9,-2.2222222222222223,2026-09-29
714128,1.68,10000,1.79,-6.145251396648044,2026-09-29
714129,1.24,41000,1.31,-5.34351145038168,2026-09-29
714131,1.8,79000,1.7,5.882352941176471,2026-09-29
714132,2.4,117000,2.34,2.564102564102564,2026-09-29
714133,1.77,156000,1.28,38.28125,2026-09-29
714134,2.21,48000,2.03,8.866995073891626,2026-09-29
714135,2.11,160000,1.8199999999999998,15.934065934065936,2026-09-29
714136,3.01,35000,2.8899999999999997,4.152249134948097,2026-09-29
714137,1.28,137000,1.28,0.0,2026-09-29
714138,0.71,75000,0.62,14.516129032258062,2026-09-29
714139,0.46,723000,0.4,15.0,2026-09-29
714140,4.31,5000,4.67,-7.708779443254818,2026-09-29
714142,0.73,134000,0.6699999999999999,8.955223880597016,2026-09-29
714143,1.24,1384000,1.2,3.3333333333333335,2026-09-29
714144,0.61,214000,0.5599999999999999,8.92857142857143,2026-09-29
714145,0.39,255000,0.35000000000000003,11.428571428571429,2026-09-29
714146,0.78,162000,0.8,-2.5,2026-09-29
714147,2.24,30000,2.4800000000000004,-9.677419354838708,2026-09-29
714150,1.33,86000,1.4000000000000001,-5.0,2026-09-29
714151,2.16,45000,2.25,-4.0,2026-09-29
714152,0.88,588000,0.93,-5.376344086021505,2026-09-29
714153,1.0,1000,0.98,2.0408163265306123,2026-09-29
714154,2.19,137000,2.02,8.415841584158416,2026-09-29
714155,2.0,87000,1.9,5.2631578947368425,2026-09-29
714156,4.07,169000,3.8800000000000003,4.896907216494846,2026-09-29
714157,0.89,211000,0.89,0.0,2026-09-29
714158,0.79,123000,0.77,2.5974025974025974,2026-09-29
714159,0.96,299000,1.02,-5.88235294117647,2026-09-29
714160,1.11,147000,1.0,11.0,2026-09-29
714161,0.76,822000,0.8200000000000001,-7.317073170731707,2026-09-29
714162,1.9,46000,1.95,-2.5641025641025643,2026-09-29
714163,1.62,78000,1.4900000000000002,8.7248322147651,2026-09-29
714164,2.39,14000,2.2,8.636363636363635,2026-09-29
714165,1.65,33000,1.72,-4.069767441860465,2026-09-29
714167,1.84,3000,2.1,-12.380952380952381,2026-09-29
714172,1.35,200000,1.09,23.85321100917431,2026-09-29
714173,1.36,311000,1.1500000000000001,18.260869565217387,2026-09-29
714174,1.69,844000,1.47,14.965986394557824,2026-09-29
714175,3.62,29000,2.87,26.132404181184672,2026-09-29
714176,1.51,71000,1.55,-2.5806451612903225,2026-09-29
714177,1.8,132000,1.76,2.272727272727273,2026-09-29
714178,1.8,4000,1.75,2.857142857142857,2026-09-29
714179,0.79,748000,0.8300000000000001,-4.8192771084337345,2026-09-29
714180,0.73,390000,0.75,-2.666666666666667,2026-09-29
714181,0.82,185000,0.76,7.894736842105263,2026-09-29
714182,1.12,563000,1.1900000000000002,-5.88235294117647,2026-09-29
714183,3.3,121000,3.5,-5.714285714285714,2026-09-29
714184,3.24,51000,3.5,-7.428571428571429,2026-09-29
714185,4.23,82000,4.57,-7.439824945295405,2026-09-29
714186,4.75,10000,5.1,-6.862745098039216,2026-09-29
714187,1.18,12000,1.23,-4.065040650406504,2026-09-29
714188,0.85,17000,0.89,-4.49438202247191,2026-09-29
714190,1.23,10000,1.17,5.128205128205128,2026-09-29
714191,0.79,612000,0.65,21.53846153846154,2026-09-29
714192,0.47,1000,0.41,14.634146341463413,2026-09-29
714193,0.42,268000,0.36,16.666666666666664,2026-09-29
714194,1.1,57000,1.1,0.0,2026-09-29
714195,1.11,708000,0.8800000000000001,26.136363636363637,2026-09-29
714196,1.07,54000,0.9,18.88888888888889,2026-09-29
714197,1.46,3000,1.3399999999999999,8.955223880597016,2026-09-29
714198,0.96,60000,0.86,11.627906976744187,2026-09-29
714199,0.74,245000,0.73,1.3698630136986303,2026-09-29
714203,2.27,465000,2.32,-2.1551724137931036,2026-09-29
714205,2.04,283000,1.93,5.699481865284974,2026-09-29
714206,1.67,107000,1.3599999999999999,22.794117647058826,2026-09-29
714208,0.72,5000,0.64,12.5,2026-09-29
714209,0.89,150000,0.9400000000000001,-5.319148936170213,2026-09-29
714210,0.81,109000,0.78,3.846153846153846,2026-09-29
714211,1.64,76000,1.38,18.84057971014493,2026-09-29
714212,2.64,22000,3.1500000000000004,-16.19047619047619,2026-09-29
714213,1.73,202000,2.04,-15.196078431372548,2026-09-29
714216,2.81,10000,2.69,4.4609665427509295,2026-09-29
714217,0.92,60000,0.89,3.3707865168539324,2026-09-29
714218,1.06,262000,1.1500000000000001,-7.826086956521738,2026-09-29
714219,0.82,38000,0.6399999999999999,28.125000000000007,2026-09-29
714220,1.58,58000,1.56,1.282051282051282,2026-09-29
714221,1.36,227000,1.4000000000000001,-2.857142857142857,2026-09-29
714222,1.8,600000,1.4500000000000002,24.137931034482754,2026-09-29
714223,1.83,259000,1.2400000000000002,47.58064516129031,2026-09-29
714224,0.97,539000,1.03,-5.825242718446601,2026-09-29
714225,0.42,1000,0.44999999999999996,-6.666666666666667,2026-09-29
714226,2.88,108000,2.9099999999999997,-1.0309278350515465,2026-09-29
714230,1.45,189000,1.45,0.0,2026-09-29
714231,1.32,26000,1.35,-2.222222222222222,2026-09-29
714232,3.46,2000,4.18,-17.22488038277512,2026-09-29
714233,0.82,3000,0.75,9.333333333333334,2026-09-29
714236,1.05,107000,1.05,0.0,2026-09-29
714242,1.32,53000,1.12,17.857142857142858,2026-09-29
714243,0.58,177000,0.52,11.538461538461538,2026-09-29
714244,0.53,868000,0.48000000000000004,10.416666666666666,2026-09-29
714245,0.79,3000,0.78,1.282051282051282,2026-09-29
714246,0.69,648000,0.6399999999999999,7.812500000000002,2026-09-29
714247,0.47,1355000,0.42,11.904761904761905,2026-09-29
714248,1.94,205000,1.7,14.117647058823529,2026-09-29
714249,0.68,188000,0.64,6.25,2026-09-29
714250,0.86,216000,0.79,8.860759493670885,2026-09-29
714251,1.4,249000,1.2999999999999998,7.692307692307694,2026-09-29
714252,1.48,93000,1.4,5.714285714285714,2026-09-29
714253,0.77,443000,0.74,4.054054054054054,2026-09-29
714256,1.07,25000,1.08,-0.9259259259259258,2026-09-29
714257,1.34,226000,1.35,-0.7407407407407407,2026-09-29
714258,1.06,160000,1.05,0.9523809523809523,2026-09-29
714259,0.95,154000,0.96,-1.0416666666666667,2026-09-29
714260,0.81,254000,0.89,-8.98876404494382,2026-09-29
714261,1.04,194000,1.4100000000000001,-26.24113475177305,2026-09-29
714262,2.76,100000,2.53,9.090909090909092,2026-09-29
714263,1.75,213000,1.59,10.062893081761006,2026-09-29
714264,1.02,379000,1.15,-11.304347826086957,2026-09-29
714265,0.92,737000,0.8400000000000001,9.523809523809524,2026-09-29
714266,1.74,11000,1.42,22.535211267605636,2026-09-29
714270,1.2,180000,1.0,20.0,2026-09-29
714271,2.3,132000,2.2199999999999998,3.603603603603604,2026-09-29
714273,1.61,266000,1.3,23.846153846153843,2026-09-29
714274,1.94,37000,2.04,-4.901960784313726,2026-09-29
714276,2.77,79000,2.3,20.434782608695652,2026-09-29
714278,1.26,281000,1.17,7.6923076923076925,2026-09-29
714281,2.82,31000,3.05,-7.540983606557377,2026-09-29
714282,2.24,344000,2.3200000000000003,-3.4482758620689653,2026-09-29
714283,1.35,20000,1.61,-16.149068322981368,2026-09-29
714285,1.53,29000,1.29,18.6046511627907,2026-09-29
714286,1.88,74000,1.63,15.337423312883436,2026-09-29
714287,2.0,60000,1.52,31.57894736842105,2026-09-29
714288,1.88,1113000,1.9,-1.0526315789473686,2026-09-29
714289,6.4,13000,4.92,30.081300813008134,2026-09-29
714290,3.34,12000,2.8,19.28571428571429,2026-09-29
714291,3.26,82000,3.0999999999999996,5.161290322580646,2026-09-29
714292,1.06,299000,1.03,2.9126213592233006,2026-09-29
714293,0.87,194000,0.85,2.3529411764705883,2026-09-29
714295,0.87,373000,0.9,-3.3333333333333335,2026-09-29
714296,1.45,373000,1.3,11.538461538461538,2026-09-29
714297,3.75,20000,3.89,-3.5989717223650386,2026-09-29
714298,1.9,60000,1.8699999999999999,1.6042780748663104,2026-09-29
714299,1.79,533000,1.65,8.484848484848486,2026-09-29
714300,0.87,2000,0.88,-1.1363636363636365,2026-09-29
714305,1.48,22000,1.4,5.714285714285714,2026-09-29
714306,3.52,88000,3.65,-3.5616438356164384,2026-09-29
714307,1.51,128000,1.63,-7.361963190184049,2026-09-29
714308,1.4,315000,1.49,-6.040268456375839,2026-09-29
714310,1.22,2822000,1.25,-2.4,2026-09-29
714311,1.3,319000,1.35,-3.7037037037037033,2026-09-29
714313,0.75,735000,0.77,-2.5974025974025974,2026-09-29
714315,0.76,20000,0.75,1.3333333333333335,2026-09-29
714316,0.64,1100000,0.62,3.225806451612903,2026-09-29
714317,0.57,40000,0.6,-5.0,2026-09-29
714319,0.99,371000,0.9299999999999999,6.451612903225806,2026-09-29
714320,0.75,387000,0.65,15.384615384615385,2026-09-29
714321,0.65,1285000,0.5900000000000001,10.169491525423727,2026-09-29
714323,0.35,103000,0.33999999999999997,2.9411764705882355,2026-09-29
714324,1.29,283000,1.3,-0.7692307692307692,2026-09-29
714325,0.86,283000,0.73,17.808219178082194,2026-09-29
714326,0.44,296000,0.48,-8.333333333333334,2026-09-29
714327,0.73,2617000,0.69,5.797101449275363,2026-09-29
714328,1.83,15000,2.02,-9.405940594059405,2026-09-29
714330,1.3,46000,1.3,0.0,2026-09-29
714331,0.8,13000,0.73,9.589041095890412,2026-09-29
714333,1.51,21000,1.3900000000000001,8.633093525179856,2026-09-29
714334,0.91,63000,0.93,-2.150537634408602,2026-09-29
714336,5.35,20000,4.27,25.292740046838414,2026-09-29
714337,1.58,646000,1.3800000000000001,14.492753623188406,2026-09-29
714338,2.79,268000,2.73,2.1978021978021975,2026-09-29
714339,0.88,403000,0.8200000000000001,7.317073170731707,2026-09-29
714340,0.86,41000,0.89,-3.3707865168539324,2026-09-29
714341,1.04,129000,1.02,1.9607843137254901,2026-09-29
714342,1.67,472000,1.5299999999999998,9.150326797385624,2026-09-29
714343,1.69,583000,1.5699999999999998,7.643312101910829,2026-09-29
714344,2.27,10000,2.43,-6.584362139917695,2026-09-29
714346,2.38,63000,1.77,34.463276836158194,2026-09-29
714347,2.32,108000,2.1399999999999997,8.41121495327103,2026-09-29
714352,1.47,62000,1.42,3.5211267605633805,2026-09-29
714353,2.32,264000,2.4,-3.3333333333333335,2026-09-29
714354,2.71,51000,2.87,-5.574912891986063,2026-09-29
714355,1.53,74000,1.5,2.0,2026-09-29
714356,1.5,50000,1.44,4.166666666666666,2026-09-29
714357,3.09,242000,2.9699999999999998,4.040404040404041,2026-09-29
714358,4.84,40000,3.88,24.742268041237114,2026-09-29
714360,1.01,148000,0.99,2.0202020202020203,2026-09-29
714361,1.04,15000,0.9400000000000001,10.638297872340425,2026-09-29
714362,2.08,44000,1.83,13.661202185792348,2026-09-29
714363,1.35,15000,1.29,4.651162790697675,2026-09-29
714366,2.22,15000,2.1500000000000004,3.255813953488372,2026-09-29
714367,1.26,129000,1.2,5.0,2026-09-29
714369,1.22,72000,1.31,-6.870229007633586,2026-09-29
714370,1.0,39000,1.03,-2.9126213592233006,2026-09-29
714371,1.06,23000,1.1700000000000002,-9.4017094017094,2026-09-29
714372,0.94,40000,0.99,-5.050505050505051,2026-09-29
714373,1.39,290000,1.39,0.0,2026-09-29
714374,1.19,60000,1.1099999999999999,7.207207207207208,2026-09-29
714375,1.57,28000,1.59,-1.2578616352201257,2026-09-29
714376,2.35,65000,2.29,2.6200873362445414,2026-09-29
714377,1.16,701000,1.17,-0.8547008547008548,2026-09-29
714378,1.73,53000,1.57,10.19108280254777,2026-09-29
714379,1.01,113000,0.92,9.782608695652172,2026-09-29
714380,0.92,420000,0.8500000000000001,8.235294117647058,2026-09-29
714381,1.91,42000,2.0,-4.5,2026-09-29
714382,1.39,290000,1.3699999999999999,1.4598540145985404,2026-09-29
714383,0.67,258000,0.67,0.0,2026-09-29
714384,0.91,201000,0.8400000000000001,8.333333333333332,2026-09-29
714385,0.76,344000,0.67,13.432835820895523,2026-09-29
714386,2.25,1000,2.1,7.142857142857142,2026-09-29
714387,2.6,20000,2.0,30.0,2026-09-29
714388,0.63,352000,0.69,-8.695652173913043,2026-09-29
714389,1.07,10000,1.09,-1.8348623853211006,2026-09-29
714390,0.92,318000,0.9600000000000001,-4.166666666666666,2026-09-29
714394,1.04,10000,1.04,0.0,2026-09-29
714395,1.27,6000,1.24,2.4193548387096775,2026-09-29
714396,0.87,175000,0.9,-3.3333333333333335,2026-09-29
714397,1.2,951000,1.19,0.8403361344537816,2026-09-29
714398,1.56,65000,1.58,-1.2658227848101267,2026-09-29
714399,1.01,166000,1.07,-5.6074766355140175,2026-09-29
714401,1.04,157000,1.1300000000000001,-7.964601769911503,2026-09-29
714402,0.72,187000,0.7,2.857142857142857,2026-09-29
714403,0.85,134000,0.84,1.1904761904761907,2026-09-29
714405,2.53,37000,2.59,-2.3166023166023164,2026-09-29
714406,1.33,196000,1.4200000000000002,-6.338028169014083,2026-09-29
714409,1.11,27000,1.1500000000000001,-3.478260869565217,2026-09-29
714410,1.62,9000,1.61,0.6211180124223602,2026-09-29
714411,0.87,196000,0.89,-2.247191011235955,2026-09-29
714412,0.52,77000,0.52,0.0,2026-09-29
714413,1.69,420000,1.91,-11.518324607329845,2026-09-29
714414,0.68,48000,0.7200000000000001,-5.555555555555555,2026-09-29
714415,1.54,23000,1.74,-11.49425287356322,2026-09-29
714416,0.98,3000,0.9299999999999999,5.376344086021506,2026-09-29
714417,1.68,9000,1.5899999999999999,5.660377358490567,2026-09-29
714418,1.55,76000,1.52,1.9736842105263157,2026-09-29
714419,1.28,58000,1.26,1.5873015873015872,2026-09-29
714420,1.1,10000,1.0,10.0,2026-09-29
714422,0.82,65000,0.85,-3.5294117647058822,2026-09-29
714424,1.04,50000,1.06,-1.8867924528301887,2026-09-29
714425,0.75,33000,0.72,4.166666666666666,2026-09-29
714426,1.48,80000,1.6099999999999999,-8.074534161490684,2026-09-29
714427,1.34,541000,1.07,25.233644859813086,2026-09-29
714430,0.79,24000,0.79,0.0,2026-09-29
714431,1.4,124000,1.3699999999999999,2.18978102189781,2026-09-29
714432,0.7,580000,0.7,0.0,2026-09-29
714433,0.65,909000,0.5,30.0,2026-09-29
714434,0.52,221000,0.61,-14.754098360655737,2026-09-29
714435,0.63,316000,0.68,-7.352941176470589,2026-09-29
714436,0.53,293000,0.56,-5.357142857142856,2026-09-29
714437,0.91,24000,0.93,-2.150537634408602,2026-09-29
714438,1.37,139000,1.25,9.6,2026-09-29
714439,1.35,90000,1.28,5.468750000000001,2026-09-29
714440,1.44,6000,1.5,-4.0,2026-09-29
714441,1.9,11000,2.04,-6.862745098039216,2026-09-29
714442,1.38,146000,1.43,-3.4965034965034967,2026-09-29
714443,0.64,30000,0.62,3.225806451612903,2026-09-29
714444,0.85,161000,0.87,-2.2988505747126435,2026-09-29
714445,0.73,511000,0.6799999999999999,7.35294117647059,2026-09-29
714446,0.85,809000,0.76,11.842105263157894,2026-09-29
714449,1.06,379000,0.81,30.864197530864196,2026-09-29
714450,2.4,5000,2.1,14.285714285714285,2026-09-29
714451,4.96,3000,3.44,44.18604651162791,2026-09-29
714452,0.68,716000,0.6200000000000001,9.677419354838708,2026-09-29
714453,1.21,36000,1.1199999999999999,8.035714285714286,2026-09-29
714454,1.05,24000,1.06,-0.9433962264150944,2026-09-29
714455,1.88,41000,1.5999999999999999,17.500000000000004,2026-09-29
714456,1.03,10000,1.03,0.0,2026-09-29
714458,3.0,31000,3.05,-1.639344262295082,2026-09-29
714459,1.07,5000,1.08,-0.9259259259259258,2026-09-29
714460,2.88,31000,2.82,2.127659574468085,2026-09-29
714461,0.96,5000,0.88,9.090909090909092,2026-09-29
714462,3.13,165000,2.4299999999999997,28.80658436213992,2026-09-29
714463,2.18,10000,2.18,0.0,2026-09-29
714464,1.06,21000,1.05,0.9523809523809523,2026-09-29
714466,1.47,85000,1.38,6.521739130434782,2026-09-29
714467,1.9,87000,1.98,-4.040404040404041,2026-09-29
714468,1.86,56000,1.83,1.6393442622950818,2026-09-29
714469,1.43,434000,1.41,1.4184397163120568,2026-09-29
714470,0.5,521000,0.47,6.382978723404255,2026-09-29
714472,1.16,117000,1.0899999999999999,6.422018348623855,2026-09-29
714473,0.97,307000,0.9099999999999999,6.593406593406594,2026-09-29
714474,1.42,70000,1.3199999999999998,7.575757575757577,2026-09-29
714475,0.95,1000,0.8999999999999999,5.555555555555556,2026-09-29
714476,0.76,473000,0.76,0.0,2026-09-29
714478,1.02,2000,0.87,17.241379310344826,2026-09-29
714481,1.39,51000,1.5099999999999998,-7.9470198675496695,2026-09-29
714482,1.46,77000,1.53,-4.575163398692811,2026-09-29
714483,1.11,24000,1.56,-28.846153846153843,2026-09-29
714484,1.12,67000,1.12,0.0,2026-09-29
714485,1.65,55000,1.67,-1.1976047904191618,2026-09-29
714486,1.23,199000,1.26,-2.380952380952381,2026-09-29
714487,1.2,395000,1.18,1.694915254237288,2026-09-29
714488,1.35,57000,1.09,23.85321100917431,2026-09-29
714489,1.13,37000,1.16,-2.586206896551724,2026-09-29
714490,1.45,320000,1.45,0.0,2026-09-29
714491,1.94,283000,2.03,-4.433497536945813,2026-09-29
714493,1.28,6000,1.26,1.5873015873015872,2026-09-29
714495,1.55,12000,1.56,-0.641025641025641,2026-09-29
714497,1.65,5000,1.6199999999999999,1.8518518518518516,2026-09-29
714499,1.72,73000,1.49,15.436241610738255,2026-09-29
714500,0.83,5000,0.8999999999999999,-7.7777777777777795,2026-09-29
714501,2.58,14000,2.14,20.5607476635514,2026-09-29
714502,6.15,23000,4.380000000000001,40.410958904109584,2026-09-29
714503,0.87,174000,0.83,4.819277108433735,2026-09-29
714504,1.1,3902000,1.03,6.79611650485437,2026-09-29
714506,2.39,194000,2.5700000000000003,-7.003891050583657,2026-09-29
714507,2.18,100000,2.21,-1.3574660633484164,2026-09-29
714508,2.11,178000,2.29,-7.860262008733623,2026-09-29
714509,2.19,240000,2.37,-7.594936708860758,2026-09-29
714510,0.94,15000,1.02,-7.8431372549019605,2026-09-29
714511,2.79,81000,2.3200000000000003,20.258620689655167,2026-09-29
714512,1.96,52000,1.99,-1.507537688442211,2026-09-29
714513,1.91,585000,2.21,-13.574660633484163,2026-09-29
714514,2.38,29000,2.6,-8.46153846153846,2026-09-29
714515,4.78,3000,3.49,36.96275071633238,2026-09-29
714516,3.2,686000,3.2,0.0,2026-09-29
714517,2.11,719000,2.01,4.975124378109454,2026-09-29
714518,2.08,31000,2.21,-5.882352941176471,2026-09-29
714519,0.77,748000,0.76,1.3157894736842104,2026-09-29
714520,2.11,20000,2.03,3.9408866995073897,2026-09-29
714521,2.49,36000,2.45,1.6326530612244896,2026-09-29
714522,1.35,45000,1.31,3.0534351145038165,2026-09-29
714523,2.37,30000,2.2800000000000002,3.9473684210526305,2026-09-29
714524,1.36,549000,1.34,1.4925373134328357,2026-09-29
714526,0.5,94000,0.51,-1.9607843137254901,2026-09-29
714528,0.89,8000,0.9,-1.1111111111111112,2026-09-29
714529,1.6,281000,1.7000000000000002,-5.88235294117647,2026-09-29
714530,1.51,187000,1.63,-7.361963190184049,2026-09-29
714531,0.86,81000,0.91,-5.4945054945054945,2026-09-29
714532,1.34,107000,1.46,-8.21917808219178,2026-09-29
714533,1.28,88000,1.27,0.7874015748031495,2026-09-29
714534,1.24,40000,1.24,0.0,2026-09-29
714537,4.05,12000,4.069999999999999,-0.49140049140049147,2026-09-29
714538,1.95,102000,2.13,-8.450704225352112,2026-09-29
714539,2.88,69000,3.16,-8.860759493670885,2026-09-29
714541,0.97,803000,0.88,10.227272727272727,2026-09-29
714542,0.62,76000,0.62,0.0,2026-09-29
714543,0.55,30000,0.5800000000000001,-5.1724137931034475,2026-09-29
714544,0.48,159000,0.47,2.1276595744680855,2026-09-29
714545,0.6,1015000,0.59,1.694915254237288,2026-09-29
714546,1.99,2000,1.91,4.18848167539267,2026-09-29
714548,2.31,15000,2.11,9.47867298578199,2026-09-29
714549,1.31,26000,1.29,1.550387596899225,2026-09-29
714550,1.88,566000,1.8099999999999998,3.8674033149171274,2026-09-29
714551,1.6,38000,1.49,7.38255033557047,2026-09-29
714552,1.75,94000,1.83,-4.371584699453552,2026-09-29
714553,1.54,162000,1.6600000000000001,-7.228915662650602,2026-09-29
714554,1.75,35000,1.73,1.1560693641618498,2026-09-29
714556,1.35,317000,1.1300000000000001,19.469026548672563,2026-09-29
714558,1.17,2000,1.02,14.705882352941178,2026-09-29
714559,0.71,106000,0.6499999999999999,9.230769230769232,2026-09-29
714560,0.48,90000,0.45999999999999996,4.347826086956522,2026-09-29
714562,0.82,17000,0.86,-4.651162790697675,2026-09-29
714563,0.73,107000,0.78,-6.4102564102564115,2026-09-29
714565,0.81,453000,0.8200000000000001,-1.2195121951219512,2026-09-29
714566,2.58,511000,1.87,37.96791443850267,2026-09-29
714567,1.07,182000,1.1,-2.7272727272727266,2026-09-29
714568,0.76,12000,0.72,5.555555555555556,2026-09-29
714569,1.04,12000,0.93,11.82795698924731,2026-09-29
714570,1.28,15000,1.23,4.065040650406504,2026-09-29
714571,1.86,184000,1.7200000000000002,8.139534883720929,2026-09-29
714574,1.63,171000,1.67,-2.3952095808383236,2026-09-29
714575,1.56,37000,1.49,4.697986577181208,2026-09-29
714577,1.74,100000,1.81,-3.8674033149171274,2026-09-29
714579,1.4,121000,1.45,-3.4482758620689653,2026-09-29
714580,1.71,36000,1.3199999999999998,29.545454545454554,2026-09-29
714585,1.55,88000,1.53,1.3071895424836601,2026-09-29
714586,1.68,9000,1.69,-0.591715976331361,2026-09-29
714588,1.54,125000,1.49,3.3557046979865772,2026-09-29
714591,0.6,512000,0.5,20.0,2026-09-29
714592,0.59,584000,0.5,18.0,2026-09-29
714593,0.73,788000,0.75,-2.666666666666667,2026-09-29
714594,0.87,400000,0.88,-1.1363636363636365,2026-09-29
714595,1.57,94000,1.49,5.369127516778524,2026-09-29
714598,1.05,288000,1.05,0.0,2026-09-29
714599,1.78,10000,1.81,-1.6574585635359116,2026-09-29
714603,1.04,5000,1.04,0.0,2026-09-29
714605,1.7,157000,1.71,-0.584795321637427,2026-09-29
714606,1.58,83000,1.58,0.0,2026-09-29
714607,1.3,337000,1.27,2.3622047244094486,2026-09-29
714608,3.35,167000,2.59,29.343629343629345,2026-09-29
714609,3.07,1000,2.2699999999999996,35.24229074889868,2026-09-29
714610,0.94,282000,0.94,0.0,2026-09-29
714611,1.78,131000,1.67,6.58682634730539,2026-09-29
714613,2.28,29000,1.8199999999999998,25.27472527472528,2026-09-29
714614,2.01,7000,2.01,0.0,2026-09-29
714615,3.39,450000,3.5900000000000003,-5.571030640668524,2026-09-29
714617,1.17,28000,1.22,-4.0983606557377055,2026-09-29
714618,2.63,4000,2.32,13.362068965517244,2026-09-29
714621,0.65,46000,0.6900000000000001,-5.797101449275361,2026-09-29
714625,1.89,91000,2.02,-6.435643564356436,2026-09-29
714628,0.93,211000,0.9400000000000001,-1.0638297872340425,2026-09-29
714635,1.49,105000,1.38,7.971014492753624,2026-09-29
714636,2.29,205000,2.44,-6.147540983606557,2026-09-29
714637,1.36,27000,1.34,1.4925373134328357,2026-09-29
714641,2.01,68000,2.0199999999999996,-0.49504950495049516,2026-09-29
714642,2.07,1005000,2.1799999999999997,-5.045871559633029,2026-09-29
714643,0.89,230000,0.8,11.249999999999998,2026-09-29
714646,1.75,111000,1.8900000000000001,-7.4074074074074066,2026-09-29
714647,1.67,30000,1.79,-6.70391061452514,2026-09-29
714650,2.84,103000,2.6399999999999997,7.575757575757577,2026-09-29
714651,1.97,168000,1.94,1.5463917525773196,2026-09-29
714652,2.47,122000,2.4400000000000004,1.2295081967213113,2026-09-29
714653,3.02,35000,3.17,-4.73186119873817,2026-09-29
714654,3.62,1137000,3.8200000000000003,-5.2356020942408374,2026-09-29
714655,1.98,59000,1.7,16.47058823529412,2026-09-29
714656,1.79,139000,1.46,22.602739726027398,2026-09-29
714657,1.97,3000,1.9,3.68421052631579,2026-09-29
714661,1.5,60000,1.28,17.1875,2026-09-29
714662,0.9,50000,0.8,12.5,2026-09-29
714667,0.66,429000,0.68,-2.941176470588235,2026-09-29
714668,0.6,662000,0.61,-1.639344262295082,2026-09-29
714671,1.07,13000,1.03,3.8834951456310676,2026-09-29
714672,0.94,141000,1.0899999999999999,-13.761467889908257,2026-09-29
714673,1.02,29000,0.99,3.0303030303030303,2026-09-29
714675,0.87,57000,1.02,-14.705882352941178,2026-09-29
714676,0.8,146000,0.9700000000000001,-17.525773195876287,2026-09-29
714677,0.97,103000,1.06,-8.49056603773585,2026-09-29
714678,1.88,1416000,1.95,-3.5897435897435903,2026-09-29
714679,1.85,677000,1.9100000000000001,-3.1413612565445024,2026-09-29
714680,1.78,89000,1.73,2.8901734104046244,2026-09-29
714681,2.23,183000,2.27,-1.762114537444934,2026-09-29
714682,2.42,107000,2.41,0.4149377593360996,2026-09-29
714683,2.27,227000,2.35,-3.404255319148936,2026-09-29
714684,2.12,512000,2.2,-3.6363636363636362,2026-09-29
714685,1.42,27000,1.3099999999999998,8.396946564885498,2026-09-29
714686,1.5,59000,1.52,-1.3157894736842104,2026-09-29
714687,2.84,143000,2.21,28.50678733031674,2026-09-29
714688,2.53,11000,2.5599999999999996,-1.1718750000000002,2026-09-29
714690,2.1,1020000,2.16,-2.7777777777777777,2026-09-29
714691,2.45,773000,2.49,-1.6064257028112447,2026-09-29
714692,2.39,239000,2.44,-2.0491803278688527,2026-09-29
714693,1.92,6000,1.75,9.714285714285715,2026-09-29
714694,1.22,137000,1.2,1.6666666666666667,2026-09-29
714697,1.72,288000,1.72,0.0,2026-09-29
714698,1.82,395000,1.81,0.5524861878453038,2026-09-29
714699,1.53,470000,1.53,0.0,2026-09-29
714700,1.51,187000,1.45,4.137931034482759,2026-09-29
714701,1.1,75000,1.03,6.79611650485437,2026-09-29
714702,1.68,54000,1.5499999999999998,8.38709677419355,2026-09-29
714703,1.83,19000,1.79,2.2346368715083798,2026-09-29
714705,2.57,150000,2.73,-5.86080586080586,2026-09-29
714709,3.58,137000,3.47,3.170028818443804,2026-09-29
714710,2.22,338000,2.3800000000000003,-6.722689075630252,2026-09-29
714711,4.06,34000,4.109999999999999,-1.2165450121654504,2026-09-29
714712,1.33,560000,1.31,1.5267175572519083,2026-09-29
714713,1.31,2755000,1.34,-2.2388059701492535,2026-09-29
714714,1.38,180000,1.4,-1.4285714285714286,2026-09-29
714715,1.28,32000,1.34,-4.477611940298507,2026-09-29
714716,1.51,124000,1.43,5.594405594405595,2026-09-29
714717,0.77,183000,0.8400000000000001,-8.333333333333332,2026-09-29
714718,2.04,29000,1.9,7.36842105263158,2026-09-29
714719,0.82,268000,0.84,-2.3809523809523814,2026-09-29
714720,1.28,81000,1.34,-4.477611940298507,2026-09-29
714721,0.98,260000,1.06,-7.547169811320755,2026-09-29
714723,0.67,101000,0.7100000000000001,-5.633802816901408,2026-09-29
714726,0.84,51000,0.86,-2.3255813953488373,2026-09-29
714729,1.48,110000,1.49,-0.6711409395973155,2026-09-29
714730,1.83,160000,1.85,-1.081081081081081,2026-09-29
714731,1.62,164000,1.58,2.5316455696202533,2026-09-29
714732,1.3,274000,1.28,1.5625,2026-09-29
714733,1.36,205000,1.36,0.0,2026-09-29
714734,1.22,44000,1.22,0.0,2026-09-29
714735,0.81,128000,0.81,0.0,2026-09-29
714736,0.98,98000,0.96,2.0833333333333335,2026-09-29
714737,1.05,177000,1.01,3.9603960396039604,2026-09-29
714738,1.28,86000,1.34,-4.477611940298507,2026-09-29
714739,1.17,317000,1.16,0.8620689655172415,2026-09-29
714740,1.65,22000,1.7,-2.9411764705882355,2026-09-29
714741,1.99,17000,2.04,-2.450980392156863,2026-09-29
714743,2.48,16000,2.47,0.4048582995951417,2026-09-29
714744,2.41,15000,2.42,-0.4132231404958678,2026-09-29
714748,1.6,86000,1.6700000000000002,-4.191616766467066,2026-09-29
714749,1.83,5000,1.9300000000000002,-5.181347150259067,2026-09-29
714750,1.88,7000,1.97,-4.568527918781726,2026-09-29
714751,0.81,65000,0.89,-8.98876404494382,2026-09-29
714752,1.11,33000,1.08,2.7777777777777777,2026-09-29
714753,3.63,28000,3.9499999999999997,-8.10126582278481,2026-09-29
714754,0.72,1472000,0.73,-1.3698630136986303,2026-09-29
714755,0.68,262000,0.7200000000000001,-5.555555555555555,2026-09-29
714756,0.79,784000,0.88,-10.227272727272727,2026-09-29
714757,1.35,485000,1.1,22.727272727272727,2026-09-29
714758,1.14,309000,1.17,-2.564102564102564,2026-09-29
714759,2.38,50000,2.11,12.79620853080569,2026-09-29
714760,1.75,1000,1.87,-6.41711229946524,2026-09-29
714761,1.72,60000,1.9,-9.473684210526317,2026-09-29
714762,2.0,23000,2.16,-7.4074074074074066,2026-09-29
714763,2.06,127000,2.29,-10.043668122270741,2026-09-29
714764,2.33,43000,2.44,-4.508196721311475,2026-09-29
714765,0.62,11000,0.64,-3.125,2026-09-29
714767,2.16,213000,2.25,-4.0,2026-09-29
714768,2.31,370000,2.24,3.125,2026-09-29
714769,0.65,798000,0.65,0.0,2026-09-29
714770,0.71,270000,0.71,0.0,2026-09-29
714771,0.82,113000,0.7899999999999999,3.79746835443038,2026-09-29
714772,0.65,75000,0.66,-1.5151515151515151,2026-09-29
714773,0.8,566000,0.8,0.0,2026-09-29
714774,0.92,100000,0.9400000000000001,-2.127659574468085,2026-09-29
714775,0.8,189000,0.76,5.263157894736842,2026-09-29
714778,0.61,15000,0.65,-6.153846153846153,2026-09-29
714779,1.66,104000,1.65,0.6060606060606062,2026-09-29
714780,1.48,236000,1.46,1.3698630136986303,2026-09-29
714781,1.7,54000,1.83,-7.103825136612022,2026-09-29
714782,0.75,850000,0.79,-5.063291139240507,2026-09-29
714783,0.86,929000,0.84,2.3809523809523814,2026-09-29
714784,1.01,792000,1.05,-3.8095238095238093,2026-09-29
714785,0.91,1187000,0.92,-1.0869565217391304,2026-09-29
714786,0.77,406000,0.8200000000000001,-6.097560975609756,2026-09-29
714787,1.25,373000,1.02,22.54901960784314,2026-09-29
714788,0.87,168000,0.76,14.473684210526317,2026-09-29
714789,1.03,1000,1.09,-5.504587155963303,2026-09-29
714790,1.04,20000,1.03,0.9708737864077669,2026-09-29
714791,1.93,76000,1.81,6.629834254143646,2026-09-29
714792,1.72,31000,1.53,12.418300653594772,2026-09-29
714794,1.41,101000,1.19,18.487394957983195,2026-09-29
714795,4.18,1000,4.3999999999999995,-5.000000000000001,2026-09-29
714796,3.06,173000,3.34,-8.383233532934133,2026-09-29
714797,1.56,189000,1.53,1.9607843137254901,2026-09-29
714798,2.26,8000,2.13,6.103286384976527,2026-09-29
714799,2.25,263000,2.34,-3.8461538461538463,2026-09-29
714801,2.68,12000,3.02,-11.258278145695364,2026-09-29
714802,2.63,11000,2.58,1.937984496124031,2026-09-29
714803,2.91,11000,2.91,0.0,2026-09-29
714804,1.37,343000,1.33,3.007518796992481,2026-09-29
714805,2.46,6000,2.33,5.579399141630901,2026-09-29
714806,2.38,12000,2.48,-4.03225806451613,2026-09-29
714808,2.83,43000,2.74,3.2846715328467146,2026-09-29
714809,2.02,20000,2.07,-2.415458937198068,2026-09-29
714811,1.6,235000,1.6800000000000002,-4.761904761904762,2026-09-29
714812,2.78,18000,2.9299999999999997,-5.119453924914676,2026-09-29
714814,1.69,657000,1.75,-3.428571428571429,2026-09-29
714817,0.76,71000,0.76,0.0,2026-09-29
714818,0.84,30000,0.86,-2.3255813953488373,2026-09-29
714819,1.47,444000,1.56,-5.769230769230769,2026-09-29
714821,1.75,64000,1.72,1.744186046511628,2026-09-29
714822,0.74,333000,0.73,1.3698630136986303,2026-09-29
714823,1.28,97000,1.28,0.0,2026-09-29
714824,0.61,49000,0.58,5.172413793103448,2026-09-29
714825,1.01,328000,0.97,4.123711340206185,2026-09-29
714826,0.85,401000,0.94,-9.574468085106384,2026-09-29
714828,1.6,112000,1.51,5.960264900662252,2026-09-29
714829,2.7,27000,2.3200000000000003,16.379310344827587,2026-09-29
714830,1.32,143000,1.1800000000000002,11.864406779661016,2026-09-29
714833,1.19,3000,1.25,-4.8,2026-09-29
714835,0.89,30000,0.91,-2.1978021978021975,2026-09-29
714836,1.08,75000,1.1500000000000001,-6.08695652173913,2026-09-29
714837,1.38,481000,1.2999999999999998,6.153846153846155,2026-09-29
714839,0.85,128000,0.88,-3.4090909090909087,2026-09-29
714840,1.7,89000,1.5999999999999999,6.250000000000002,2026-09-29
714842,1.9,176000,2.1399999999999997,-11.214953271028039,2026-09-29
714843,1.1,182000,1.1,0.0,2026-09-29
714844,1.05,2511000,1.0,5.0,2026-09-29
714846,2.0,61000,1.94,3.0927835051546393,2026-09-29
714847,2.02,49000,1.8900000000000001,6.878306878306878,2026-09-29
714849,1.71,462000,1.72,-0.5813953488372093,2026-09-29
714850,1.89,458000,1.91,-1.0471204188481675,2026-09-29
714851,2.26,4000,2.2399999999999998,0.892857142857143,2026-09-29
714852,1.22,96000,1.06,15.09433962264151,2026-09-29
714854,1.62,142000,1.58,2.5316455696202533,2026-09-29
714855,1.66,773000,1.66,0.0,2026-09-29
714856,1.23,677000,1.22,0.819672131147541,2026-09-29
714857,0.97,18000,1.01,-3.9603960396039604,2026-09-29
714858,1.68,6000,1.63,3.0674846625766876,2026-09-29
714859,1.98,10000,2.05,-3.4146341463414642,2026-09-29
714862,1.56,37000,1.32,18.18181818181818,2026-09-29
714863,2.31,25000,2.47,-6.477732793522267,2026-09-29
714864,1.98,932000,1.9,4.210526315789474,2026-09-29
714865,1.63,15000,1.3599999999999999,19.852941176470594,2026-09-29
714866,1.44,280000,1.39,3.597122302158274,2026-09-29
714870,3.4,529000,3.23,5.2631578947368425,2026-09-29
714871,1.18,35000,1.0799999999999998,9.259259259259261,2026-09-29
714872,1.38,12000,1.3199999999999998,4.545454545454546,2026-09-29
714873,3.8,177000,3.07,23.778501628664493,2026-09-29
714874,4.34,77000,4.3999999999999995,-1.3636363636363638,2026-09-29
714875,1.59,10000,1.55,2.5806451612903225,2026-09-29
714876,1.3,27000,1.34,-2.9850746268656714,2026-09-29
714877,2.03,216000,2.01,0.9950248756218907,2026-09-29
714878,1.51,25000,1.49,1.342281879194631,2026-09-29
714882,0.72,68000,0.74,-2.7027027027027026,2026-09-29
714883,1.72,5000,1.77,-2.824858757062147,2026-09-29
714884,1.47,115000,1.51,-2.6490066225165565,2026-09-29
714885,1.13,362000,1.15,-1.7391304347826086,2026-09-29
714887,3.31,12000,3.67,-9.809264305177113,2026-09-29
714888,2.29,8000,2.13,7.511737089201878,2026-09-29
714889,0.84,50000,0.8999999999999999,-6.666666666666667,2026-09-29
714890,1.76,1195000,1.72,2.3255813953488373,2026-09-29
714891,3.45,23000,3.37,2.3738872403560833,2026-09-29
714892,0.8,56000,0.79,1.2658227848101267,2026-09-29
714894,1.0,10000,1.0,0.0,2026-09-29
714895,1.03,172000,1.06,-2.830188679245283,2026-09-29
714897,1.44,22000,1.43,0.6993006993006994,2026-09-29
714898,3.29,15000,3.13,5.1118210862619815,2026-09-29
714899,2.35,76000,2.22,5.8558558558558556,2026-09-29
714900,4.81,19000,4.96,-3.0241935483870965,2026-09-29
714901,1.58,151000,1.6500000000000001,-4.242424242424243,2026-09-29
714902,1.43,24000,1.44,-0.6944444444444445,2026-09-29
714903,1.2,41000,1.26,-4.761904761904762,2026-09-29
714904,1.22,43000,1.27,-3.937007874015748,2026-09-29
714905,1.3,35000,1.42,-8.450704225352112,2026-09-29
714906,1.63,121000,1.65,-1.2121212121212124,2026-09-29
714907,1.29,117000,1.2,7.5,2026-09-29
714908,1.03,206000,0.97,6.185567010309279,2026-09-29
714910,2.19,14000,2.07,5.797101449275362,2026-09-29
714911,2.0,53000,1.97,1.5228426395939085,2026-09-29
714913,1.58,34000,1.53,3.2679738562091507,2026-09-29
714914,1.58,51000,1.5,5.333333333333334,2026-09-29
714915,1.58,782000,1.6300000000000001,-3.067484662576687,2026-09-29
714916,1.66,755000,1.67,-0.5988023952095809,2026-09-29
714917,1.74,667000,1.75,-0.5714285714285714,2026-09-29
714918,2.49,445000,2.6100000000000003,-4.597701149425286,2026-09-29
714919,1.72,88000,1.96,-12.244897959183673,2026-09-29
714920,1.52,120000,1.48,2.7027027027027026,2026-09-29
714922,0.9,15000,0.8400000000000001,7.142857142857142,2026-09-29
714930,1.13,464000,1.0099999999999998,11.881188118811883,2026-09-29
714932,0.82,69000,0.84,-2.3809523809523814,2026-09-29
714933,0.81,35000,0.78,3.846153846153846,2026-09-29
714934,1.87,110000,1.7100000000000002,9.35672514619883,2026-09-29
714935,1.31,5000,1.52,-13.815789473684209,2026-09-29
714936,0.85,30000,0.9199999999999999,-7.608695652173915,2026-09-29
714937,2.48,72000,2.21,12.217194570135748,2026-09-29
714938,2.19,20000,2.26,-3.0973451327433636,2026-09-29
714939,1.38,28000,1.3499999999999999,2.2222222222222223,2026-09-29
714942,0.85,14000,0.84,1.1904761904761907,2026-09-29
714944,2.0,94000,2.21,-9.502262443438914,2026-09-29
714945,2.46,20000,2.45,0.4081632653061224,2026-09-29
714949,2.29,493000,1.9,20.52631578947369,2026-09-29
714950,1.37,35000,1.35,1.4814814814814814,2026-09-29
714951,1.64,451000,1.2999999999999998,26.15384615384616,2026-09-29
714952,3.15,90000,3.1999999999999997,-1.5625000000000004,2026-09-29
714953,1.93,3338000,1.5899999999999999,21.383647798742142,2026-09-29
714954,2.2,75000,2.22,-0.9009009009009009,2026-09-29
714955,2.76,78000,2.53,9.090909090909092,2026-09-29
714957,4.84,9000,5.1499999999999995,-6.019417475728156,2026-09-29
714958,1.5,12000,1.57,-4.4585987261146505,2026-09-29
714959,3.11,22000,3.13,-0.6389776357827477,2026-09-29
714960,1.2,12000,1.23,-2.4390243902439024,2026-09-29
714963,3.35,15000,3.3000000000000003,1.5151515151515151,2026-09-29
714964,0.71,84000,0.6599999999999999,7.575757575757577,2026-09-29
714965,2.28,266000,2.3499999999999996,-2.97872340425532,2026-09-29
714966,1.96,226000,2.02,-2.9702970297029703,2026-09-29
714971,1.55,41000,1.62,-4.320987654320988,2026-09-29
714972,1.66,37000,1.68,-1.1904761904761907,2026-09-29
714973,1.71,37000,1.73,-1.1560693641618498,2026-09-29
714975,1.3,70000,1.34,-2.9850746268656714,2026-09-29
714976,1.42,23000,1.44,-1.388888888888889,2026-09-29
714977,1.53,73000,1.55,-1.2903225806451613,2026-09-29
714979,1.58,13000,1.51,4.635761589403973,2026-09-29
714980,1.07,197000,1.09,-1.8348623853211006,2026-09-29
714982,1.47,12000,1.44,2.083333333333333,2026-09-29
714984,1.15,20000,1.16,-0.8620689655172415,2026-09-29
714985,1.2,75000,1.21,-0.8264462809917356,2026-09-29
714987,1.08,96000,1.1,-1.8181818181818181,2026-09-29
714989,1.58,483000,1.59,-0.6289308176100629,2026-09-29
714990,1.48,57000,1.44,2.777777777777778,2026-09-29
714991,1.03,451000,0.93,10.75268817204301,2026-09-29
714992,0.9,752000,0.81,11.11111111111111,2026-09-29
714995,1.8,50000,1.3800000000000001,30.43478260869565,2026-09-29
714996,0.66,375000,0.65,1.5384615384615383,2026-09-29
714997,0.64,532000,0.66,-3.0303030303030303,2026-09-29
714999,1.54,249000,1.51,1.9867549668874174,2026-09-29
715000,1.53,4000,1.53,0.0,2026-09-29
715001,1.23,422000,1.23,0.0,2026-09-29
715002,0.82,450000,0.83,-1.2048192771084338,2026-09-29
715003,0.86,17000,0.87,-1.1494252873563218,2026-09-29
715004,1.25,215000,1.2,4.166666666666667,2026-09-29
715005,1.28,180000,1.15,11.304347826086957,2026-09-29
715006,0.89,192000,1.02,-12.745098039215685,2026-09-29
715007,1.8,286000,1.79,0.5586592178770949,2026-09-29
715009,1.07,119000,0.93,15.053763440860216,2026-09-29
715010,1.87,45000,1.9200000000000002,-2.6041666666666665,2026-09-29
715011,2.01,93000,2.05,-1.9512195121951224,2026-09-29
715014,0.87,62000,0.83,4.819277108433735,2026-09-29
715015,0.81,5000,0.74,9.45945945945946,2026-09-29
715017,0.77,18000,0.8,-3.75,2026-09-29
715019,0.94,106000,0.95,-1.0526315789473686,2026-09-29
715020,0.79,133000,0.8600000000000001,-8.139534883720929,2026-09-29
715021,0.75,114000,0.8,-6.25,2026-09-29
715022,1.15,22000,1.14,0.8771929824561405,2026-09-29
715024,0.88,56000,0.84,4.761904761904763,2026-09-29
715025,0.9,97000,0.85,5.882352941176471,2026-09-29
715026,0.91,155000,0.8400000000000001,8.333333333333332,2026-09-29
715027,0.88,183000,0.87,1.1494252873563218,2026-09-29
715028,1.36,124000,1.57,-13.375796178343949,2026-09-29
715030,1.07,56000,1.0,7.000000000000001,2026-09-29
715031,1.12,133000,1.08,3.7037037037037033,2026-09-29
715032,1.55,2077000,1.57,-1.2738853503184713,2026-09-29
715033,1.02,1156000,1.07,-4.672897196261682,2026-09-29
715034,0.58,123000,0.62,-6.451612903225806,2026-09-29
715035,1.77,54000,1.81,-2.209944751381215,2026-09-29
715038,0.68,397000,0.68,0.0,2026-09-29
715039,0.77,327000,0.78,-1.282051282051282,2026-09-29
715040,0.81,89000,0.8400000000000001,-3.571428571428571,2026-09-29
715041,1.98,117000,1.98,0.0,2026-09-29
715042,2.89,159000,2.7600000000000002,4.710144927536232,2026-09-29
715043,1.75,91000,1.59,10.062893081761006,2026-09-29
715044,1.26,8000,1.23,2.4390243902439024,2026-09-29
715045,1.59,10000,1.78,-10.674157303370785,2026-09-29
715046,1.69,1010000,1.77,-4.519774011299435,2026-09-29
715047,1.91,243000,1.99,-4.0201005025125625,2026-09-29
715048,1.4,101000,1.42,-1.4084507042253522,2026-09-29
715049,0.68,66000,0.66,3.0303030303030303,2026-09-29
715051,0.63,316000,0.64,-1.5625,2026-09-29
715052,0.57,68000,0.58,-1.724137931034483,2026-09-29
715053,0.62,48000,0.63,-1.5873015873015872,2026-09-29
715056,0.62,20000,0.62,0.0,2026-09-29
715057,0.63,24000,0.62,1.6129032258064515,2026-09-29
715058,0.66,632000,0.63,4.761904761904762,2026-09-29
715060,0.58,421000,0.58,0.0,2026-09-29
715064,3.78,6000,4.29,-11.888111888111888,2026-09-29
715066,1.46,14000,1.55,-5.806451612903225,2026-09-29
715071,1.44,100000,1.54,-6.493506493506494,2026-09-29
715072,2.4,65000,2.15,11.627906976744185,2026-09-29
715073,2.07,70000,1.88,10.106382978723405,2026-09-29
715074,0.96,239000,0.94,2.1276595744680855,2026-09-29
715075,0.75,149000,0.73,2.7397260273972606,2026-09-29
715077,1.49,112000,1.93,-22.797927461139896,2026-09-29
715078,2.06,8000,2.2600000000000002,-8.849557522123893,2026-09-29
715083,1.28,100000,1.45,-11.724137931034484,2026-09-29
715084,1.49,20000,1.81,-17.67955801104972,2026-09-29
715086,1.8,60000,2.02,-10.891089108910892,2026-09-29
715087,2.23,60000,2.48,-10.080645161290324,2026-09-29
715089,2.55,29000,2.5599999999999996,-0.3906250000000001,2026-09-29
715090,1.12,115000,1.1700000000000002,-4.2735042735042725,2026-09-29
715091,2.5,85000,2.5,0.0,2026-09-29
715093,2.7,2000,2.64,2.2727272727272725,2026-09-29
715094,1.42,74000,1.5799999999999998,-10.126582278481013,2026-09-29
715095,1.18,147000,1.1099999999999999,6.306306306306307,2026-09-29
715097,0.92,16000,0.88,4.545454545454546,2026-09-29
715100,1.07,84000,1.19,-10.084033613445378,2026-09-29
715101,0.99,42000,1.1099999999999999,-10.81081081081081,2026-09-29
715102,0.82,10000,0.96,-14.583333333333334,2026-09-29
715103,1.16,61000,1.29,-10.077519379844961,2026-09-29
715105,1.4,3000,1.43,-2.097902097902098,2026-09-29
715107,1.03,126000,1.05,-1.9047619047619047,2026-09-29
715108,1.39,505000,1.44,-3.4722222222222223,2026-09-29
715109,1.4,103000,1.41,-0.7092198581560284,2026-09-29
715110,1.39,56000,1.38,0.7246376811594204,2026-09-29
715111,1.24,5000,1.33,-6.7669172932330826,2026-09-29
715112,1.73,344000,1.76,-1.7045454545454544,2026-09-29
715113,1.4,9000,1.2899999999999998,8.527131782945737,2026-09-29
715116,1.13,27000,0.9899999999999999,14.141414141414144,2026-09-29
715120,1.26,3000,1.38,-8.695652173913043,2026-09-29
715129,1.14,5000,1.16,-1.724137931034483,2026-09-29
715130,0.95,20000,0.99,-4.040404040404041,2026-09-29
715131,1.27,5000,1.31,-3.0534351145038165,2026-09-29
715132,1.16,51000,1.0899999999999999,6.422018348623855,2026-09-29
715133,1.72,33000,1.74,-1.1494252873563218,2026-09-29
715136,1.02,88000,0.98,4.081632653061225,2026-09-29
715139,1.15,139000,1.14,0.8771929824561405,2026-09-29
715140,1.63,33000,1.8599999999999999,-12.365591397849464,2026-09-29
715141,1.97,5000,2.21,-10.85972850678733,2026-09-29
715142,2.96,5000,3.11,-4.823151125401929,2026-09-29
715143,2.25,1087000,2.05,9.756097560975611,2026-09-29
715144,1.32,40000,1.4300000000000002,-7.692307692307692,2026-09-29
715146,1.78,91000,1.83,-2.73224043715847,2026-09-29
715147,1.39,10000,1.39,0.0,2026-09-29
715148,1.26,266000,1.27,-0.7874015748031495,2026-09-29
715149,1.57,416000,1.56,0.641025641025641,2026-09-29
715150,0.97,125000,1.02,-4.901960784313726,2026-09-29
715151,1.18,75000,1.23,-4.065040650406504,2026-09-29
715152,1.45,280000,1.3599999999999999,6.61764705882353,2026-09-29
715154,0.78,200000,0.68,14.705882352941178,2026-09-29
715155,0.52,530000,0.47000000000000003,10.638297872340425,2026-09-29
715158,0.81,2000,0.8400000000000001,-3.571428571428571,2026-09-29
715161,0.81,460000,0.74,9.45945945945946,2026-09-29
715163,0.66,33000,0.64,3.125,2026-09-29
715165,0.71,246000,0.69,2.8985507246376816,2026-09-29
715166,0.68,45000,0.65,4.615384615384615,2026-09-29
715170,0.63,30000,0.65,-3.0769230769230766,2026-09-29
715172,0.68,22000,0.68,0.0,2026-09-29
715174,0.68,18000,0.67,1.4925373134328357,2026-09-29
715175,0.97,335000,0.85,14.117647058823529,2026-09-29
715176,0.48,35000,0.5599999999999999,-14.285714285714288,2026-09-29
715177,0.79,203000,0.73,8.21917808219178,2026-09-29
715178,0.61,72000,0.64,-4.6875,2026-09-29
715179,1.1,27000,1.05,4.761904761904762,2026-09-29
715183,0.92,15000,1.06,-13.20754716981132,2026-09-29
715190,1.02,111000,1.11,-8.108108108108107,2026-09-29
715192,0.73,1705000,0.77,-5.194805194805195,2026-09-29
715196,0.8,20000,0.79,1.2658227848101267,2026-09-29
715201,1.26,20000,1.38,-8.695652173913043,2026-09-29
715206,1.0,94000,0.91,9.89010989010989,2026-09-29
715211,1.19,103000,1.0999999999999999,8.181818181818183,2026-09-29
715212,1.08,30000,0.9500000000000001,13.684210526315788,2026-09-29
715217,1.68,108000,1.77,-5.084745762711864,2026-09-29
715220,1.26,16000,1.33,-5.2631578947368425,2026-09-29
715223,1.7,12000,1.67,1.7964071856287425,2026-09-29
715224,0.87,10000,0.92,-5.434782608695652,2026-09-29
715227,2.0,25000,1.9,5.2631578947368425,2026-09-29
715229,2.09,505000,1.9999999999999998,4.500000000000001,2026-09-29
715231,2.9,16000,2.94,-1.360544217687075,2026-09-29
715232,1.92,10000,1.97,-2.538071065989848,2026-09-29
715236,1.92,70000,2.03,-5.41871921182266,2026-09-29
715237,1.07,29000,0.9800000000000001,9.183673469387754,2026-09-29
715239,1.63,93000,1.5399999999999998,5.8441558441558445,2026-09-29
715246,1.03,2000,1.08,-4.62962962962963,2026-09-29
715251,1.52,3000,1.47,3.4013605442176873,2026-09-29
715254,1.49,40000,1.39,7.194244604316548,2026-09-29
715257,0.62,1000,0.74,-16.216216216216218,2026-09-29
715258,0.64,8000,0.64,0.0,2026-09-29
715260,1.22,25000,1.18,3.389830508474576,2026-09-29
715261,1.0,30000,1.0,0.0,2026-09-29
715263,0.96,16000,0.9199999999999999,4.347826086956522,2026-09-29
715266,0.68,149000,0.7100000000000001,-4.225352112676055,2026-09-29
715267,1.53,36000,1.67,-8.383233532934133,2026-09-29
715273,0.71,28000,0.63,12.698412698412698,2026-09-29
715279,0.54,18000,0.5700000000000001,-5.263157894736841,2026-09-29
715281,1.08,541000,1.1400000000000001,-5.263157894736841,2026-09-29
715283,1.49,86000,1.25,19.2,2026-09-29
715285,0.97,15000,0.97,0.0,2026-09-29
715288,1.58,84000,1.58,0.0,2026-09-29
715289,1.28,159000,1.35,-5.185185185185185,2026-09-29
715290,1.18,83000,1.29,-8.527131782945736,2026-09-29
715291,0.79,85000,0.9,-12.222222222222221,2026-09-29
715296,1.53,499000,1.43,6.993006993006993,2026-09-29
715297,2.27,5000,2.37,-4.219409282700422,2026-09-29
715298,2.84,19000,3.1399999999999997,-9.554140127388536,2026-09-29
715299,1.23,91000,1.31,-6.106870229007633,2026-09-29
715303,1.87,1035000,1.77,5.649717514124294,2026-09-29
715305,1.64,40000,1.63,0.6134969325153374,2026-09-29
715307,0.72,68000,0.78,-7.692307692307692,2026-09-29
715309,0.89,20000,0.8300000000000001,7.228915662650602,2026-09-29
715310,0.74,20000,0.78,-5.128205128205128,2026-09-29
715311,0.42,3000,0.55,-23.636363636363637,2026-09-29
715313,0.73,47000,0.6699999999999999,8.955223880597016,2026-09-29
715318,0.79,151000,0.7000000000000001,12.857142857142856,2026-09-29
715319,0.75,161000,0.66,13.636363636363635,2026-09-29
715329,2.09,28000,1.8499999999999999,12.972972972972974,2026-09-29
715340,3.25,2000,2.92,11.301369863013699,2026-09-29
715346,1.88,6000,1.8099999999999998,3.8674033149171274,2026-09-29
715347,2.8,2000,2.38,17.647058823529413,2026-09-29
715349,1.55,52000,1.6800000000000002,-7.738095238095237,2026-09-29
715353,1.6,20000,1.7200000000000002,-6.97674418604651,2026-09-29
715360,1.84,20000,2.02,-8.91089108910891,2026-09-29
715361,3.1,20000,3.67,-15.531335149863759,2026-09-29
715362,2.23,14000,1.95,14.358974358974361,2026-09-29
715371,1.65,2000,1.38,19.56521739130435,2026-09-29
715377,1.31,11000,1.23,6.504065040650407,2026-09-29
715386,0.89,20000,0.73,21.917808219178085,2026-09-29
715390,0.63,26000,0.71,-11.267605633802818,2026-09-29
715404,1.31,1852000,1.28,2.34375,2026-09-29
715406,0.97,50000,1.02,-4.901960784313726,2026-09-29
715416,0.77,2000,0.79,-2.5316455696202533,2026-09-29
715418,0.67,670000,0.7000000000000001,-4.285714285714285,2026-09-29
715427,0.57,15000,0.58,-1.724137931034483,2026-09-29
715428,1.33,1000,1.1400000000000001,16.666666666666664,2026-09-29
715429,1.64,300000,1.5299999999999998,7.189542483660132,2026-09-29
715430,1.15,3000,1.27,-9.448818897637794,2026-09-29
715432,1.0,200000,0.9299999999999999,7.526881720430109,2026-09-29
715447,2.86,28000,1.8199999999999998,57.14285714285715,2026-09-29
715448,0.71,15000,0.82,-13.414634146341465,2026-09-29
72610U,0.07,540000,0.08,-12.5,2026-09-29
72614U,0.13,28000,0.12000000000000001,8.333333333333332,2026-09-29
72622U,0.12,201000,0.09999999999999999,20.0,2026-09-29
726926,0.08,40000,0.07,14.285714285714285,2026-09-29
726927,0.14,131000,0.14,0.0,2026-09-29
72692U,0.04,9000,0.04,0.0,2026-09-29
72724U,0.01,100000,0.01,0.0,2026-09-29
72733U,0.16,43000,0.15,6.666666666666667,2026-09-29
72772U,0.12,100000,0.12,0.0,2026-09-29
728003,0.13,16000,0.07,85.7142857142857,2026-09-29
72818U,0.08,49000,0.08,0.0,2026-09-29
72843U,0.04,20000,0.05,-20.0,2026-09-29
728520,0.07,4000,0.060000000000000005,16.666666666666664,2026-09-29
72854U,0.06,26000,0.06999999999999999,-14.285714285714288,2026-09-29
72855U,0.2,966000,0.2,0.0,2026-09-29
72859U,0.22,9000,0.3,-26.666666666666668,2026-09-29
72860U,0.61,10000,0.85,-28.235294117647058,2026-09-29
72866U,0.28,47000,0.21000000000000002,33.33333333333333,2026-09-29
72867U,0.62,406000,0.55,12.727272727272728,2026-09-29
72868U,0.38,1300000,0.4,-5.0,2026-09-29
72872U,0.52,4000,0.51,1.9607843137254901,2026-09-29
72874U,0.38,2000,0.39,-2.564102564102564,2026-09-29
72875U,0.09,2000,0.11,-18.181818181818183,2026-09-29
72879U,0.06,202000,0.09,-33.33333333333333,2026-09-29
72889U,0.15,1000,0.18,-16.666666666666664,2026-09-29
728920,0.44,30000,0.6799999999999999,-35.294117647058826,2026-09-29
72894U,0.43,214000,0.51,-15.686274509803921,2026-09-29
72898U,0.09,630000,0.15,-40.0,2026-09-29
72899U,2.16,1000,2.17,-0.4608294930875576,2026-09-29
72900U,0.22,20000,0.26,-15.384615384615385,2026-09-29
72901U,0.54,100000,0.54,0.0,2026-09-29
72902U,0.92,5000,1.04,-11.538461538461538,2026-09-29
72903U,0.69,4000,0.7,-1.4285714285714286,2026-09-29
72906U,1.69,18000,1.29,31.007751937984494,2026-09-29
72907U,0.61,25000,0.61,0.0,2026-09-29
72908U,1.79,60000,1.81,-1.1049723756906076,2026-09-29
72918U,0.42,10000,0.42,0.0,2026-09-29
72921U,0.4,112000,0.4,0.0,2026-09-29
72922U,0.35,3000,0.35,0.0,2026-09-29
72925U,0.55,214000,0.5700000000000001,-3.508771929824561,2026-09-29
72928U,0.17,406000,0.18000000000000002,-5.555555555555555,2026-09-29
72932U,1.44,1000,1.45,-0.6896551724137931,2026-09-29
72933U,2.36,3000,2.52,-6.349206349206349,2026-09-29
72935U,1.69,62000,1.94,-12.886597938144332,2026-09-29
72936U,1.65,140000,1.63,1.2269938650306749,2026-09-29
72938U,0.9,16000,1.02,-11.76470588235294,2026-09-29
72941U,0.24,1000,0.19999999999999998,20.0,2026-09-29
72942U,0.71,998000,0.75,-5.333333333333334,2026-09-29
72952U,0.72,6000,0.7,2.857142857142857,2026-09-29
72954U,0.84,13000,0.83,1.2048192771084338,2026-09-29
72959U,0.2,64000,0.22,-9.090909090909092,2026-09-29
72965U,1.33,6000,1.33,0.0,2026-09-29
72966U,0.06,300000,0.09,-33.33333333333333,2026-09-29
72972U,0.1,501000,0.08,25.0,2026-09-29
72973U,0.58,15000,0.61,-4.918032786885246,2026-09-29
72976U,1.08,1000,1.12,-3.571428571428571,2026-09-29
72977U,0.3,301000,0.26,15.384615384615385,2026-09-29
72983U,0.94,501000,1.05,-10.476190476190476,2026-09-29
72988U,0.43,10000,0.44,-2.272727272727273,2026-09-29
72990U,0.71,75000,0.72,-1.388888888888889,2026-09-29
72993U,0.82,29000,0.8899999999999999,-7.865168539325844,2026-09-29
72994U,1.48,3000,1.43,3.4965034965034967,2026-09-29
72996U,0.58,167000,0.6399999999999999,-9.375000000000002,2026-09-29
73001U,0.73,2000,0.72,1.388888888888889,2026-09-29
73003U,0.79,31000,0.8400000000000001,-5.952380952380952,2026-09-29
73005U,0.51,10000,0.51,0.0,2026-09-29
73010U,0.36,20000,0.37,-2.7027027027027026,2026-09-29
73015U,0.83,4000,0.9299999999999999,-10.752688172043012,2026-09-29
73019U,0.41,30000,0.38,7.894736842105263,2026-09-29
73020U,0.28,30000,0.24000000000000002,16.666666666666664,2026-09-29
73022U,1.15,10000,1.14,0.8771929824561405,2026-09-29
73023U,0.28,10000,0.24000000000000002,16.666666666666664,2026-09-29
73024U,0.9,5000,0.97,-7.216494845360826,2026-09-29
73032U,0.75,21000,0.76,-1.3157894736842104,2026-09-29
73033U,0.81,381000,0.8400000000000001,-3.571428571428571,2026-09-29
73034U,0.45,24000,0.48,-6.25,2026-09-29
73036U,0.94,73000,0.94,0.0,2026-09-29
73039U,0.35,512000,0.38,-7.894736842105263,2026-09-29
73040U,1.2,105000,1.16,3.448275862068966,2026-09-29
73043U,0.39,287000,0.39,0.0,2026-09-29
73046U,0.52,40000,0.54,-3.7037037037037033,2026-09-29
73048U,1.42,194000,1.53,-7.18954248366013,2026-09-29
73051U,0.48,342000,0.54,-11.11111111111111,2026-09-29
73052U,0.77,88000,0.77,0.0,2026-09-29
73054U,0.8,19000,0.8500000000000001,-5.88235294117647,2026-09-29
73057U,1.51,17000,1.55,-2.5806451612903225,2026-09-29
73059U,0.73,18000,0.6699999999999999,8.955223880597016,2026-09-29
73061U,1.43,53000,1.42,0.7042253521126761,2026-09-29
73066U,0.85,2000,0.89,-4.49438202247191,2026-09-29
73067U,0.71,2000,0.76,-6.578947368421052,2026-09-29
73069U,1.82,71000,1.85,-1.6216216216216213,2026-09-29
73071U,0.38,1973000,0.33,15.151515151515152,2026-09-29
73072U,0.92,3000,0.9,2.2222222222222223,2026-09-29
73076U,1.04,266000,0.91,14.285714285714285,2026-09-29
73077U,0.48,10000,0.54,-11.11111111111111,2026-09-29
73078U,2.05,2000,2.23,-8.071748878923767,2026-09-29
73080U,1.02,75000,1.1400000000000001,-10.526315789473681,2026-09-29
73082U,1.86,15000,1.7000000000000002,9.411764705882353,2026-09-29
73083U,1.97,14000,1.9,3.68421052631579,2026-09-29
73084U,2.84,11000,2.8,1.4285714285714286,2026-09-29
73085U,0.82,23000,0.7699999999999999,6.493506493506494,2026-09-29
73088U,2.12,86000,2.02,4.9504950495049505,2026-09-29
73089U,2.68,266000,2.5900000000000003,3.474903474903474,2026-09-29
73090U,1.02,15000,1.03,-0.9708737864077669,2026-09-29
73092U,1.51,2000,1.48,2.027027027027027,2026-09-29
73093U,2.35,10000,2.21,6.3348416289592775,2026-09-29
73095U,0.9,10000,0.92,-2.1739130434782608,2026-09-29
73098U,0.98,2000,1.0,-2.0,2026-09-29
73099U,0.96,6000,1.02,-5.88235294117647,2026-09-29
73103U,1.36,36000,1.58,-13.924050632911392,2026-09-29
73104U,0.77,489000,0.81,-4.938271604938271,2026-09-29
73105U,0.54,32000,0.5900000000000001,-8.47457627118644,2026-09-29
73114U,0.79,78000,0.9400000000000001,-15.957446808510637,2026-09-29
73117U,0.71,48000,0.72,-1.388888888888889,2026-09-29
73118U,1.61,32000,1.6800000000000002,-4.166666666666666,2026-09-29
73119U,1.61,6000,1.6300000000000001,-1.2269938650306746,2026-09-29
73123U,2.02,2521000,1.86,8.602150537634408,2026-09-29
73124U,1.91,1812000,1.79,6.70391061452514,2026-09-29
73125U,1.57,10000,1.57,0.0,2026-09-29
73126U,1.18,43000,1.25,-5.6000000000000005,2026-09-29
73127U,0.91,3000,0.89,2.247191011235955,2026-09-29
73133U,0.62,10000,0.66,-6.0606060606060606,2026-09-29
73138U,1.0,1000,1.1,-9.090909090909092,2026-09-29
73141U,1.72,2000,1.69,1.7751479289940828,2026-09-29
73144U,2.27,15000,2.35,-3.404255319148936,2026-09-29
73145U,1.98,20000,1.97,0.5076142131979696,2026-09-29
73150U,2.2,110000,2.02,8.91089108910891,2026-09-29
73154U,1.48,64000,1.43,3.4965034965034967,2026-09-29
73164U,1.52,1000,1.57,-3.1847133757961785,2026-09-29
732545,0.03,408000,0.05,-40.0,2026-09-29
733411,0.61,68000,0.57,7.017543859649124,2026-09-29
733461,0.42,160000,0.42,0.0,2026-09-29
733653,0.01,10000,0.01,0.0,2026-09-29
733695,0.57,550000,0.49999999999999994,14.000000000000004,2026-09-29
733696,0.66,476000,0.66,0.0,2026-09-29
733958,0.25,31000,0.13,92.3076923076923,2026-09-29
734209,3.26,24000,3.21,1.5576323987538943,2026-09-29
734710,1.41,29000,1.5499999999999998,-9.032258064516132,2026-09-29
734785,4.55,2000,4.4799999999999995,1.5625000000000004,2026-09-29
734994,0.31,195000,0.3,3.3333333333333335,2026-09-29
735028,0.87,12000,0.76,14.473684210526317,2026-09-29
735029,1.84,50000,1.6400000000000001,12.195121951219512,2026-09-29
736154,1.05,45000,0.9600000000000001,9.374999999999998,2026-09-29
736160,12.4,8000,13.6,-8.823529411764707,2026-09-29
736244,9.45,11000,9.799999999999999,-3.571428571428572,2026-09-29
736349,0.47,18000,0.39999999999999997,17.500000000000004,2026-09-29
736351,0.16,10000,0.13,23.076923076923077,2026-09-29
736360,0.28,10000,0.28,0.0,2026-09-29
736427,0.14,10000,0.15000000000000002,-6.666666666666665,2026-09-29
736443,1.58,10000,1.75,-9.714285714285715,2026-09-29
736478,3.2,1000,3.02,5.960264900662252,2026-09-29
736479,1.18,59000,1.24,-4.838709677419355,2026-09-29
736604,1.37,41000,1.7000000000000002,-19.41176470588235,2026-09-29
736736,2.68,1000,2.45,9.387755102040817,2026-09-29
736934,8.85,14000,8.4,5.357142857142857,2026-09-29
737198,1.4,5000,1.5499999999999998,-9.67741935483871,2026-09-29
737321,0.82,1000,0.7699999999999999,6.493506493506494,2026-09-29
737930,2.0,18000,1.6,25.0,2026-09-29
738137,0.26,100000,0.26,0.0,2026-09-29
738281,0.2,5000,0.23,-13.043478260869565,2026-09-29
738288,0.32,34000,0.24,33.333333333333336,2026-09-29
738947,1.3,5000,1.6,-18.749999999999996,2026-09-29
739372,0.7,83000,0.58,20.689655172413794,2026-09-29
739385,0.83,18000,0.82,1.2195121951219512,2026-09-29
739425,0.03,1000,0.03,0.0,2026-09-29
739442,0.74,1000,0.73,1.3698630136986303,2026-09-29
7402,99.1,177863,99.8,-0.7014028056112225,2026-09-29
7547,65.3,203746,59.4,9.932659932659933,2026-09-29
7556,267.5,73776,264.5,1.1342155009451798,2026-09-29
7584,28.95,4024,27.2,6.433823529411765,2026-09-29
7642,68.5,35338,70.8,-3.248587570621469,2026-09-29
7703,199.5,34644,203.0,-1.7241379310344827,2026-09-29
7704,61.3,29088,62.0,-1.129032258064516,2026-09-29
7708,91.9,27454,91.80000000000001,0.10893246187363834,2026-09-29
7709,86.5,367763,87.7,-1.3683010262257695,2026-09-29
7712,161.0,112819,163.0,-1.2269938650306749,2026-09-29
7713,74.1,2020,73.8,0.40650406504065045,2026-09-29
7714,162.0,169059,166.0,-2.4096385542168677,2026-09-29
7715,27.6,33148,27.5,0.36363636363636365,2026-09-29
7716,23.9,5000,24.0,-0.4166666666666667,2026-09-29
7717,592.0,461986,594.0,-0.33670033670033667,2026-09-29
7718,46.7,4152,45.800000000000004,1.9650655021834058,2026-09-29
7723,18.3,35611,18.3,0.0,2026-09-29
7728,607.0,36489,595.0,2.0168067226890756,2026-09-29
7734,2680.0,187446,2750.0,-2.5454545454545454,2026-09-29
7738,156.0,7780,157.0,-0.6369426751592357,2026-09-29
7743,24.3,62313,25.400000000000002,-4.330708661417323,2026-09-29
7744,523.0,81532,543.0,-3.683241252302026,2026-09-29
7747,111.0,2586,112.0,-0.8928571428571428,2026-09-29
7751,1555.0,189002,1515.0,2.6402640264026402,2026-09-29
7753,35.6,21068,35.300000000000004,0.8498583569405098,2026-09-29
7757,90.5,20733,91.0,-0.5494505494505495,2026-09-29
7767,46.2,21017,46.650000000000006,-0.9646302250803858,2026-09-29
7770,42.95,21465,39.5,8.734177215189874,2026-09-29
7772,176.0,134978,180.0,-2.2222222222222223,2026-09-29
7777,35.6,1169242,35.550000000000004,0.14064697609001406,2026-09-29
7782,24.95,3001,25.3,-1.3833992094861658,2026-09-29
7792,416.0,1602475,435.5,-4.477611940298507,2026-09-29
7794,30.25,6066,30.0,0.8333333333333334,2026-09-29
7805,489.0,57421,498.0,-1.8072289156626504,2026-09-29
7810,227.5,94497,222.5,2.247191011235955,2026-09-29
7811,73.5,11000,73.5,0.0,2026-09-29
7814,28.4,10300,28.5,-0.3508771929824561,2026-09-29
7819,34.3,8443,34.349999999999994,-0.1455604075691412,2026-09-29
7820,108.5,5150,108.0,0.4629629629629629,2026-09-29
7825,83.6,552590,82.19999999999999,1.70316301703163,2026-09-29
7828,1900.0,174524,1970.0,-3.5532994923857872,2026-09-29
7839,43.3,9283,43.15,0.34762456546929316,2026-09-29
7842,98.6,1126,98.0,0.6122448979591837,2026-09-29
7856,4315.0,555221,4605.0,-6.297502714440825,2026-09-29
8024,12.55,28619,12.600000000000001,-0.3968253968253968,2026-09-29
8027,202.0,6347702,184.0,9.782608695652174,2026-09-29
8032,35.8,88333,36.0,-0.5555555555555556,2026-09-29
8034,20.5,65567,20.45,0.2444987775061125,2026-09-29
8038,32.45,89920,32.6,-0.460122699386503,2026-09-29
8040,100.0,8763123,94.5,5.82010582010582,2026-09-29
8042,111.5,2180640,114.0,-2.1929824561403506,2026-09-29
8043,131.5,619204,133.0,-1.1278195488721803,2026-09-29
8044,24.1,147297,23.85,1.0482180293501047,2026-09-29
8047,51.0,288315,49.2,3.6585365853658534,2026-09-29
8048,50.4,89827,50.1,0.5988023952095808,2026-09-29
8049,24.5,152388,24.5,0.0,2026-09-29
8050,65.7,6037266,61.2,7.352941176470589,2026-09-29
8054,87.2,1175822,84.60000000000001,3.0732860520094563,2026-09-29
8059,17.3,120630,17.7,-2.259887005649718,2026-09-29
8064,141.5,22141270,139.0,1.7985611510791366,2026-09-29
8066,15.0,10262,14.8,1.3513513513513513,2026-09-29
8067,12.3,4040,11.8,4.23728813559322,2026-09-29
8068,17.6,196740,17.85,-1.4005602240896358,2026-09-29
8069,142.5,8504753,146.0,-2.3972602739726026,2026-09-29
8071,21.85,177725,21.900000000000002,-0.228310502283105,2026-09-29
8074,50.8,151285,51.0,-0.39215686274509803,2026-09-29
8076,21.5,452486,21.7,-0.9216589861751152,2026-09-29
8080,28.0,23103,28.05,-0.17825311942959002,2026-09-29
8083,155.5,36310,155.5,0.0,2026-09-29
8084,29.8,541516,33.1,-9.969788519637461,2026-09-29
8085,14.25,103129,14.2,0.35211267605633806,2026-09-29
8086,110.0,737197,110.5,-0.4524886877828055,2026-09-29
8087,23.0,26209,23.25,-1.0752688172043012,2026-09-29
8088,42.25,181476,41.85,0.955794504181601,2026-09-29
8089,19.15,90972,19.25,-0.5194805194805194,2026-09-29
8091,220.0,234842,216.5,1.6166281755196306,2026-09-29
8092,12.55,67642,12.9,-2.713178294573643,2026-09-29
8093,23.85,20344,23.25,2.5806451612903225,2026-09-29
8096,88.7,4618928,84.60000000000001,4.846335697399526,2026-09-29
8097,48.15,267077,48.15,0.0,2026-09-29
8099,59.8,21430,60.5,-1.1570247933884297,2026-09-29
8107,12.05,16109,12.15,-0.823045267489712,2026-09-29
8109,134.5,171040,132.0,1.893939393939394,2026-09-29
8111,79.7,12593145,76.4,4.319371727748691,2026-09-29
8121,31.9,3623181,30.65,4.078303425774878,2026-09-29
8147,148.0,738201,136.5,8.424908424908425,2026-09-29
8155,306.0,2027409,336.0,-8.928571428571429,2026-09-29
8171,20.6,199428,20.450000000000003,0.7334963325183373,2026-09-29
8176,9.78,95316,9.78,0.0,2026-09-29
8182,41.2,1576692,40.45,1.8541409147095178,2026-09-29
8227,337.0,2527034,306.5,9.9510603588907,2026-09-29
8234,62.1,283856,61.2,1.4705882352941175,2026-09-29
8240,54.5,4472780,52.0,4.807692307692308,2026-09-29
8255,145.0,267449,142.5,1.7543859649122806,2026-09-29
8272,65.5,1119,63.5,3.149606299212598,2026-09-29
8277,15.6,118349,15.75,-0.9523809523809523,2026-09-29
8279,78.7,31394,78.2,0.639386189258312,2026-09-29
8284,68.0,13130,68.0,0.0,2026-09-29
8289,46.05,718771,44.75,2.905027932960894,2026-09-29
8291,28.9,10031,29.75,-2.857142857142857,2026-09-29
8299,2115.0,2235777,2125.0,-0.4705882352941176,2026-09-29
8342,83.5,7000,83.8,-0.35799522673031026,2026-09-29
8349,39.6,139618,39.6,0.0,2026-09-29
8349A,45.35,14000,45.5,-0.32967032967032966,2026-09-29
8354,16.9,13164,17.099999999999998,-1.1695906432748542,2026-09-29
8358,498.0,13842988,511.0,-2.5440313111545985,2026-09-29
8383,67.6,561865,67.89999999999999,-0.4418262150220914,2026-09-29
8390,89.4,285136,90.0,-0.6666666666666666,2026-09-29
8401,22.75,8663,22.75,0.0,2026-09-29
8403,19.05,31669,18.95,0.5277044854881268,2026-09-29
8409,18.0,7014,18.1,-0.5524861878453038,2026-09-29
8410,28.0,29677,27.8,0.7194244604316548,2026-09-29
8415,35.15,582077,35.449999999999996,-0.846262341325811,2026-09-29
8416,169.0,3597,169.0,0.0,2026-09-29
8421,12.85,25911,12.799999999999999,0.3906250000000001,2026-09-29
8423,18.05,7118,18.05,0.0,2026-09-29
8424,70.0,9367,70.8,-1.129943502824859,2026-09-29
8426,20.65,42001,20.599999999999998,0.24271844660194178,2026-09-29
8431,66.3,2595935,63.3,4.739336492890995,2026-09-29
8432,50.6,68181,50.2,0.796812749003984,2026-09-29
8433,53.0,7152,52.7,0.5692599620493358,2026-09-29
8435,53.0,14392,52.9,0.1890359168241966,2026-09-29
8436,105.5,393237,105.0,0.4761904761904762,2026-09-29
8437,10.1,111427,10.65,-5.164319248826291,2026-09-29
8440,20.95,112884,20.25,3.45679012345679,2026-09-29
8444,4.4,2001,4.4,0.0,2026-09-29
8446,84.4,15906,84.7,-0.3541912632821723,2026-09-29
8450,14.4,28941,14.35,0.34843205574912894,2026-09-29
8455,22.1,1100,22.1,0.0,2026-09-29
8472,73.1,17669,77.0,-5.064935064935065,2026-09-29
8477,14.1,9645,14.35,-1.7421602787456445,2026-09-29
8489,22.25,63100,22.55,-1.3303769401330374,2026-09-29
8905,35.15,13410,34.8,1.0057471264367817,2026-09-29
8906,28.8,8038,29.0,-0.6896551724137931,2026-09-29
8908,40.25,47048,40.05,0.4993757802746568,2026-09-29
8916,41.1,72703,40.85,0.6119951040391677,2026-09-29
8917,54.5,5122,55.0,-0.9090909090909091,2026-09-29
8923,18.45,11000,18.5,-0.2702702702702703,2026-09-29
8924,49.4,31922,49.3,0.20283975659229214,2026-09-29
8927,18.8,74429,19.0,-1.0526315789473684,2026-09-29
8928,22.9,16444,23.299999999999997,-1.716738197424893,2026-09-29
8929,12.9,6488,12.950000000000001,-0.3861003861003861,2026-09-29
8930,28.7,20326,28.8,-0.34722222222222227,2026-09-29
8931,43.15,82102,43.05,0.23228803716608598,2026-09-29
8932,93.4,717838,92.60000000000001,0.8639308855291578,2026-09-29
8933,4.58,43962,4.57,0.2188183807439825,2026-09-29
8935,19.3,265045,17.55,9.971509971509972,2026-09-29
8936,51.9,535145,52.1,-0.38387715930902117,2026-09-29
8937,25.1,372376,26.6,-5.639097744360902,2026-09-29
8938,52.7,44476,52.1,1.151631477927063,2026-09-29
8941,44.0,3127,44.0,0.0,2026-09-29
8942,40.2,133435,40.5,-0.7407407407407407,2026-09-29
9949,24.25,9492,24.0,1.0416666666666665,2026-09-29
9950,10.25,12098,10.3,-0.48543689320388345,2026-09-29
9951,47.1,136337,47.65,-1.1542497376705143,2026-09-29
9960,41.2,77699,39.35,4.701397712833545,2026-09-29
9962,10.15,149591,10.1,0.49504950495049505,2026-09-29
